-- phpMyAdmin SQL Dump
-- version 5.2.1
-- https://www.phpmyadmin.net/
--
-- Host: 127.0.0.1:3306
-- Generation Time: Dec 13, 2024 at 04:06 AM
-- Server version: 10.11.10-MariaDB
-- PHP Version: 7.2.34

SET SQL_MODE = "NO_AUTO_VALUE_ON_ZERO";
START TRANSACTION;
SET time_zone = "+00:00";


/*!40101 SET @OLD_CHARACTER_SET_CLIENT=@@CHARACTER_SET_CLIENT */;
/*!40101 SET @OLD_CHARACTER_SET_RESULTS=@@CHARACTER_SET_RESULTS */;
/*!40101 SET @OLD_COLLATION_CONNECTION=@@COLLATION_CONNECTION */;
/*!40101 SET NAMES utf8mb4 */;

--
-- Database: `u614278628_student_portal`
--

-- --------------------------------------------------------

--
-- Table structure for table `buildings`
--

CREATE TABLE `buildings` (
  `id` bigint(20) UNSIGNED NOT NULL,
  `name` varchar(255) NOT NULL,
  `is_active` tinyint(1) NOT NULL DEFAULT 1,
  `deleted_at` timestamp NULL DEFAULT NULL,
  `created_at` timestamp NULL DEFAULT NULL,
  `updated_at` timestamp NULL DEFAULT NULL
) ENGINE=InnoDB DEFAULT CHARSET=utf8mb4 COLLATE=utf8mb4_unicode_ci;

--
-- Dumping data for table `buildings`
--

INSERT INTO `buildings` (`id`, `name`, `is_active`, `deleted_at`, `created_at`, `updated_at`) VALUES
(1, 'Building A', 1, NULL, NULL, NULL),
(2, 'Lysanne Farrell', 1, NULL, '2024-12-13 03:06:33', '2024-12-13 03:06:33'),
(3, 'Ms. Leslie Streich', 1, NULL, '2024-12-13 03:06:33', '2024-12-13 03:06:33'),
(4, 'Michel Marvin', 1, NULL, '2024-12-13 03:06:33', '2024-12-13 03:06:33'),
(5, 'Rocky Treutel', 1, NULL, '2024-12-13 03:06:33', '2024-12-13 03:06:33'),
(6, 'Kaitlyn Yundt MD', 1, NULL, '2024-12-13 03:06:33', '2024-12-13 03:06:33'),
(7, 'Mrs. Abigayle Johnson', 1, NULL, '2024-12-13 03:06:33', '2024-12-13 03:06:33'),
(8, 'Dr. Carlotta Keebler II', 1, NULL, '2024-12-13 03:06:33', '2024-12-13 03:06:33'),
(9, 'Olga Crona', 1, NULL, '2024-12-13 03:06:33', '2024-12-13 03:06:33'),
(10, 'Ms. Brianne Monahan', 1, NULL, '2024-12-13 03:06:33', '2024-12-13 03:06:33'),
(11, 'Prof. Kip Klein PhD', 1, NULL, '2024-12-13 03:06:33', '2024-12-13 03:06:33'),
(12, 'Agustin Glover', 1, NULL, '2024-12-13 03:06:33', '2024-12-13 03:06:33'),
(13, 'Hailie Brekke', 1, NULL, '2024-12-13 03:06:33', '2024-12-13 03:06:33'),
(14, 'Pauline Considine I', 1, NULL, '2024-12-13 03:06:33', '2024-12-13 03:06:33'),
(15, 'Mrs. Janie Schroeder', 1, NULL, '2024-12-13 03:06:33', '2024-12-13 03:06:33'),
(16, 'Mr. Ervin Conroy DDS', 1, NULL, '2024-12-13 03:06:33', '2024-12-13 03:06:33'),
(17, 'Franco Durgan III', 1, NULL, '2024-12-13 03:06:33', '2024-12-13 03:06:33'),
(18, 'Prof. Estevan Krajcik Sr.', 1, NULL, '2024-12-13 03:06:33', '2024-12-13 03:06:33'),
(19, 'Darrion Ullrich PhD', 1, NULL, '2024-12-13 03:06:33', '2024-12-13 03:06:33'),
(20, 'Khalil Hodkiewicz', 1, NULL, '2024-12-13 03:06:33', '2024-12-13 03:06:33'),
(21, 'Nikko Mills III', 1, NULL, '2024-12-13 03:06:33', '2024-12-13 03:06:33'),
(22, 'Tressie Kuhic', 1, NULL, '2024-12-13 03:06:33', '2024-12-13 03:06:33'),
(23, 'Megane Shanahan', 1, NULL, '2024-12-13 03:06:33', '2024-12-13 03:06:33'),
(24, 'Jarret Spinka', 1, NULL, '2024-12-13 03:06:33', '2024-12-13 03:06:33'),
(25, 'Miss Laurie West', 1, NULL, '2024-12-13 03:06:33', '2024-12-13 03:06:33'),
(26, 'Tyrese Kunze', 1, NULL, '2024-12-13 03:06:33', '2024-12-13 03:06:33'),
(27, 'Dr. Jacynthe Baumbach', 1, NULL, '2024-12-13 03:06:33', '2024-12-13 03:06:33'),
(28, 'Hassie Rice', 1, NULL, '2024-12-13 03:06:33', '2024-12-13 03:06:33'),
(29, 'Forest Buckridge', 1, NULL, '2024-12-13 03:06:33', '2024-12-13 03:06:33'),
(30, 'Prof. Brock Stark DVM', 1, NULL, '2024-12-13 03:06:33', '2024-12-13 03:06:33'),
(31, 'Jada Herzog I', 1, NULL, '2024-12-13 03:06:33', '2024-12-13 03:06:33'),
(32, 'Colby Franecki', 1, NULL, '2024-12-13 03:06:33', '2024-12-13 03:06:33'),
(33, 'Makenna Halvorson PhD', 1, NULL, '2024-12-13 03:06:33', '2024-12-13 03:06:33'),
(34, 'Dr. Cecile Greenfelder', 1, NULL, '2024-12-13 03:06:33', '2024-12-13 03:06:33'),
(35, 'Conor Johnston', 1, NULL, '2024-12-13 03:06:33', '2024-12-13 03:06:33'),
(36, 'Prof. Mara Ullrich DVM', 1, NULL, '2024-12-13 03:06:33', '2024-12-13 03:06:33'),
(37, 'Violette Leffler', 1, NULL, '2024-12-13 03:06:33', '2024-12-13 03:06:33'),
(38, 'Prof. Nakia Volkman I', 1, NULL, '2024-12-13 03:06:33', '2024-12-13 03:06:33'),
(39, 'Malcolm Zulauf', 1, NULL, '2024-12-13 03:06:33', '2024-12-13 03:06:33'),
(40, 'Nicolette Stanton', 1, NULL, '2024-12-13 03:06:33', '2024-12-13 03:06:33'),
(41, 'Alexa Kuhn', 1, NULL, '2024-12-13 03:06:33', '2024-12-13 03:06:33'),
(42, 'Al DuBuque', 1, NULL, '2024-12-13 03:06:33', '2024-12-13 03:06:33'),
(43, 'Mrs. Ines Rice PhD', 1, NULL, '2024-12-13 03:06:33', '2024-12-13 03:06:33'),
(44, 'Mr. Leone Nienow MD', 1, NULL, '2024-12-13 03:06:33', '2024-12-13 03:06:33'),
(45, 'Sigmund Gerlach', 1, NULL, '2024-12-13 03:06:33', '2024-12-13 03:06:33'),
(46, 'Hal Gaylord', 1, NULL, '2024-12-13 03:06:33', '2024-12-13 03:06:33'),
(47, 'Unique Yost DVM', 1, NULL, '2024-12-13 03:06:33', '2024-12-13 03:06:33'),
(48, 'Major Flatley', 1, NULL, '2024-12-13 03:06:33', '2024-12-13 03:06:33'),
(49, 'Prof. Deion Hettinger I', 1, NULL, '2024-12-13 03:06:33', '2024-12-13 03:06:33'),
(50, 'Jarrell Hansen', 1, NULL, '2024-12-13 03:06:33', '2024-12-13 03:06:33'),
(51, 'Hank Fisher', 1, NULL, '2024-12-13 03:06:33', '2024-12-13 03:06:33'),
(52, 'Ms. Marilou DuBuque', 1, NULL, '2024-12-13 03:06:33', '2024-12-13 03:06:33'),
(53, 'Catherine Emard I', 1, NULL, '2024-12-13 03:06:33', '2024-12-13 03:06:33'),
(54, 'Kacey Klein', 1, NULL, '2024-12-13 03:06:33', '2024-12-13 03:06:33'),
(55, 'Guiseppe Nolan', 1, NULL, '2024-12-13 03:06:33', '2024-12-13 03:06:33'),
(56, 'Katlynn Effertz', 1, NULL, '2024-12-13 03:06:33', '2024-12-13 03:06:33'),
(57, 'Pierre Graham I', 1, NULL, '2024-12-13 03:06:33', '2024-12-13 03:06:33'),
(58, 'Marcelina Zulauf Sr.', 1, NULL, '2024-12-13 03:06:33', '2024-12-13 03:06:33'),
(59, 'Mr. Maxime Bergstrom I', 1, NULL, '2024-12-13 03:06:33', '2024-12-13 03:06:33'),
(60, 'Luther Spinka', 1, NULL, '2024-12-13 03:06:33', '2024-12-13 03:06:33'),
(61, 'Mr. Luciano Schinner', 1, NULL, '2024-12-13 03:06:33', '2024-12-13 03:06:33'),
(62, 'Ryley Pfannerstill', 1, NULL, '2024-12-13 03:06:33', '2024-12-13 03:06:33'),
(63, 'Jaquelin Steuber', 1, NULL, '2024-12-13 03:06:33', '2024-12-13 03:06:33'),
(64, 'Russ Nienow', 1, NULL, '2024-12-13 03:06:33', '2024-12-13 03:06:33'),
(65, 'Donny Zemlak', 1, NULL, '2024-12-13 03:06:33', '2024-12-13 03:06:33'),
(66, 'Ludwig Davis', 1, NULL, '2024-12-13 03:06:33', '2024-12-13 03:06:33'),
(67, 'Dariana Mayer Sr.', 1, NULL, '2024-12-13 03:06:33', '2024-12-13 03:06:33'),
(68, 'Dr. Miguel Quigley', 1, NULL, '2024-12-13 03:06:33', '2024-12-13 03:06:33'),
(69, 'Zack Strosin', 1, NULL, '2024-12-13 03:06:33', '2024-12-13 03:06:33'),
(70, 'Prof. Zion Maggio DVM', 1, NULL, '2024-12-13 03:06:33', '2024-12-13 03:06:33'),
(71, 'Eloy Stokes', 1, NULL, '2024-12-13 03:06:33', '2024-12-13 03:06:33'),
(72, 'Bonnie Volkman', 1, NULL, '2024-12-13 03:06:33', '2024-12-13 03:06:33'),
(73, 'Prof. Vida Gislason DVM', 1, NULL, '2024-12-13 03:06:33', '2024-12-13 03:06:33'),
(74, 'Forrest Mills Sr.', 1, NULL, '2024-12-13 03:06:33', '2024-12-13 03:06:33'),
(75, 'Ewald Leuschke', 1, NULL, '2024-12-13 03:06:33', '2024-12-13 03:06:33'),
(76, 'Talon Watsica', 1, NULL, '2024-12-13 03:06:33', '2024-12-13 03:06:33'),
(77, 'Monique Schumm', 1, NULL, '2024-12-13 03:06:33', '2024-12-13 03:06:33'),
(78, 'Melvina Sporer', 1, NULL, '2024-12-13 03:06:33', '2024-12-13 03:06:33'),
(79, 'Ms. Bianka Borer', 1, NULL, '2024-12-13 03:06:33', '2024-12-13 03:06:33'),
(80, 'Riley Franecki', 1, NULL, '2024-12-13 03:06:33', '2024-12-13 03:06:33'),
(81, 'Miss Anais Thiel', 1, NULL, '2024-12-13 03:06:33', '2024-12-13 03:06:33'),
(82, 'Mollie Kuhic DDS', 1, NULL, '2024-12-13 03:06:33', '2024-12-13 03:06:33'),
(83, 'Abner Nader', 1, NULL, '2024-12-13 03:06:33', '2024-12-13 03:06:33'),
(84, 'Barry Ullrich', 1, NULL, '2024-12-13 03:06:33', '2024-12-13 03:06:33'),
(85, 'Deja Rau', 1, NULL, '2024-12-13 03:06:33', '2024-12-13 03:06:33'),
(86, 'Ayla Rempel', 1, NULL, '2024-12-13 03:06:33', '2024-12-13 03:06:33'),
(87, 'Lois Fay', 1, NULL, '2024-12-13 03:06:33', '2024-12-13 03:06:33'),
(88, 'Marion Altenwerth V', 1, NULL, '2024-12-13 03:06:33', '2024-12-13 03:06:33'),
(89, 'Deshaun Hahn DDS', 1, NULL, '2024-12-13 03:06:33', '2024-12-13 03:06:33'),
(90, 'Dr. Jacques Harvey', 1, NULL, '2024-12-13 03:06:33', '2024-12-13 03:06:33'),
(91, 'Mr. Kirk Little Jr.', 1, NULL, '2024-12-13 03:06:33', '2024-12-13 03:06:33'),
(92, 'Chaz Kassulke', 1, NULL, '2024-12-13 03:06:33', '2024-12-13 03:06:33'),
(93, 'Quentin Lemke', 1, NULL, '2024-12-13 03:06:33', '2024-12-13 03:06:33'),
(94, 'Dr. Sandrine Heaney', 1, NULL, '2024-12-13 03:06:33', '2024-12-13 03:06:33'),
(95, 'Andreane Rippin', 1, NULL, '2024-12-13 03:06:33', '2024-12-13 03:06:33'),
(96, 'Prof. Ursula Collier', 1, NULL, '2024-12-13 03:06:33', '2024-12-13 03:06:33'),
(97, 'Darien Schmidt', 1, NULL, '2024-12-13 03:06:33', '2024-12-13 03:06:33'),
(98, 'Mrs. Raina Johns V', 1, NULL, '2024-12-13 03:06:33', '2024-12-13 03:06:33'),
(99, 'Dr. Marisol Wisoky III', 1, NULL, '2024-12-13 03:06:33', '2024-12-13 03:06:33'),
(100, 'Deja Renner', 1, NULL, '2024-12-13 03:06:33', '2024-12-13 03:06:33'),
(101, 'Mr. Wyatt King', 1, NULL, '2024-12-13 03:06:33', '2024-12-13 03:06:33');

-- --------------------------------------------------------

--
-- Table structure for table `building_rooms`
--

CREATE TABLE `building_rooms` (
  `id` bigint(20) UNSIGNED NOT NULL,
  `building_id` bigint(20) UNSIGNED NOT NULL,
  `room_id` bigint(20) UNSIGNED NOT NULL,
  `created_at` timestamp NULL DEFAULT NULL,
  `updated_at` timestamp NULL DEFAULT NULL
) ENGINE=InnoDB DEFAULT CHARSET=utf8mb4 COLLATE=utf8mb4_unicode_ci;

-- --------------------------------------------------------

--
-- Table structure for table `cache`
--

CREATE TABLE `cache` (
  `key` varchar(255) NOT NULL,
  `value` mediumtext NOT NULL,
  `expiration` int(11) NOT NULL
) ENGINE=InnoDB DEFAULT CHARSET=utf8mb4 COLLATE=utf8mb4_unicode_ci;

--
-- Dumping data for table `cache`
--

INSERT INTO `cache` (`key`, `value`, `expiration`) VALUES
('6d01640a930f6b8bf39ab01866e5b01e', 'i:1;', 1734060848),
('6d01640a930f6b8bf39ab01866e5b01e:timer', 'i:1734060848;', 1734060848),
('8e013d5675201347dc6250868e609b63', 'i:1;', 1734059993),
('8e013d5675201347dc6250868e609b63:timer', 'i:1734059993;', 1734059993),
('b13436b2c0a6d73c9709c0790dd4244c', 'i:1;', 1734062131),
('b13436b2c0a6d73c9709c0790dd4244c:timer', 'i:1734062131;', 1734062131),
('dc44958e29ffba8b810d21377ae366b5', 'i:1;', 1734059270),
('dc44958e29ffba8b810d21377ae366b5:timer', 'i:1734059270;', 1734059270);

-- --------------------------------------------------------

--
-- Table structure for table `cache_locks`
--

CREATE TABLE `cache_locks` (
  `key` varchar(255) NOT NULL,
  `owner` varchar(255) NOT NULL,
  `expiration` int(11) NOT NULL
) ENGINE=InnoDB DEFAULT CHARSET=utf8mb4 COLLATE=utf8mb4_unicode_ci;

-- --------------------------------------------------------

--
-- Table structure for table `departments`
--

CREATE TABLE `departments` (
  `id` bigint(20) UNSIGNED NOT NULL,
  `name` varchar(255) NOT NULL,
  `course` varchar(255) NOT NULL,
  `deleted_at` timestamp NULL DEFAULT NULL,
  `created_at` timestamp NULL DEFAULT NULL,
  `updated_at` timestamp NULL DEFAULT NULL
) ENGINE=InnoDB DEFAULT CHARSET=utf8mb4 COLLATE=utf8mb4_unicode_ci;

--
-- Dumping data for table `departments`
--

INSERT INTO `departments` (`id`, `name`, `course`, `deleted_at`, `created_at`, `updated_at`) VALUES
(1, 'Department 1', 'Bachelor of Science in Chemical Engineering', NULL, NULL, NULL),
(2, 'Department 2', 'Bachelor of Science in Information Technology', NULL, NULL, NULL),
(3, 'Department 3', 'Bachelor of Science in Nursing', NULL, NULL, NULL),
(4, 'Department 4', 'Caregiving NC II', NULL, NULL, NULL),
(5, 'Department 5', 'Bachelor of Elementary Education', NULL, NULL, NULL),
(6, 'Department 6', 'Bachelor of Secondary Education', NULL, NULL, NULL),
(7, 'Department 7', 'Bachelor of Science in Business Administration', NULL, NULL, NULL),
(8, 'Department 8', 'Bachelor of Science in Accountancy', NULL, NULL, NULL),
(9, 'Department 9', 'Bachelor of Science in Entrepreneurship', NULL, NULL, NULL),
(10, 'Department 10', 'Bachelor of Science in Accountancy', NULL, NULL, NULL),
(11, 'Department 11', 'Bachelor of Science in Entrepreneurship', NULL, NULL, NULL),
(12, 'Department 12', 'Bachelor of Science in Accounting Management', NULL, NULL, NULL),
(13, 'Department 13', 'Bachelor of Science in Accounting Information System', NULL, NULL, NULL);

-- --------------------------------------------------------

--
-- Table structure for table `department_students`
--

CREATE TABLE `department_students` (
  `id` bigint(20) UNSIGNED NOT NULL,
  `department_id` bigint(20) UNSIGNED NOT NULL,
  `student_id` bigint(20) UNSIGNED NOT NULL,
  `created_at` timestamp NULL DEFAULT NULL,
  `updated_at` timestamp NULL DEFAULT NULL
) ENGINE=InnoDB DEFAULT CHARSET=utf8mb4 COLLATE=utf8mb4_unicode_ci;

--
-- Dumping data for table `department_students`
--

INSERT INTO `department_students` (`id`, `department_id`, `student_id`, `created_at`, `updated_at`) VALUES
(1, 1, 1, NULL, NULL),
(2, 2, 2, NULL, NULL),
(13, 1, 1, NULL, NULL),
(14, 2, 2, NULL, NULL),
(15, 3, 23, NULL, NULL),
(16, 4, 48, NULL, NULL),
(17, 10, 269, NULL, NULL),
(18, 9, 95, NULL, NULL),
(19, 5, 73, NULL, NULL),
(20, 7, 97, NULL, NULL),
(21, 6, 122, NULL, NULL),
(22, 8, 147, NULL, NULL),
(23, 12, 245, NULL, NULL),
(24, 13, 146, NULL, NULL);

-- --------------------------------------------------------

--
-- Table structure for table `department_teachers`
--

CREATE TABLE `department_teachers` (
  `id` bigint(20) UNSIGNED NOT NULL,
  `department_id` bigint(20) UNSIGNED NOT NULL,
  `teacher_id` bigint(20) UNSIGNED NOT NULL,
  `created_at` timestamp NULL DEFAULT NULL,
  `updated_at` timestamp NULL DEFAULT NULL
) ENGINE=InnoDB DEFAULT CHARSET=utf8mb4 COLLATE=utf8mb4_unicode_ci;

--
-- Dumping data for table `department_teachers`
--

INSERT INTO `department_teachers` (`id`, `department_id`, `teacher_id`, `created_at`, `updated_at`) VALUES
(13, 1, 1, NULL, NULL),
(14, 2, 2, NULL, NULL),
(15, 3, 4, NULL, NULL),
(16, 4, 5, NULL, NULL),
(17, 10, 11, NULL, NULL),
(18, 9, 10, NULL, NULL),
(19, 5, 6, NULL, NULL),
(20, 7, 8, NULL, NULL),
(21, 6, 7, NULL, NULL),
(22, 8, 1021, NULL, NULL),
(23, 12, 1021, NULL, NULL),
(24, 13, 1021, NULL, NULL);

-- --------------------------------------------------------

--
-- Table structure for table `evaluations`
--

CREATE TABLE `evaluations` (
  `id` bigint(20) UNSIGNED NOT NULL,
  `title` varchar(255) NOT NULL,
  `description` varchar(255) DEFAULT NULL,
  `order` int(11) NOT NULL,
  `rating_scale` varchar(255) DEFAULT NULL,
  `is_active` tinyint(1) NOT NULL DEFAULT 1,
  `created_at` timestamp NULL DEFAULT NULL,
  `updated_at` timestamp NULL DEFAULT NULL
) ENGINE=InnoDB DEFAULT CHARSET=utf8mb4 COLLATE=utf8mb4_unicode_ci;

--
-- Dumping data for table `evaluations`
--

INSERT INTO `evaluations` (`id`, `title`, `description`, `order`, `rating_scale`, `is_active`, `created_at`, `updated_at`) VALUES
(1, 'Teacher Performance Evaluation', 'Evaluate your teacher\'s performance for this semester', 1, '1-Poor, 2-Fair, 3-Good, 4-Very Good, 5-Excellent', 1, '2024-12-13 03:06:33', '2024-12-13 03:06:33'),
(2, 'Illo debitis rerum aut.', 'Cupiditate totam non eveniet recusandae. Incidunt aut enim fuga sit quis consequatur beatae consequatur.', 82, '1-Poor, 2-Fair, 3-Good, 4-Very Good, 5-Excellent', 1, '2024-12-13 03:06:33', '2024-12-13 03:06:33'),
(3, 'At aut molestias unde.', 'Reprehenderit sed sit itaque consequuntur enim aut facilis qui. Est deserunt earum est consectetur molestias facilis occaecati. Itaque saepe optio iste sed sed. Repellendus animi id distinctio et.', 36, '1-Poor, 2-Fair, 3-Good, 4-Very Good, 5-Excellent', 1, '2024-12-13 03:06:33', '2024-12-13 03:06:33'),
(4, 'Aperiam quam repellendus.', 'Molestiae non qui debitis necessitatibus quae voluptatem. Optio inventore et iste veniam. Et a debitis debitis quia. Repudiandae qui deleniti officia. Recusandae ullam ipsa itaque fugit sunt.', 92, '1-Poor, 2-Fair, 3-Good, 4-Very Good, 5-Excellent', 1, '2024-12-13 03:06:33', '2024-12-13 03:06:33'),
(5, 'Inventore facilis quia et.', 'Maiores dignissimos et voluptatem nam debitis eius. Praesentium ea inventore dicta id voluptatibus. Sed voluptas maiores quam sint.', 19, '1-Poor, 2-Fair, 3-Good, 4-Very Good, 5-Excellent', 1, '2024-12-13 03:06:33', '2024-12-13 03:06:33'),
(6, 'Est totam.', 'Dolorum ab qui beatae ab sed possimus. A saepe animi quis veniam repellendus. Est odio quia aut impedit fuga et temporibus quos.', 97, '1-Poor, 2-Fair, 3-Good, 4-Very Good, 5-Excellent', 1, '2024-12-13 03:06:33', '2024-12-13 03:06:33'),
(7, 'Students Evaluation of Teaching Competencies', 'Evaluation for teacher', 0, NULL, 1, '2024-12-13 11:38:08', '2024-12-13 11:38:08');

-- --------------------------------------------------------

--
-- Table structure for table `evaluation_responses`
--

CREATE TABLE `evaluation_responses` (
  `id` bigint(20) UNSIGNED NOT NULL,
  `evaluation_id` bigint(20) UNSIGNED NOT NULL,
  `room_section_id` bigint(20) UNSIGNED NOT NULL,
  `student_id` bigint(20) UNSIGNED NOT NULL,
  `is_completed` tinyint(1) NOT NULL DEFAULT 0,
  `completed_at` timestamp NULL DEFAULT NULL,
  `created_at` timestamp NULL DEFAULT NULL,
  `updated_at` timestamp NULL DEFAULT NULL
) ENGINE=InnoDB DEFAULT CHARSET=utf8mb4 COLLATE=utf8mb4_unicode_ci;

--
-- Dumping data for table `evaluation_responses`
--

INSERT INTO `evaluation_responses` (`id`, `evaluation_id`, `room_section_id`, `student_id`, `is_completed`, `completed_at`, `created_at`, `updated_at`) VALUES
(1, 7, 51, 269, 0, NULL, '2024-12-13 11:53:33', '2024-12-13 11:53:33');

-- --------------------------------------------------------

--
-- Table structure for table `failed_jobs`
--

CREATE TABLE `failed_jobs` (
  `id` bigint(20) UNSIGNED NOT NULL,
  `uuid` varchar(255) NOT NULL,
  `connection` text NOT NULL,
  `queue` text NOT NULL,
  `payload` longtext NOT NULL,
  `exception` longtext NOT NULL,
  `failed_at` timestamp NOT NULL DEFAULT current_timestamp()
) ENGINE=InnoDB DEFAULT CHARSET=utf8mb4 COLLATE=utf8mb4_unicode_ci;

-- --------------------------------------------------------

--
-- Table structure for table `jobs`
--

CREATE TABLE `jobs` (
  `id` bigint(20) UNSIGNED NOT NULL,
  `queue` varchar(255) NOT NULL,
  `payload` longtext NOT NULL,
  `attempts` tinyint(3) UNSIGNED NOT NULL,
  `reserved_at` int(10) UNSIGNED DEFAULT NULL,
  `available_at` int(10) UNSIGNED NOT NULL,
  `created_at` int(10) UNSIGNED NOT NULL
) ENGINE=InnoDB DEFAULT CHARSET=utf8mb4 COLLATE=utf8mb4_unicode_ci;

-- --------------------------------------------------------

--
-- Table structure for table `job_batches`
--

CREATE TABLE `job_batches` (
  `id` varchar(255) NOT NULL,
  `name` varchar(255) NOT NULL,
  `total_jobs` int(11) NOT NULL,
  `pending_jobs` int(11) NOT NULL,
  `failed_jobs` int(11) NOT NULL,
  `failed_job_ids` longtext NOT NULL,
  `options` mediumtext DEFAULT NULL,
  `cancelled_at` int(11) DEFAULT NULL,
  `created_at` int(11) NOT NULL,
  `finished_at` int(11) DEFAULT NULL
) ENGINE=InnoDB DEFAULT CHARSET=utf8mb4 COLLATE=utf8mb4_unicode_ci;

-- --------------------------------------------------------

--
-- Table structure for table `migrations`
--

CREATE TABLE `migrations` (
  `id` int(10) UNSIGNED NOT NULL,
  `migration` varchar(255) NOT NULL,
  `batch` int(11) NOT NULL
) ENGINE=InnoDB DEFAULT CHARSET=utf8mb4 COLLATE=utf8mb4_unicode_ci;

--
-- Dumping data for table `migrations`
--

INSERT INTO `migrations` (`id`, `migration`, `batch`) VALUES
(1, '0001_01_01_000000_create_users_table', 1),
(2, '0001_01_01_000001_create_cache_table', 1),
(3, '0001_01_01_000002_create_jobs_table', 1),
(4, '2024_11_28_111410_add_two_factor_columns_to_users_table', 1),
(5, '2024_11_28_111513_create_personal_access_tokens_table', 1),
(6, '2024_11_29_104357_create_notifications_table', 1),
(7, '2024_11_29_142846_create_permission_tables', 1),
(8, '2024_12_01_144851_create_departments_table', 1),
(9, '2024_12_01_152932_create_department_teachers_table', 1),
(10, '2024_12_01_160034_create_buildings_table', 1),
(11, '2024_12_01_160035_create_rooms_table', 1),
(12, '2024_12_01_160110_create_building_rooms_table', 1),
(13, '2024_12_01_160144_create_subjects_table', 1),
(14, '2024_12_01_160145_create_sections_table', 1),
(15, '2024_12_02_194730_create_evaluations_table', 1),
(16, '2024_12_03_015040_create_phases_table', 1),
(17, '2024_12_03_015118_create_questions_table', 1),
(18, '2024_12_06_160146_create_room_sections_table', 1),
(19, '2024_12_06_160147_create_room_section_students_table', 1),
(20, '2024_12_06_160148_create_student_grades_table', 1),
(21, '2024_12_06_160149_create_evaluation_responses_table', 1),
(22, '2024_12_06_260249_create_question_response_table', 1),
(23, '2024_12_10_194110_create_department_students_table', 1),
(24, '2024_12_13_045222_add_department_id_to_subjects_table', 1);

-- --------------------------------------------------------

--
-- Table structure for table `model_has_permissions`
--

CREATE TABLE `model_has_permissions` (
  `permission_id` bigint(20) UNSIGNED NOT NULL,
  `model_type` varchar(255) NOT NULL,
  `model_id` bigint(20) UNSIGNED NOT NULL
) ENGINE=InnoDB DEFAULT CHARSET=utf8mb4 COLLATE=utf8mb4_unicode_ci;

-- --------------------------------------------------------

--
-- Table structure for table `model_has_roles`
--

CREATE TABLE `model_has_roles` (
  `role_id` bigint(20) UNSIGNED NOT NULL,
  `model_type` varchar(255) NOT NULL,
  `model_id` bigint(20) UNSIGNED NOT NULL
) ENGINE=InnoDB DEFAULT CHARSET=utf8mb4 COLLATE=utf8mb4_unicode_ci;

--
-- Dumping data for table `model_has_roles`
--

INSERT INTO `model_has_roles` (`role_id`, `model_type`, `model_id`) VALUES
(1, 'App\\Models\\User', 1),
(2, 'App\\Models\\User', 1),
(2, 'App\\Models\\User', 2),
(2, 'App\\Models\\User', 3),
(2, 'App\\Models\\User', 4),
(2, 'App\\Models\\User', 5),
(2, 'App\\Models\\User', 6),
(2, 'App\\Models\\User', 7),
(2, 'App\\Models\\User', 8),
(2, 'App\\Models\\User', 9),
(2, 'App\\Models\\User', 10),
(2, 'App\\Models\\User', 11),
(3, 'App\\Models\\User', 1),
(3, 'App\\Models\\User', 12),
(3, 'App\\Models\\User', 13),
(3, 'App\\Models\\User', 14),
(3, 'App\\Models\\User', 15),
(3, 'App\\Models\\User', 16),
(3, 'App\\Models\\User', 17),
(3, 'App\\Models\\User', 18),
(3, 'App\\Models\\User', 19),
(3, 'App\\Models\\User', 20),
(3, 'App\\Models\\User', 21),
(4, 'App\\Models\\User', 1),
(4, 'App\\Models\\User', 22),
(4, 'App\\Models\\User', 23),
(4, 'App\\Models\\User', 24),
(4, 'App\\Models\\User', 25),
(4, 'App\\Models\\User', 26),
(4, 'App\\Models\\User', 27),
(4, 'App\\Models\\User', 28),
(4, 'App\\Models\\User', 29),
(4, 'App\\Models\\User', 30),
(4, 'App\\Models\\User', 31),
(4, 'App\\Models\\User', 32),
(4, 'App\\Models\\User', 33),
(4, 'App\\Models\\User', 34),
(4, 'App\\Models\\User', 35),
(4, 'App\\Models\\User', 36),
(4, 'App\\Models\\User', 37),
(4, 'App\\Models\\User', 38),
(4, 'App\\Models\\User', 39),
(4, 'App\\Models\\User', 40),
(4, 'App\\Models\\User', 41),
(4, 'App\\Models\\User', 42),
(4, 'App\\Models\\User', 43),
(4, 'App\\Models\\User', 44),
(4, 'App\\Models\\User', 45),
(4, 'App\\Models\\User', 46),
(4, 'App\\Models\\User', 47),
(4, 'App\\Models\\User', 48),
(4, 'App\\Models\\User', 49),
(4, 'App\\Models\\User', 50),
(4, 'App\\Models\\User', 51),
(4, 'App\\Models\\User', 52),
(4, 'App\\Models\\User', 53),
(4, 'App\\Models\\User', 54),
(4, 'App\\Models\\User', 55),
(4, 'App\\Models\\User', 56),
(4, 'App\\Models\\User', 57),
(4, 'App\\Models\\User', 58),
(4, 'App\\Models\\User', 59),
(4, 'App\\Models\\User', 60),
(4, 'App\\Models\\User', 61),
(4, 'App\\Models\\User', 62),
(4, 'App\\Models\\User', 63),
(4, 'App\\Models\\User', 64),
(4, 'App\\Models\\User', 65),
(4, 'App\\Models\\User', 66),
(4, 'App\\Models\\User', 67),
(4, 'App\\Models\\User', 68),
(4, 'App\\Models\\User', 69),
(4, 'App\\Models\\User', 70),
(4, 'App\\Models\\User', 71),
(4, 'App\\Models\\User', 72),
(4, 'App\\Models\\User', 73),
(4, 'App\\Models\\User', 74),
(4, 'App\\Models\\User', 75),
(4, 'App\\Models\\User', 76),
(4, 'App\\Models\\User', 77),
(4, 'App\\Models\\User', 78),
(4, 'App\\Models\\User', 79),
(4, 'App\\Models\\User', 80),
(4, 'App\\Models\\User', 81),
(4, 'App\\Models\\User', 82),
(4, 'App\\Models\\User', 83),
(4, 'App\\Models\\User', 84),
(4, 'App\\Models\\User', 85),
(4, 'App\\Models\\User', 86),
(4, 'App\\Models\\User', 87),
(4, 'App\\Models\\User', 88),
(4, 'App\\Models\\User', 89),
(4, 'App\\Models\\User', 90),
(4, 'App\\Models\\User', 91),
(4, 'App\\Models\\User', 92),
(4, 'App\\Models\\User', 93),
(4, 'App\\Models\\User', 94),
(4, 'App\\Models\\User', 95),
(4, 'App\\Models\\User', 96),
(4, 'App\\Models\\User', 97),
(4, 'App\\Models\\User', 98),
(4, 'App\\Models\\User', 99),
(4, 'App\\Models\\User', 100),
(4, 'App\\Models\\User', 101),
(4, 'App\\Models\\User', 102),
(4, 'App\\Models\\User', 103),
(4, 'App\\Models\\User', 104),
(4, 'App\\Models\\User', 105),
(4, 'App\\Models\\User', 106),
(4, 'App\\Models\\User', 107),
(4, 'App\\Models\\User', 108),
(4, 'App\\Models\\User', 109),
(4, 'App\\Models\\User', 110),
(4, 'App\\Models\\User', 111),
(4, 'App\\Models\\User', 112),
(4, 'App\\Models\\User', 113),
(4, 'App\\Models\\User', 114),
(4, 'App\\Models\\User', 115),
(4, 'App\\Models\\User', 116),
(4, 'App\\Models\\User', 117),
(4, 'App\\Models\\User', 118),
(4, 'App\\Models\\User', 119),
(4, 'App\\Models\\User', 120),
(4, 'App\\Models\\User', 121),
(4, 'App\\Models\\User', 122),
(4, 'App\\Models\\User', 123),
(4, 'App\\Models\\User', 124),
(4, 'App\\Models\\User', 125),
(4, 'App\\Models\\User', 126),
(4, 'App\\Models\\User', 127),
(4, 'App\\Models\\User', 128),
(4, 'App\\Models\\User', 129),
(4, 'App\\Models\\User', 130),
(4, 'App\\Models\\User', 131),
(4, 'App\\Models\\User', 132),
(4, 'App\\Models\\User', 133),
(4, 'App\\Models\\User', 134),
(4, 'App\\Models\\User', 135),
(4, 'App\\Models\\User', 136),
(4, 'App\\Models\\User', 137),
(4, 'App\\Models\\User', 138),
(4, 'App\\Models\\User', 139),
(4, 'App\\Models\\User', 140),
(4, 'App\\Models\\User', 141),
(4, 'App\\Models\\User', 142),
(4, 'App\\Models\\User', 143),
(4, 'App\\Models\\User', 144),
(4, 'App\\Models\\User', 145),
(4, 'App\\Models\\User', 146),
(4, 'App\\Models\\User', 147),
(4, 'App\\Models\\User', 148),
(4, 'App\\Models\\User', 149),
(4, 'App\\Models\\User', 150),
(4, 'App\\Models\\User', 151),
(4, 'App\\Models\\User', 152),
(4, 'App\\Models\\User', 153),
(4, 'App\\Models\\User', 154),
(4, 'App\\Models\\User', 155),
(4, 'App\\Models\\User', 156),
(4, 'App\\Models\\User', 157),
(4, 'App\\Models\\User', 158),
(4, 'App\\Models\\User', 159),
(4, 'App\\Models\\User', 160),
(4, 'App\\Models\\User', 161),
(4, 'App\\Models\\User', 162),
(4, 'App\\Models\\User', 163),
(4, 'App\\Models\\User', 164),
(4, 'App\\Models\\User', 165),
(4, 'App\\Models\\User', 166),
(4, 'App\\Models\\User', 167),
(4, 'App\\Models\\User', 168),
(4, 'App\\Models\\User', 169),
(4, 'App\\Models\\User', 170),
(4, 'App\\Models\\User', 171),
(4, 'App\\Models\\User', 172),
(4, 'App\\Models\\User', 173),
(4, 'App\\Models\\User', 174),
(4, 'App\\Models\\User', 175),
(4, 'App\\Models\\User', 176),
(4, 'App\\Models\\User', 177),
(4, 'App\\Models\\User', 178),
(4, 'App\\Models\\User', 179),
(4, 'App\\Models\\User', 180),
(4, 'App\\Models\\User', 181),
(4, 'App\\Models\\User', 182),
(4, 'App\\Models\\User', 183),
(4, 'App\\Models\\User', 184),
(4, 'App\\Models\\User', 185),
(4, 'App\\Models\\User', 186),
(4, 'App\\Models\\User', 187),
(4, 'App\\Models\\User', 188),
(4, 'App\\Models\\User', 189),
(4, 'App\\Models\\User', 190),
(4, 'App\\Models\\User', 191),
(4, 'App\\Models\\User', 192),
(4, 'App\\Models\\User', 193),
(4, 'App\\Models\\User', 194),
(4, 'App\\Models\\User', 195),
(4, 'App\\Models\\User', 196),
(4, 'App\\Models\\User', 197),
(4, 'App\\Models\\User', 198),
(4, 'App\\Models\\User', 199),
(4, 'App\\Models\\User', 200),
(4, 'App\\Models\\User', 201),
(4, 'App\\Models\\User', 202),
(4, 'App\\Models\\User', 203),
(4, 'App\\Models\\User', 204),
(4, 'App\\Models\\User', 205),
(4, 'App\\Models\\User', 206),
(4, 'App\\Models\\User', 207),
(4, 'App\\Models\\User', 208),
(4, 'App\\Models\\User', 209),
(4, 'App\\Models\\User', 210),
(4, 'App\\Models\\User', 211),
(4, 'App\\Models\\User', 212),
(4, 'App\\Models\\User', 213),
(4, 'App\\Models\\User', 214),
(4, 'App\\Models\\User', 215),
(4, 'App\\Models\\User', 216),
(4, 'App\\Models\\User', 217),
(4, 'App\\Models\\User', 218),
(4, 'App\\Models\\User', 219),
(4, 'App\\Models\\User', 220),
(4, 'App\\Models\\User', 221),
(4, 'App\\Models\\User', 222),
(4, 'App\\Models\\User', 223),
(4, 'App\\Models\\User', 224),
(4, 'App\\Models\\User', 225),
(4, 'App\\Models\\User', 226),
(4, 'App\\Models\\User', 227),
(4, 'App\\Models\\User', 228),
(4, 'App\\Models\\User', 229),
(4, 'App\\Models\\User', 230),
(4, 'App\\Models\\User', 231),
(4, 'App\\Models\\User', 232),
(4, 'App\\Models\\User', 233),
(4, 'App\\Models\\User', 234),
(4, 'App\\Models\\User', 235),
(4, 'App\\Models\\User', 236),
(4, 'App\\Models\\User', 237),
(4, 'App\\Models\\User', 238),
(4, 'App\\Models\\User', 239),
(4, 'App\\Models\\User', 240),
(4, 'App\\Models\\User', 241),
(4, 'App\\Models\\User', 242),
(4, 'App\\Models\\User', 243),
(4, 'App\\Models\\User', 244),
(4, 'App\\Models\\User', 245),
(4, 'App\\Models\\User', 246),
(4, 'App\\Models\\User', 247),
(4, 'App\\Models\\User', 248),
(4, 'App\\Models\\User', 249),
(4, 'App\\Models\\User', 250),
(4, 'App\\Models\\User', 251),
(4, 'App\\Models\\User', 252),
(4, 'App\\Models\\User', 253),
(4, 'App\\Models\\User', 254),
(4, 'App\\Models\\User', 255),
(4, 'App\\Models\\User', 256),
(4, 'App\\Models\\User', 257),
(4, 'App\\Models\\User', 258),
(4, 'App\\Models\\User', 259),
(4, 'App\\Models\\User', 260),
(4, 'App\\Models\\User', 261),
(4, 'App\\Models\\User', 262),
(4, 'App\\Models\\User', 263),
(4, 'App\\Models\\User', 264),
(4, 'App\\Models\\User', 265),
(4, 'App\\Models\\User', 266),
(4, 'App\\Models\\User', 267),
(4, 'App\\Models\\User', 268),
(4, 'App\\Models\\User', 269),
(4, 'App\\Models\\User', 270),
(4, 'App\\Models\\User', 271),
(4, 'App\\Models\\User', 272),
(4, 'App\\Models\\User', 273),
(4, 'App\\Models\\User', 274),
(4, 'App\\Models\\User', 275),
(4, 'App\\Models\\User', 276),
(4, 'App\\Models\\User', 277),
(4, 'App\\Models\\User', 278),
(4, 'App\\Models\\User', 279),
(4, 'App\\Models\\User', 280),
(4, 'App\\Models\\User', 281),
(4, 'App\\Models\\User', 282),
(4, 'App\\Models\\User', 283),
(4, 'App\\Models\\User', 284),
(4, 'App\\Models\\User', 285),
(4, 'App\\Models\\User', 286),
(4, 'App\\Models\\User', 287),
(4, 'App\\Models\\User', 288),
(4, 'App\\Models\\User', 289),
(4, 'App\\Models\\User', 290),
(4, 'App\\Models\\User', 291),
(4, 'App\\Models\\User', 292),
(4, 'App\\Models\\User', 293),
(4, 'App\\Models\\User', 294),
(4, 'App\\Models\\User', 295),
(4, 'App\\Models\\User', 296),
(4, 'App\\Models\\User', 297),
(4, 'App\\Models\\User', 298),
(4, 'App\\Models\\User', 299),
(4, 'App\\Models\\User', 300),
(4, 'App\\Models\\User', 301),
(4, 'App\\Models\\User', 302),
(4, 'App\\Models\\User', 303),
(4, 'App\\Models\\User', 304),
(4, 'App\\Models\\User', 305),
(4, 'App\\Models\\User', 306),
(4, 'App\\Models\\User', 307),
(4, 'App\\Models\\User', 308),
(4, 'App\\Models\\User', 309),
(4, 'App\\Models\\User', 310),
(4, 'App\\Models\\User', 311),
(4, 'App\\Models\\User', 312),
(4, 'App\\Models\\User', 313),
(4, 'App\\Models\\User', 314),
(4, 'App\\Models\\User', 315),
(4, 'App\\Models\\User', 316),
(4, 'App\\Models\\User', 317),
(4, 'App\\Models\\User', 318),
(4, 'App\\Models\\User', 319),
(4, 'App\\Models\\User', 320),
(4, 'App\\Models\\User', 321),
(4, 'App\\Models\\User', 322),
(4, 'App\\Models\\User', 323),
(4, 'App\\Models\\User', 324),
(4, 'App\\Models\\User', 325),
(4, 'App\\Models\\User', 326),
(4, 'App\\Models\\User', 327),
(4, 'App\\Models\\User', 328),
(4, 'App\\Models\\User', 329),
(4, 'App\\Models\\User', 330),
(4, 'App\\Models\\User', 331),
(4, 'App\\Models\\User', 332),
(4, 'App\\Models\\User', 333),
(4, 'App\\Models\\User', 334),
(4, 'App\\Models\\User', 335),
(4, 'App\\Models\\User', 336),
(4, 'App\\Models\\User', 337),
(4, 'App\\Models\\User', 338),
(4, 'App\\Models\\User', 339),
(4, 'App\\Models\\User', 340),
(4, 'App\\Models\\User', 341),
(4, 'App\\Models\\User', 342),
(4, 'App\\Models\\User', 343),
(4, 'App\\Models\\User', 344),
(4, 'App\\Models\\User', 345),
(4, 'App\\Models\\User', 346),
(4, 'App\\Models\\User', 347),
(4, 'App\\Models\\User', 348),
(4, 'App\\Models\\User', 349),
(4, 'App\\Models\\User', 350),
(4, 'App\\Models\\User', 351),
(4, 'App\\Models\\User', 352),
(4, 'App\\Models\\User', 353),
(4, 'App\\Models\\User', 354),
(4, 'App\\Models\\User', 355),
(4, 'App\\Models\\User', 356),
(4, 'App\\Models\\User', 357),
(4, 'App\\Models\\User', 358),
(4, 'App\\Models\\User', 359),
(4, 'App\\Models\\User', 360),
(4, 'App\\Models\\User', 361),
(4, 'App\\Models\\User', 362),
(4, 'App\\Models\\User', 363),
(4, 'App\\Models\\User', 364),
(4, 'App\\Models\\User', 365),
(4, 'App\\Models\\User', 366),
(4, 'App\\Models\\User', 367),
(4, 'App\\Models\\User', 368),
(4, 'App\\Models\\User', 369),
(4, 'App\\Models\\User', 370),
(4, 'App\\Models\\User', 371),
(4, 'App\\Models\\User', 372),
(4, 'App\\Models\\User', 373),
(4, 'App\\Models\\User', 374),
(4, 'App\\Models\\User', 375),
(4, 'App\\Models\\User', 376),
(4, 'App\\Models\\User', 377),
(4, 'App\\Models\\User', 378),
(4, 'App\\Models\\User', 379),
(4, 'App\\Models\\User', 380),
(4, 'App\\Models\\User', 381),
(4, 'App\\Models\\User', 382),
(4, 'App\\Models\\User', 383),
(4, 'App\\Models\\User', 384),
(4, 'App\\Models\\User', 385),
(4, 'App\\Models\\User', 386),
(4, 'App\\Models\\User', 387),
(4, 'App\\Models\\User', 388),
(4, 'App\\Models\\User', 389),
(4, 'App\\Models\\User', 390),
(4, 'App\\Models\\User', 391),
(4, 'App\\Models\\User', 392),
(4, 'App\\Models\\User', 393),
(4, 'App\\Models\\User', 394),
(4, 'App\\Models\\User', 395),
(4, 'App\\Models\\User', 396),
(4, 'App\\Models\\User', 397),
(4, 'App\\Models\\User', 398),
(4, 'App\\Models\\User', 399),
(4, 'App\\Models\\User', 400),
(4, 'App\\Models\\User', 401),
(4, 'App\\Models\\User', 402),
(4, 'App\\Models\\User', 403),
(4, 'App\\Models\\User', 404),
(4, 'App\\Models\\User', 405),
(4, 'App\\Models\\User', 406),
(4, 'App\\Models\\User', 407),
(4, 'App\\Models\\User', 408),
(4, 'App\\Models\\User', 409),
(4, 'App\\Models\\User', 410),
(4, 'App\\Models\\User', 411),
(4, 'App\\Models\\User', 412),
(4, 'App\\Models\\User', 413),
(4, 'App\\Models\\User', 414),
(4, 'App\\Models\\User', 415),
(4, 'App\\Models\\User', 416),
(4, 'App\\Models\\User', 417),
(4, 'App\\Models\\User', 418),
(4, 'App\\Models\\User', 419),
(4, 'App\\Models\\User', 420),
(4, 'App\\Models\\User', 421),
(4, 'App\\Models\\User', 422),
(4, 'App\\Models\\User', 423),
(4, 'App\\Models\\User', 424),
(4, 'App\\Models\\User', 425),
(4, 'App\\Models\\User', 426),
(4, 'App\\Models\\User', 427),
(4, 'App\\Models\\User', 428),
(4, 'App\\Models\\User', 429),
(4, 'App\\Models\\User', 430),
(4, 'App\\Models\\User', 431),
(4, 'App\\Models\\User', 432),
(4, 'App\\Models\\User', 433),
(4, 'App\\Models\\User', 434),
(4, 'App\\Models\\User', 435),
(4, 'App\\Models\\User', 436),
(4, 'App\\Models\\User', 437),
(4, 'App\\Models\\User', 438),
(4, 'App\\Models\\User', 439),
(4, 'App\\Models\\User', 440),
(4, 'App\\Models\\User', 441),
(4, 'App\\Models\\User', 442),
(4, 'App\\Models\\User', 443),
(4, 'App\\Models\\User', 444),
(4, 'App\\Models\\User', 445),
(4, 'App\\Models\\User', 446),
(4, 'App\\Models\\User', 447),
(4, 'App\\Models\\User', 448),
(4, 'App\\Models\\User', 449),
(4, 'App\\Models\\User', 450),
(4, 'App\\Models\\User', 451),
(4, 'App\\Models\\User', 452),
(4, 'App\\Models\\User', 453),
(4, 'App\\Models\\User', 454),
(4, 'App\\Models\\User', 455),
(4, 'App\\Models\\User', 456),
(4, 'App\\Models\\User', 457),
(4, 'App\\Models\\User', 458),
(4, 'App\\Models\\User', 459),
(4, 'App\\Models\\User', 460),
(4, 'App\\Models\\User', 461),
(4, 'App\\Models\\User', 462),
(4, 'App\\Models\\User', 463),
(4, 'App\\Models\\User', 464),
(4, 'App\\Models\\User', 465),
(4, 'App\\Models\\User', 466),
(4, 'App\\Models\\User', 467),
(4, 'App\\Models\\User', 468),
(4, 'App\\Models\\User', 469),
(4, 'App\\Models\\User', 470),
(4, 'App\\Models\\User', 471),
(4, 'App\\Models\\User', 472),
(4, 'App\\Models\\User', 473),
(4, 'App\\Models\\User', 474),
(4, 'App\\Models\\User', 475),
(4, 'App\\Models\\User', 476),
(4, 'App\\Models\\User', 477),
(4, 'App\\Models\\User', 478),
(4, 'App\\Models\\User', 479),
(4, 'App\\Models\\User', 480),
(4, 'App\\Models\\User', 481),
(4, 'App\\Models\\User', 482),
(4, 'App\\Models\\User', 483),
(4, 'App\\Models\\User', 484),
(4, 'App\\Models\\User', 485),
(4, 'App\\Models\\User', 486),
(4, 'App\\Models\\User', 487),
(4, 'App\\Models\\User', 488),
(4, 'App\\Models\\User', 489),
(4, 'App\\Models\\User', 490),
(4, 'App\\Models\\User', 491),
(4, 'App\\Models\\User', 492),
(4, 'App\\Models\\User', 493),
(4, 'App\\Models\\User', 494),
(4, 'App\\Models\\User', 495),
(4, 'App\\Models\\User', 496),
(4, 'App\\Models\\User', 497),
(4, 'App\\Models\\User', 498),
(4, 'App\\Models\\User', 499),
(4, 'App\\Models\\User', 500),
(4, 'App\\Models\\User', 501),
(4, 'App\\Models\\User', 502),
(4, 'App\\Models\\User', 503),
(4, 'App\\Models\\User', 504),
(4, 'App\\Models\\User', 505),
(4, 'App\\Models\\User', 506),
(4, 'App\\Models\\User', 507),
(4, 'App\\Models\\User', 508),
(4, 'App\\Models\\User', 509),
(4, 'App\\Models\\User', 510),
(4, 'App\\Models\\User', 511),
(4, 'App\\Models\\User', 512),
(4, 'App\\Models\\User', 513),
(4, 'App\\Models\\User', 514),
(4, 'App\\Models\\User', 515),
(4, 'App\\Models\\User', 516),
(4, 'App\\Models\\User', 517),
(4, 'App\\Models\\User', 518),
(4, 'App\\Models\\User', 519),
(4, 'App\\Models\\User', 520),
(4, 'App\\Models\\User', 521),
(4, 'App\\Models\\User', 522),
(4, 'App\\Models\\User', 523),
(4, 'App\\Models\\User', 524),
(4, 'App\\Models\\User', 525),
(4, 'App\\Models\\User', 526),
(4, 'App\\Models\\User', 527),
(4, 'App\\Models\\User', 528),
(4, 'App\\Models\\User', 529),
(4, 'App\\Models\\User', 530),
(4, 'App\\Models\\User', 531),
(4, 'App\\Models\\User', 532),
(4, 'App\\Models\\User', 533),
(4, 'App\\Models\\User', 534),
(4, 'App\\Models\\User', 535),
(4, 'App\\Models\\User', 536),
(4, 'App\\Models\\User', 537),
(4, 'App\\Models\\User', 538),
(4, 'App\\Models\\User', 539),
(4, 'App\\Models\\User', 540),
(4, 'App\\Models\\User', 541),
(4, 'App\\Models\\User', 542),
(4, 'App\\Models\\User', 543),
(4, 'App\\Models\\User', 544),
(4, 'App\\Models\\User', 545),
(4, 'App\\Models\\User', 546),
(4, 'App\\Models\\User', 547),
(4, 'App\\Models\\User', 548),
(4, 'App\\Models\\User', 549),
(4, 'App\\Models\\User', 550),
(4, 'App\\Models\\User', 551),
(4, 'App\\Models\\User', 552),
(4, 'App\\Models\\User', 553),
(4, 'App\\Models\\User', 554),
(4, 'App\\Models\\User', 555),
(4, 'App\\Models\\User', 556),
(4, 'App\\Models\\User', 557),
(4, 'App\\Models\\User', 558),
(4, 'App\\Models\\User', 559),
(4, 'App\\Models\\User', 560),
(4, 'App\\Models\\User', 561),
(4, 'App\\Models\\User', 562),
(4, 'App\\Models\\User', 563),
(4, 'App\\Models\\User', 564),
(4, 'App\\Models\\User', 565),
(4, 'App\\Models\\User', 566),
(4, 'App\\Models\\User', 567),
(4, 'App\\Models\\User', 568),
(4, 'App\\Models\\User', 569),
(4, 'App\\Models\\User', 570),
(4, 'App\\Models\\User', 571),
(4, 'App\\Models\\User', 572),
(4, 'App\\Models\\User', 573),
(4, 'App\\Models\\User', 574),
(4, 'App\\Models\\User', 575),
(4, 'App\\Models\\User', 576),
(4, 'App\\Models\\User', 577),
(4, 'App\\Models\\User', 578),
(4, 'App\\Models\\User', 579),
(4, 'App\\Models\\User', 580),
(4, 'App\\Models\\User', 581),
(4, 'App\\Models\\User', 582),
(4, 'App\\Models\\User', 583),
(4, 'App\\Models\\User', 584),
(4, 'App\\Models\\User', 585),
(4, 'App\\Models\\User', 586),
(4, 'App\\Models\\User', 587),
(4, 'App\\Models\\User', 588),
(4, 'App\\Models\\User', 589),
(4, 'App\\Models\\User', 590),
(4, 'App\\Models\\User', 591),
(4, 'App\\Models\\User', 592),
(4, 'App\\Models\\User', 593),
(4, 'App\\Models\\User', 594),
(4, 'App\\Models\\User', 595),
(4, 'App\\Models\\User', 596),
(4, 'App\\Models\\User', 597),
(4, 'App\\Models\\User', 598),
(4, 'App\\Models\\User', 599),
(4, 'App\\Models\\User', 600),
(4, 'App\\Models\\User', 601),
(4, 'App\\Models\\User', 602),
(4, 'App\\Models\\User', 603),
(4, 'App\\Models\\User', 604),
(4, 'App\\Models\\User', 605),
(4, 'App\\Models\\User', 606),
(4, 'App\\Models\\User', 607),
(4, 'App\\Models\\User', 608),
(4, 'App\\Models\\User', 609),
(4, 'App\\Models\\User', 610),
(4, 'App\\Models\\User', 611),
(4, 'App\\Models\\User', 612),
(4, 'App\\Models\\User', 613),
(4, 'App\\Models\\User', 614),
(4, 'App\\Models\\User', 615),
(4, 'App\\Models\\User', 616),
(4, 'App\\Models\\User', 617),
(4, 'App\\Models\\User', 618),
(4, 'App\\Models\\User', 619),
(4, 'App\\Models\\User', 620),
(4, 'App\\Models\\User', 621),
(4, 'App\\Models\\User', 622),
(4, 'App\\Models\\User', 623),
(4, 'App\\Models\\User', 624),
(4, 'App\\Models\\User', 625),
(4, 'App\\Models\\User', 626),
(4, 'App\\Models\\User', 627),
(4, 'App\\Models\\User', 628),
(4, 'App\\Models\\User', 629),
(4, 'App\\Models\\User', 630),
(4, 'App\\Models\\User', 631),
(4, 'App\\Models\\User', 632),
(4, 'App\\Models\\User', 633),
(4, 'App\\Models\\User', 634),
(4, 'App\\Models\\User', 635),
(4, 'App\\Models\\User', 636),
(4, 'App\\Models\\User', 637),
(4, 'App\\Models\\User', 638),
(4, 'App\\Models\\User', 639),
(4, 'App\\Models\\User', 640),
(4, 'App\\Models\\User', 641),
(4, 'App\\Models\\User', 642),
(4, 'App\\Models\\User', 643),
(4, 'App\\Models\\User', 644),
(4, 'App\\Models\\User', 645),
(4, 'App\\Models\\User', 646),
(4, 'App\\Models\\User', 647),
(4, 'App\\Models\\User', 648),
(4, 'App\\Models\\User', 649),
(4, 'App\\Models\\User', 650),
(4, 'App\\Models\\User', 651),
(4, 'App\\Models\\User', 652),
(4, 'App\\Models\\User', 653),
(4, 'App\\Models\\User', 654),
(4, 'App\\Models\\User', 655),
(4, 'App\\Models\\User', 656),
(4, 'App\\Models\\User', 657),
(4, 'App\\Models\\User', 658),
(4, 'App\\Models\\User', 659),
(4, 'App\\Models\\User', 660),
(4, 'App\\Models\\User', 661),
(4, 'App\\Models\\User', 662),
(4, 'App\\Models\\User', 663),
(4, 'App\\Models\\User', 664),
(4, 'App\\Models\\User', 665),
(4, 'App\\Models\\User', 666),
(4, 'App\\Models\\User', 667),
(4, 'App\\Models\\User', 668),
(4, 'App\\Models\\User', 669),
(4, 'App\\Models\\User', 670),
(4, 'App\\Models\\User', 671),
(4, 'App\\Models\\User', 672),
(4, 'App\\Models\\User', 673),
(4, 'App\\Models\\User', 674),
(4, 'App\\Models\\User', 675),
(4, 'App\\Models\\User', 676),
(4, 'App\\Models\\User', 677),
(4, 'App\\Models\\User', 678),
(4, 'App\\Models\\User', 679),
(4, 'App\\Models\\User', 680),
(4, 'App\\Models\\User', 681),
(4, 'App\\Models\\User', 682),
(4, 'App\\Models\\User', 683),
(4, 'App\\Models\\User', 684),
(4, 'App\\Models\\User', 685),
(4, 'App\\Models\\User', 686),
(4, 'App\\Models\\User', 687),
(4, 'App\\Models\\User', 688),
(4, 'App\\Models\\User', 689),
(4, 'App\\Models\\User', 690),
(4, 'App\\Models\\User', 691),
(4, 'App\\Models\\User', 692),
(4, 'App\\Models\\User', 693),
(4, 'App\\Models\\User', 694),
(4, 'App\\Models\\User', 695),
(4, 'App\\Models\\User', 696),
(4, 'App\\Models\\User', 697),
(4, 'App\\Models\\User', 698),
(4, 'App\\Models\\User', 699),
(4, 'App\\Models\\User', 700),
(4, 'App\\Models\\User', 701),
(4, 'App\\Models\\User', 702),
(4, 'App\\Models\\User', 703),
(4, 'App\\Models\\User', 704),
(4, 'App\\Models\\User', 705),
(4, 'App\\Models\\User', 706),
(4, 'App\\Models\\User', 707),
(4, 'App\\Models\\User', 708),
(4, 'App\\Models\\User', 709),
(4, 'App\\Models\\User', 710),
(4, 'App\\Models\\User', 711),
(4, 'App\\Models\\User', 712),
(4, 'App\\Models\\User', 713),
(4, 'App\\Models\\User', 714),
(4, 'App\\Models\\User', 715),
(4, 'App\\Models\\User', 716),
(4, 'App\\Models\\User', 717),
(4, 'App\\Models\\User', 718),
(4, 'App\\Models\\User', 719),
(4, 'App\\Models\\User', 720),
(4, 'App\\Models\\User', 721),
(4, 'App\\Models\\User', 722),
(4, 'App\\Models\\User', 723),
(4, 'App\\Models\\User', 724),
(4, 'App\\Models\\User', 725),
(4, 'App\\Models\\User', 726),
(4, 'App\\Models\\User', 727),
(4, 'App\\Models\\User', 728),
(4, 'App\\Models\\User', 729),
(4, 'App\\Models\\User', 730),
(4, 'App\\Models\\User', 731),
(4, 'App\\Models\\User', 732),
(4, 'App\\Models\\User', 733),
(4, 'App\\Models\\User', 734),
(4, 'App\\Models\\User', 735),
(4, 'App\\Models\\User', 736),
(4, 'App\\Models\\User', 737),
(4, 'App\\Models\\User', 738),
(4, 'App\\Models\\User', 739),
(4, 'App\\Models\\User', 740),
(4, 'App\\Models\\User', 741),
(4, 'App\\Models\\User', 742),
(4, 'App\\Models\\User', 743),
(4, 'App\\Models\\User', 744),
(4, 'App\\Models\\User', 745),
(4, 'App\\Models\\User', 746),
(4, 'App\\Models\\User', 747),
(4, 'App\\Models\\User', 748),
(4, 'App\\Models\\User', 749),
(4, 'App\\Models\\User', 750),
(4, 'App\\Models\\User', 751),
(4, 'App\\Models\\User', 752),
(4, 'App\\Models\\User', 753),
(4, 'App\\Models\\User', 754),
(4, 'App\\Models\\User', 755),
(4, 'App\\Models\\User', 756),
(4, 'App\\Models\\User', 757),
(4, 'App\\Models\\User', 758),
(4, 'App\\Models\\User', 759),
(4, 'App\\Models\\User', 760),
(4, 'App\\Models\\User', 761),
(4, 'App\\Models\\User', 762),
(4, 'App\\Models\\User', 763),
(4, 'App\\Models\\User', 764),
(4, 'App\\Models\\User', 765),
(4, 'App\\Models\\User', 766),
(4, 'App\\Models\\User', 767),
(4, 'App\\Models\\User', 768),
(4, 'App\\Models\\User', 769),
(4, 'App\\Models\\User', 770),
(4, 'App\\Models\\User', 771),
(4, 'App\\Models\\User', 772),
(4, 'App\\Models\\User', 773),
(4, 'App\\Models\\User', 774),
(4, 'App\\Models\\User', 775),
(4, 'App\\Models\\User', 776),
(4, 'App\\Models\\User', 777),
(4, 'App\\Models\\User', 778),
(4, 'App\\Models\\User', 779),
(4, 'App\\Models\\User', 780),
(4, 'App\\Models\\User', 781),
(4, 'App\\Models\\User', 782),
(4, 'App\\Models\\User', 783),
(4, 'App\\Models\\User', 784),
(4, 'App\\Models\\User', 785),
(4, 'App\\Models\\User', 786),
(4, 'App\\Models\\User', 787),
(4, 'App\\Models\\User', 788),
(4, 'App\\Models\\User', 789),
(4, 'App\\Models\\User', 790),
(4, 'App\\Models\\User', 791),
(4, 'App\\Models\\User', 792),
(4, 'App\\Models\\User', 793),
(4, 'App\\Models\\User', 794),
(4, 'App\\Models\\User', 795),
(4, 'App\\Models\\User', 796),
(4, 'App\\Models\\User', 797),
(4, 'App\\Models\\User', 798),
(4, 'App\\Models\\User', 799),
(4, 'App\\Models\\User', 800),
(4, 'App\\Models\\User', 801),
(4, 'App\\Models\\User', 802),
(4, 'App\\Models\\User', 803),
(4, 'App\\Models\\User', 804),
(4, 'App\\Models\\User', 805),
(4, 'App\\Models\\User', 806),
(4, 'App\\Models\\User', 807),
(4, 'App\\Models\\User', 808),
(4, 'App\\Models\\User', 809),
(4, 'App\\Models\\User', 810),
(4, 'App\\Models\\User', 811),
(4, 'App\\Models\\User', 812),
(4, 'App\\Models\\User', 813),
(4, 'App\\Models\\User', 814),
(4, 'App\\Models\\User', 815),
(4, 'App\\Models\\User', 816),
(4, 'App\\Models\\User', 817),
(4, 'App\\Models\\User', 818),
(4, 'App\\Models\\User', 819),
(4, 'App\\Models\\User', 820),
(4, 'App\\Models\\User', 821),
(4, 'App\\Models\\User', 822),
(4, 'App\\Models\\User', 823),
(4, 'App\\Models\\User', 824),
(4, 'App\\Models\\User', 825),
(4, 'App\\Models\\User', 826),
(4, 'App\\Models\\User', 827),
(4, 'App\\Models\\User', 828),
(4, 'App\\Models\\User', 829),
(4, 'App\\Models\\User', 830),
(4, 'App\\Models\\User', 831),
(4, 'App\\Models\\User', 832),
(4, 'App\\Models\\User', 833),
(4, 'App\\Models\\User', 834),
(4, 'App\\Models\\User', 835),
(4, 'App\\Models\\User', 836),
(4, 'App\\Models\\User', 837),
(4, 'App\\Models\\User', 838),
(4, 'App\\Models\\User', 839),
(4, 'App\\Models\\User', 840),
(4, 'App\\Models\\User', 841),
(4, 'App\\Models\\User', 842),
(4, 'App\\Models\\User', 843),
(4, 'App\\Models\\User', 844),
(4, 'App\\Models\\User', 845),
(4, 'App\\Models\\User', 846),
(4, 'App\\Models\\User', 847),
(4, 'App\\Models\\User', 848),
(4, 'App\\Models\\User', 849),
(4, 'App\\Models\\User', 850),
(4, 'App\\Models\\User', 851),
(4, 'App\\Models\\User', 852),
(4, 'App\\Models\\User', 853),
(4, 'App\\Models\\User', 854),
(4, 'App\\Models\\User', 855),
(4, 'App\\Models\\User', 856),
(4, 'App\\Models\\User', 857),
(4, 'App\\Models\\User', 858),
(4, 'App\\Models\\User', 859),
(4, 'App\\Models\\User', 860),
(4, 'App\\Models\\User', 861),
(4, 'App\\Models\\User', 862),
(4, 'App\\Models\\User', 863),
(4, 'App\\Models\\User', 864),
(4, 'App\\Models\\User', 865),
(4, 'App\\Models\\User', 866),
(4, 'App\\Models\\User', 867),
(4, 'App\\Models\\User', 868),
(4, 'App\\Models\\User', 869),
(4, 'App\\Models\\User', 870),
(4, 'App\\Models\\User', 871),
(4, 'App\\Models\\User', 872),
(4, 'App\\Models\\User', 873),
(4, 'App\\Models\\User', 874),
(4, 'App\\Models\\User', 875),
(4, 'App\\Models\\User', 876),
(4, 'App\\Models\\User', 877),
(4, 'App\\Models\\User', 878),
(4, 'App\\Models\\User', 879),
(4, 'App\\Models\\User', 880),
(4, 'App\\Models\\User', 881),
(4, 'App\\Models\\User', 882),
(4, 'App\\Models\\User', 883),
(4, 'App\\Models\\User', 884),
(4, 'App\\Models\\User', 885),
(4, 'App\\Models\\User', 886),
(4, 'App\\Models\\User', 887),
(4, 'App\\Models\\User', 888),
(4, 'App\\Models\\User', 889),
(4, 'App\\Models\\User', 890),
(4, 'App\\Models\\User', 891),
(4, 'App\\Models\\User', 892),
(4, 'App\\Models\\User', 893),
(4, 'App\\Models\\User', 894),
(4, 'App\\Models\\User', 895),
(4, 'App\\Models\\User', 896),
(4, 'App\\Models\\User', 897),
(4, 'App\\Models\\User', 898),
(4, 'App\\Models\\User', 899),
(4, 'App\\Models\\User', 900),
(4, 'App\\Models\\User', 901),
(4, 'App\\Models\\User', 902),
(4, 'App\\Models\\User', 903),
(4, 'App\\Models\\User', 904),
(4, 'App\\Models\\User', 905),
(4, 'App\\Models\\User', 906),
(4, 'App\\Models\\User', 907),
(4, 'App\\Models\\User', 908),
(4, 'App\\Models\\User', 909),
(4, 'App\\Models\\User', 910),
(4, 'App\\Models\\User', 911),
(4, 'App\\Models\\User', 912),
(4, 'App\\Models\\User', 913),
(4, 'App\\Models\\User', 914),
(4, 'App\\Models\\User', 915),
(4, 'App\\Models\\User', 916),
(4, 'App\\Models\\User', 917),
(4, 'App\\Models\\User', 918),
(4, 'App\\Models\\User', 919),
(4, 'App\\Models\\User', 920),
(4, 'App\\Models\\User', 921),
(4, 'App\\Models\\User', 922),
(4, 'App\\Models\\User', 923),
(4, 'App\\Models\\User', 924),
(4, 'App\\Models\\User', 925),
(4, 'App\\Models\\User', 926),
(4, 'App\\Models\\User', 927),
(4, 'App\\Models\\User', 928),
(4, 'App\\Models\\User', 929),
(4, 'App\\Models\\User', 930),
(4, 'App\\Models\\User', 931),
(4, 'App\\Models\\User', 932),
(4, 'App\\Models\\User', 933),
(4, 'App\\Models\\User', 934),
(4, 'App\\Models\\User', 935),
(4, 'App\\Models\\User', 936),
(4, 'App\\Models\\User', 937),
(4, 'App\\Models\\User', 938),
(4, 'App\\Models\\User', 939),
(4, 'App\\Models\\User', 940),
(4, 'App\\Models\\User', 941),
(4, 'App\\Models\\User', 942),
(4, 'App\\Models\\User', 943),
(4, 'App\\Models\\User', 944),
(4, 'App\\Models\\User', 945),
(4, 'App\\Models\\User', 946),
(4, 'App\\Models\\User', 947),
(4, 'App\\Models\\User', 948),
(4, 'App\\Models\\User', 949),
(4, 'App\\Models\\User', 950),
(4, 'App\\Models\\User', 951),
(4, 'App\\Models\\User', 952),
(4, 'App\\Models\\User', 953),
(4, 'App\\Models\\User', 954),
(4, 'App\\Models\\User', 955),
(4, 'App\\Models\\User', 956),
(4, 'App\\Models\\User', 957),
(4, 'App\\Models\\User', 958),
(4, 'App\\Models\\User', 959),
(4, 'App\\Models\\User', 960),
(4, 'App\\Models\\User', 961),
(4, 'App\\Models\\User', 962),
(4, 'App\\Models\\User', 963),
(4, 'App\\Models\\User', 964),
(4, 'App\\Models\\User', 965),
(4, 'App\\Models\\User', 966),
(4, 'App\\Models\\User', 967),
(4, 'App\\Models\\User', 968),
(4, 'App\\Models\\User', 969),
(4, 'App\\Models\\User', 970),
(4, 'App\\Models\\User', 971),
(4, 'App\\Models\\User', 972),
(4, 'App\\Models\\User', 973),
(4, 'App\\Models\\User', 974),
(4, 'App\\Models\\User', 975),
(4, 'App\\Models\\User', 976),
(4, 'App\\Models\\User', 977),
(4, 'App\\Models\\User', 978),
(4, 'App\\Models\\User', 979),
(4, 'App\\Models\\User', 980),
(4, 'App\\Models\\User', 981),
(4, 'App\\Models\\User', 982),
(4, 'App\\Models\\User', 983),
(4, 'App\\Models\\User', 984),
(4, 'App\\Models\\User', 985),
(4, 'App\\Models\\User', 986),
(4, 'App\\Models\\User', 987),
(4, 'App\\Models\\User', 988),
(4, 'App\\Models\\User', 989),
(4, 'App\\Models\\User', 990),
(4, 'App\\Models\\User', 991),
(4, 'App\\Models\\User', 992),
(4, 'App\\Models\\User', 993),
(4, 'App\\Models\\User', 994),
(4, 'App\\Models\\User', 995),
(4, 'App\\Models\\User', 996),
(4, 'App\\Models\\User', 997),
(4, 'App\\Models\\User', 998),
(4, 'App\\Models\\User', 999),
(4, 'App\\Models\\User', 1000),
(4, 'App\\Models\\User', 1001),
(4, 'App\\Models\\User', 1002),
(4, 'App\\Models\\User', 1003),
(4, 'App\\Models\\User', 1004),
(4, 'App\\Models\\User', 1005),
(4, 'App\\Models\\User', 1006),
(4, 'App\\Models\\User', 1007),
(4, 'App\\Models\\User', 1008),
(4, 'App\\Models\\User', 1009),
(4, 'App\\Models\\User', 1010),
(4, 'App\\Models\\User', 1011),
(4, 'App\\Models\\User', 1012),
(4, 'App\\Models\\User', 1013),
(4, 'App\\Models\\User', 1014),
(4, 'App\\Models\\User', 1015),
(4, 'App\\Models\\User', 1016),
(4, 'App\\Models\\User', 1017),
(4, 'App\\Models\\User', 1018),
(4, 'App\\Models\\User', 1019),
(4, 'App\\Models\\User', 1020),
(4, 'App\\Models\\User', 1021);

-- --------------------------------------------------------

--
-- Table structure for table `notifications`
--

CREATE TABLE `notifications` (
  `id` char(36) NOT NULL,
  `type` varchar(255) NOT NULL,
  `notifiable_type` varchar(255) NOT NULL,
  `notifiable_id` bigint(20) UNSIGNED NOT NULL,
  `data` text NOT NULL,
  `read_at` timestamp NULL DEFAULT NULL,
  `created_at` timestamp NULL DEFAULT NULL,
  `updated_at` timestamp NULL DEFAULT NULL
) ENGINE=InnoDB DEFAULT CHARSET=utf8mb4 COLLATE=utf8mb4_unicode_ci;

--
-- Dumping data for table `notifications`
--

INSERT INTO `notifications` (`id`, `type`, `notifiable_type`, `notifiable_id`, `data`, `read_at`, `created_at`, `updated_at`) VALUES
('30908130-1240-492b-bbeb-b930e911c4f6', 'App\\Notifications\\CreateEvaluationNotification', 'App\\Models\\User', 269, '{\"message\":\"New evaluation has been created! Mathematics (Business Math, Statistics, Algebra) - Section 51\"}', NULL, '2024-12-13 11:53:33', '2024-12-13 11:53:33');

-- --------------------------------------------------------

--
-- Table structure for table `password_reset_tokens`
--

CREATE TABLE `password_reset_tokens` (
  `email` varchar(255) NOT NULL,
  `token` varchar(255) NOT NULL,
  `created_at` timestamp NULL DEFAULT NULL
) ENGINE=InnoDB DEFAULT CHARSET=utf8mb4 COLLATE=utf8mb4_unicode_ci;

-- --------------------------------------------------------

--
-- Table structure for table `permissions`
--

CREATE TABLE `permissions` (
  `id` bigint(20) UNSIGNED NOT NULL,
  `name` varchar(255) NOT NULL,
  `guard_name` varchar(255) NOT NULL,
  `group_by` varchar(255) DEFAULT NULL,
  `created_at` timestamp NULL DEFAULT NULL,
  `updated_at` timestamp NULL DEFAULT NULL
) ENGINE=InnoDB DEFAULT CHARSET=utf8mb4 COLLATE=utf8mb4_unicode_ci;

--
-- Dumping data for table `permissions`
--

INSERT INTO `permissions` (`id`, `name`, `guard_name`, `group_by`, `created_at`, `updated_at`) VALUES
(1, 'dashboard', 'web', '0', '2024-12-13 03:01:54', '2024-12-13 03:01:54'),
(2, 'role', 'web', '1', '2024-12-13 03:01:54', '2024-12-13 03:01:54'),
(3, 'create_role', 'web', '1', '2024-12-13 03:01:54', '2024-12-13 03:01:54'),
(4, 'edit_role', 'web', '1', '2024-12-13 03:01:54', '2024-12-13 03:01:54'),
(5, 'delete_role', 'web', '1', '2024-12-13 03:01:54', '2024-12-13 03:01:54'),
(6, 'view_role', 'web', '1', '2024-12-13 03:01:54', '2024-12-13 03:01:54'),
(7, 'user', 'web', '2', '2024-12-13 03:01:54', '2024-12-13 03:01:54'),
(8, 'create_user', 'web', '2', '2024-12-13 03:01:54', '2024-12-13 03:01:54'),
(9, 'edit_user', 'web', '2', '2024-12-13 03:01:54', '2024-12-13 03:01:54'),
(10, 'delete_user', 'web', '2', '2024-12-13 03:01:54', '2024-12-13 03:01:54'),
(11, 'view_users', 'web', '2', '2024-12-13 03:01:54', '2024-12-13 03:01:54'),
(12, 'department', 'web', '3', '2024-12-13 03:01:54', '2024-12-13 03:01:54'),
(13, 'create_department', 'web', '3', '2024-12-13 03:01:54', '2024-12-13 03:01:54'),
(14, 'edit_department', 'web', '3', '2024-12-13 03:01:54', '2024-12-13 03:01:54'),
(15, 'delete_department', 'web', '3', '2024-12-13 03:01:54', '2024-12-13 03:01:54'),
(16, 'view_departments', 'web', '3', '2024-12-13 03:01:54', '2024-12-13 03:01:54'),
(17, 'building', 'web', '4', '2024-12-13 03:01:54', '2024-12-13 03:01:54'),
(18, 'create_building', 'web', '4', '2024-12-13 03:01:54', '2024-12-13 03:01:54'),
(19, 'edit_building', 'web', '4', '2024-12-13 03:01:54', '2024-12-13 03:01:54'),
(20, 'delete_building', 'web', '4', '2024-12-13 03:01:54', '2024-12-13 03:01:54'),
(21, 'view_buildings', 'web', '4', '2024-12-13 03:01:54', '2024-12-13 03:01:54'),
(22, 'room', 'web', '5', '2024-12-13 03:01:54', '2024-12-13 03:01:54'),
(23, 'create_room', 'web', '5', '2024-12-13 03:01:54', '2024-12-13 03:01:54'),
(24, 'edit_room', 'web', '5', '2024-12-13 03:01:54', '2024-12-13 03:01:54'),
(25, 'delete_room', 'web', '5', '2024-12-13 03:01:54', '2024-12-13 03:01:54'),
(26, 'view_rooms', 'web', '5', '2024-12-13 03:01:54', '2024-12-13 03:01:54'),
(27, 'subject', 'web', '6', '2024-12-13 03:01:54', '2024-12-13 03:01:54'),
(28, 'create_subject', 'web', '6', '2024-12-13 03:01:54', '2024-12-13 03:01:54'),
(29, 'edit_subject', 'web', '6', '2024-12-13 03:01:54', '2024-12-13 03:01:54'),
(30, 'delete_subject', 'web', '6', '2024-12-13 03:01:54', '2024-12-13 03:01:54'),
(31, 'view_subjects', 'web', '6', '2024-12-13 03:01:54', '2024-12-13 03:01:54'),
(32, 'section', 'web', '7', '2024-12-13 03:01:54', '2024-12-13 03:01:54'),
(33, 'create_section', 'web', '7', '2024-12-13 03:01:54', '2024-12-13 03:01:54'),
(34, 'edit_section', 'web', '7', '2024-12-13 03:01:54', '2024-12-13 03:01:54'),
(35, 'delete_section', 'web', '7', '2024-12-13 03:01:54', '2024-12-13 03:01:54'),
(36, 'view_sections', 'web', '7', '2024-12-13 03:01:54', '2024-12-13 03:01:54'),
(37, 'evaluation', 'web', '8', '2024-12-13 03:01:54', '2024-12-13 03:01:54'),
(38, 'create_evaluation', 'web', '8', '2024-12-13 03:01:54', '2024-12-13 03:01:54'),
(39, 'edit_evaluation', 'web', '8', '2024-12-13 03:01:54', '2024-12-13 03:01:54'),
(40, 'delete_evaluation', 'web', '8', '2024-12-13 03:01:54', '2024-12-13 03:01:54'),
(41, 'view_evaluations', 'web', '8', '2024-12-13 03:01:54', '2024-12-13 03:01:54'),
(42, 'response', 'web', '9', '2024-12-13 03:01:54', '2024-12-13 03:01:54'),
(43, 'create_response', 'web', '9', '2024-12-13 03:01:54', '2024-12-13 03:01:54'),
(44, 'edit_response', 'web', '9', '2024-12-13 03:01:54', '2024-12-13 03:01:54'),
(45, 'delete_response', 'web', '9', '2024-12-13 03:01:54', '2024-12-13 03:01:54'),
(46, 'view_responses', 'web', '9', '2024-12-13 03:01:54', '2024-12-13 03:01:54'),
(47, 'announcement', 'web', '10', '2024-12-13 03:01:54', '2024-12-13 03:01:54'),
(48, 'create_announcement', 'web', '10', '2024-12-13 03:01:54', '2024-12-13 03:01:54'),
(49, 'edit_announcement', 'web', '10', '2024-12-13 03:01:54', '2024-12-13 03:01:54'),
(50, 'delete_announcement', 'web', '10', '2024-12-13 03:01:54', '2024-12-13 03:01:54'),
(51, 'view_announcements', 'web', '10', '2024-12-13 03:01:54', '2024-12-13 03:01:54');

-- --------------------------------------------------------

--
-- Table structure for table `personal_access_tokens`
--

CREATE TABLE `personal_access_tokens` (
  `id` bigint(20) UNSIGNED NOT NULL,
  `tokenable_type` varchar(255) NOT NULL,
  `tokenable_id` bigint(20) UNSIGNED NOT NULL,
  `name` varchar(255) NOT NULL,
  `token` varchar(64) NOT NULL,
  `abilities` text DEFAULT NULL,
  `last_used_at` timestamp NULL DEFAULT NULL,
  `expires_at` timestamp NULL DEFAULT NULL,
  `created_at` timestamp NULL DEFAULT NULL,
  `updated_at` timestamp NULL DEFAULT NULL
) ENGINE=InnoDB DEFAULT CHARSET=utf8mb4 COLLATE=utf8mb4_unicode_ci;

-- --------------------------------------------------------

--
-- Table structure for table `phases`
--

CREATE TABLE `phases` (
  `id` bigint(20) UNSIGNED NOT NULL,
  `evaluation_id` bigint(20) UNSIGNED NOT NULL,
  `title` varchar(255) NOT NULL,
  `name` varchar(255) NOT NULL,
  `description` varchar(255) DEFAULT NULL,
  `order` int(11) NOT NULL,
  `created_at` timestamp NULL DEFAULT NULL,
  `updated_at` timestamp NULL DEFAULT NULL
) ENGINE=InnoDB DEFAULT CHARSET=utf8mb4 COLLATE=utf8mb4_unicode_ci;

--
-- Dumping data for table `phases`
--

INSERT INTO `phases` (`id`, `evaluation_id`, `title`, `name`, `description`, `order`, `created_at`, `updated_at`) VALUES
(1, 1, '', 'Teaching Competency', 'Evaluate the teacher\'s ability to deliver lessons effectively', 1, '2024-12-13 03:06:33', '2024-12-13 03:06:33'),
(2, 1, '', 'Class Management', 'Assess how well the teacher manages the classroom', 2, '2024-12-13 03:06:33', '2024-12-13 03:06:33'),
(3, 1, '', 'Professional Characteristics', 'Evaluate the teacher\'s professional behavior', 3, '2024-12-13 03:06:33', '2024-12-13 03:06:33'),
(4, 2, 'ad nobis', 'tempore perferendis', 'Nostrum cupiditate in eveniet libero tempora quidem aut.', 88, '2024-12-13 03:06:33', '2024-12-13 03:06:33'),
(5, 3, 'maiores distinctio', 'exercitationem eligendi', 'Explicabo impedit dolore magnam labore.', 95, '2024-12-13 03:06:33', '2024-12-13 03:06:33'),
(6, 4, 'impedit quod', 'voluptas molestiae', 'Repellat ducimus quisquam vel blanditiis culpa et.', 65, '2024-12-13 03:06:33', '2024-12-13 03:06:33'),
(7, 5, 'fugit nam', 'qui ex', 'Ipsa necessitatibus molestias quis qui optio corrupti ut.', 97, '2024-12-13 03:06:33', '2024-12-13 03:06:33'),
(8, 6, 'vel quis', 'est ipsum', 'Ut expedita consequatur consequuntur reiciendis.', 74, '2024-12-13 03:06:33', '2024-12-13 03:06:33'),
(9, 7, 'Planning and Preperation', '', NULL, 1, '2024-12-13 11:38:08', '2024-12-13 11:38:08'),
(10, 7, 'Classroom Environment', '', NULL, 2, '2024-12-13 11:38:08', '2024-12-13 11:38:08'),
(11, 7, 'Instruction', '', NULL, 3, '2024-12-13 11:38:08', '2024-12-13 11:38:08'),
(12, 7, 'Personal and Professional Qualities', '', NULL, 4, '2024-12-13 11:38:08', '2024-12-13 11:38:08');

-- --------------------------------------------------------

--
-- Table structure for table `questions`
--

CREATE TABLE `questions` (
  `id` bigint(20) UNSIGNED NOT NULL,
  `phase_id` bigint(20) UNSIGNED NOT NULL,
  `question` varchar(255) NOT NULL,
  `order` int(11) NOT NULL,
  `is_active` tinyint(1) NOT NULL DEFAULT 1,
  `created_at` timestamp NULL DEFAULT NULL,
  `updated_at` timestamp NULL DEFAULT NULL
) ENGINE=InnoDB DEFAULT CHARSET=utf8mb4 COLLATE=utf8mb4_unicode_ci;

--
-- Dumping data for table `questions`
--

INSERT INTO `questions` (`id`, `phase_id`, `question`, `order`, `is_active`, `created_at`, `updated_at`) VALUES
(1, 1, 'Demonstrates mastery of the subject matter', 1, 1, '2024-12-13 03:06:33', '2024-12-13 03:06:33'),
(2, 1, 'Explains the lessons clearly and effectively', 2, 1, '2024-12-13 03:06:33', '2024-12-13 03:06:33'),
(3, 1, 'Uses appropriate teaching methods and strategies', 3, 1, '2024-12-13 03:06:33', '2024-12-13 03:06:33'),
(4, 1, 'Provides relevant examples and applications', 4, 1, '2024-12-13 03:06:33', '2024-12-13 03:06:33'),
(5, 2, 'Maintains classroom discipline effectively', 1, 1, '2024-12-13 03:06:33', '2024-12-13 03:06:33'),
(6, 2, 'Creates a conducive learning environment', 2, 1, '2024-12-13 03:06:33', '2024-12-13 03:06:33'),
(7, 2, 'Manages time efficiently', 3, 1, '2024-12-13 03:06:33', '2024-12-13 03:06:33'),
(8, 2, 'Handles student concerns appropriately', 4, 1, '2024-12-13 03:06:33', '2024-12-13 03:06:33'),
(9, 3, 'Comes to class on time and regularly', 1, 1, '2024-12-13 03:06:33', '2024-12-13 03:06:33'),
(10, 3, 'Shows enthusiasm in teaching', 2, 1, '2024-12-13 03:06:33', '2024-12-13 03:06:33'),
(11, 3, 'Treats students with respect and fairness', 3, 1, '2024-12-13 03:06:33', '2024-12-13 03:06:33'),
(12, 3, 'Demonstrates professional behavior and appearance', 4, 1, '2024-12-13 03:06:33', '2024-12-13 03:06:33'),
(13, 7, 'Veritatis voluptas repellendus voluptate est occaecati id maxime.?', 31, 1, '2024-12-13 03:06:33', '2024-12-13 03:06:33'),
(14, 8, 'Est molestiae porro totam laudantium itaque.?', 82, 1, '2024-12-13 03:06:33', '2024-12-13 03:06:33'),
(15, 9, 'Show Broader knowledge of the subject matter field one teaches', 1, 1, '2024-12-13 11:38:08', '2024-12-13 11:38:08'),
(16, 9, 'Makes use of the different strategies for determining students existing knowledge', 2, 1, '2024-12-13 11:38:08', '2024-12-13 11:38:08'),
(17, 9, 'Uses up-to-date and relevant learning resources', 3, 1, '2024-12-13 11:38:08', '2024-12-13 11:38:08'),
(18, 9, 'Gives interesting activities related to lessons', 4, 1, '2024-12-13 11:38:08', '2024-12-13 11:38:08'),
(19, 9, 'Provides course  syllabulus content to the students at the beginning of the semester', 5, 1, '2024-12-13 11:38:08', '2024-12-13 11:38:08'),
(20, 10, 'Check Students attendance regularly', 1, 1, '2024-12-13 11:38:08', '2024-12-13 11:38:08'),
(21, 10, 'Maintain students attention and engagements during class', 2, 1, '2024-12-13 11:38:08', '2024-12-13 11:38:08'),
(22, 10, 'Creates a respectful and safe learning environments', 3, 1, '2024-12-13 11:38:08', '2024-12-13 11:38:08'),
(23, 10, 'Establishes a positive student teacher relationship', 4, 1, '2024-12-13 11:38:08', '2024-12-13 11:38:08'),
(24, 10, 'Encourages students to do their best', 5, 1, '2024-12-13 11:38:08', '2024-12-13 11:38:08'),
(25, 11, 'Communicates the objectives and outcomes of the lessons to students', 1, 1, '2024-12-13 11:38:08', '2024-12-13 11:38:08'),
(26, 11, 'Speaks clearly and audible to convey ideas effectively', 2, 1, '2024-12-13 11:38:08', '2024-12-13 11:38:08'),
(27, 11, 'Conducts asessments of learning using different assessment tools and techniques like recitation, assignements, activities,quizzes, examinations etc.', 3, 1, '2024-12-13 11:38:08', '2024-12-13 11:38:08'),
(28, 11, 'Provides feedback on students performance for improvements', 4, 1, '2024-12-13 11:38:08', '2024-12-13 11:38:08'),
(29, 12, 'Observe proper grooming and attire during classes', 1, 1, '2024-12-13 11:38:08', '2024-12-13 11:38:08'),
(30, 12, 'Comes to class on time and leave class on time', 2, 1, '2024-12-13 11:38:08', '2024-12-13 11:38:08'),
(31, 12, 'Report absences or schedules of changes', 3, 1, '2024-12-13 11:38:08', '2024-12-13 11:38:08'),
(32, 12, 'Make use of the time in class effectively', 4, 1, '2024-12-13 11:38:08', '2024-12-13 11:38:08'),
(33, 12, 'Accomodates students needs during specified working hours', 5, 1, '2024-12-13 11:38:08', '2024-12-13 11:38:08');

-- --------------------------------------------------------

--
-- Table structure for table `question_responses`
--

CREATE TABLE `question_responses` (
  `id` bigint(20) UNSIGNED NOT NULL,
  `evaluation_response_id` bigint(20) UNSIGNED NOT NULL,
  `question_id` bigint(20) UNSIGNED NOT NULL,
  `student_id` bigint(20) UNSIGNED NOT NULL,
  `rating` int(11) NOT NULL,
  `created_at` timestamp NULL DEFAULT NULL,
  `updated_at` timestamp NULL DEFAULT NULL
) ENGINE=InnoDB DEFAULT CHARSET=utf8mb4 COLLATE=utf8mb4_unicode_ci;

-- --------------------------------------------------------

--
-- Table structure for table `roles`
--

CREATE TABLE `roles` (
  `id` bigint(20) UNSIGNED NOT NULL,
  `name` varchar(255) NOT NULL,
  `guard_name` varchar(255) NOT NULL,
  `created_at` timestamp NULL DEFAULT NULL,
  `updated_at` timestamp NULL DEFAULT NULL
) ENGINE=InnoDB DEFAULT CHARSET=utf8mb4 COLLATE=utf8mb4_unicode_ci;

--
-- Dumping data for table `roles`
--

INSERT INTO `roles` (`id`, `name`, `guard_name`, `created_at`, `updated_at`) VALUES
(1, 'admin', 'web', '2024-12-13 03:01:54', '2024-12-13 03:01:54'),
(2, 'teacher', 'web', '2024-12-13 03:01:54', '2024-12-13 03:01:54'),
(3, 'dean', 'web', '2024-12-13 03:01:54', '2024-12-13 03:01:54'),
(4, 'student', 'web', '2024-12-13 03:01:54', '2024-12-13 03:01:54');

-- --------------------------------------------------------

--
-- Table structure for table `role_has_permissions`
--

CREATE TABLE `role_has_permissions` (
  `permission_id` bigint(20) UNSIGNED NOT NULL,
  `role_id` bigint(20) UNSIGNED NOT NULL
) ENGINE=InnoDB DEFAULT CHARSET=utf8mb4 COLLATE=utf8mb4_unicode_ci;

-- --------------------------------------------------------

--
-- Table structure for table `rooms`
--

CREATE TABLE `rooms` (
  `id` bigint(20) UNSIGNED NOT NULL,
  `name` varchar(255) NOT NULL,
  `building_id` bigint(20) UNSIGNED NOT NULL,
  `is_active` tinyint(1) NOT NULL DEFAULT 1,
  `deleted_at` timestamp NULL DEFAULT NULL,
  `created_at` timestamp NULL DEFAULT NULL,
  `updated_at` timestamp NULL DEFAULT NULL
) ENGINE=InnoDB DEFAULT CHARSET=utf8mb4 COLLATE=utf8mb4_unicode_ci;

--
-- Dumping data for table `rooms`
--

INSERT INTO `rooms` (`id`, `name`, `building_id`, `is_active`, `deleted_at`, `created_at`, `updated_at`) VALUES
(1, 'Room 1', 1, 1, NULL, NULL, NULL),
(2, 'Room 2', 1, 1, NULL, NULL, NULL),
(3, 'Room 8', 2, 1, NULL, '2024-12-13 03:06:33', '2024-12-13 03:06:33'),
(4, 'Room 11', 3, 1, NULL, '2024-12-13 03:06:33', '2024-12-13 03:06:33'),
(5, 'Room 28', 4, 1, NULL, '2024-12-13 03:06:33', '2024-12-13 03:06:33'),
(6, 'Room 5', 5, 1, NULL, '2024-12-13 03:06:33', '2024-12-13 03:06:33'),
(7, 'Room 15', 6, 1, NULL, '2024-12-13 03:06:33', '2024-12-13 03:06:33'),
(8, 'Room 41', 7, 1, NULL, '2024-12-13 03:06:33', '2024-12-13 03:06:33'),
(9, 'Room 16', 8, 1, NULL, '2024-12-13 03:06:33', '2024-12-13 03:06:33'),
(10, 'Room 7', 9, 0, NULL, '2024-12-13 03:06:33', '2024-12-13 03:06:33'),
(11, 'Room 4', 10, 1, NULL, '2024-12-13 03:06:33', '2024-12-13 03:06:33'),
(12, 'Room 33', 11, 0, NULL, '2024-12-13 03:06:33', '2024-12-13 03:06:33'),
(13, 'Room 15', 12, 0, NULL, '2024-12-13 03:06:33', '2024-12-13 03:06:33'),
(14, 'Room 28', 13, 1, NULL, '2024-12-13 03:06:33', '2024-12-13 03:06:33'),
(15, 'Room 3', 14, 1, NULL, '2024-12-13 03:06:33', '2024-12-13 03:06:33'),
(16, 'Room 28', 15, 0, NULL, '2024-12-13 03:06:33', '2024-12-13 03:06:33'),
(17, 'Room 32', 16, 0, NULL, '2024-12-13 03:06:33', '2024-12-13 03:06:33'),
(18, 'Room 28', 17, 0, NULL, '2024-12-13 03:06:33', '2024-12-13 03:06:33'),
(19, 'Room 1', 18, 1, NULL, '2024-12-13 03:06:33', '2024-12-13 03:06:33'),
(20, 'Room 37', 19, 1, NULL, '2024-12-13 03:06:33', '2024-12-13 03:06:33'),
(21, 'Room 42', 20, 1, NULL, '2024-12-13 03:06:33', '2024-12-13 03:06:33'),
(22, 'Room 20', 21, 0, NULL, '2024-12-13 03:06:33', '2024-12-13 03:06:33'),
(23, 'Room 21', 22, 1, NULL, '2024-12-13 03:06:33', '2024-12-13 03:06:33'),
(24, 'Room 15', 23, 0, NULL, '2024-12-13 03:06:33', '2024-12-13 03:06:33'),
(25, 'Room 50', 24, 1, NULL, '2024-12-13 03:06:33', '2024-12-13 03:06:33'),
(26, 'Room 19', 25, 1, NULL, '2024-12-13 03:06:33', '2024-12-13 03:06:33'),
(27, 'Room 46', 26, 0, NULL, '2024-12-13 03:06:33', '2024-12-13 03:06:33'),
(28, 'Room 14', 27, 1, NULL, '2024-12-13 03:06:33', '2024-12-13 03:06:33'),
(29, 'Room 34', 28, 0, NULL, '2024-12-13 03:06:33', '2024-12-13 03:06:33'),
(30, 'Room 26', 29, 1, NULL, '2024-12-13 03:06:33', '2024-12-13 03:06:33'),
(31, 'Room 24', 30, 1, NULL, '2024-12-13 03:06:33', '2024-12-13 03:06:33'),
(32, 'Room 37', 31, 1, NULL, '2024-12-13 03:06:33', '2024-12-13 03:06:33'),
(33, 'Room 26', 32, 1, NULL, '2024-12-13 03:06:33', '2024-12-13 03:06:33'),
(34, 'Room 47', 33, 1, NULL, '2024-12-13 03:06:33', '2024-12-13 03:06:33'),
(35, 'Room 13', 34, 1, NULL, '2024-12-13 03:06:33', '2024-12-13 03:06:33'),
(36, 'Room 11', 35, 1, NULL, '2024-12-13 03:06:33', '2024-12-13 03:06:33'),
(37, 'Room 38', 36, 0, NULL, '2024-12-13 03:06:33', '2024-12-13 03:06:33'),
(38, 'Room 6', 37, 1, NULL, '2024-12-13 03:06:33', '2024-12-13 03:06:33'),
(39, 'Room 26', 38, 0, NULL, '2024-12-13 03:06:33', '2024-12-13 03:06:33'),
(40, 'Room 33', 39, 1, NULL, '2024-12-13 03:06:33', '2024-12-13 03:06:33'),
(41, 'Room 3', 40, 1, NULL, '2024-12-13 03:06:33', '2024-12-13 03:06:33'),
(42, 'Room 36', 41, 0, NULL, '2024-12-13 03:06:33', '2024-12-13 03:06:33'),
(43, 'Room 45', 42, 0, NULL, '2024-12-13 03:06:33', '2024-12-13 03:06:33'),
(44, 'Room 10', 43, 1, NULL, '2024-12-13 03:06:33', '2024-12-13 03:06:33'),
(45, 'Room 26', 44, 1, NULL, '2024-12-13 03:06:33', '2024-12-13 03:06:33'),
(46, 'Room 26', 45, 1, NULL, '2024-12-13 03:06:33', '2024-12-13 03:06:33'),
(47, 'Room 6', 46, 1, NULL, '2024-12-13 03:06:33', '2024-12-13 03:06:33'),
(48, 'Room 16', 47, 1, NULL, '2024-12-13 03:06:33', '2024-12-13 03:06:33'),
(49, 'Room 42', 48, 1, NULL, '2024-12-13 03:06:33', '2024-12-13 03:06:33'),
(50, 'Room 25', 49, 0, NULL, '2024-12-13 03:06:33', '2024-12-13 03:06:33'),
(51, 'Room 38', 50, 1, NULL, '2024-12-13 03:06:33', '2024-12-13 03:06:33'),
(52, 'Room 2', 51, 0, NULL, '2024-12-13 03:06:33', '2024-12-13 03:06:33'),
(53, 'Room 35', 52, 1, NULL, '2024-12-13 03:06:33', '2024-12-13 03:06:33'),
(54, 'Room 17', 53, 1, NULL, '2024-12-13 03:06:33', '2024-12-13 03:06:33'),
(55, 'Room 22', 54, 0, NULL, '2024-12-13 03:06:33', '2024-12-13 03:06:33'),
(56, 'Room 15', 55, 0, NULL, '2024-12-13 03:06:33', '2024-12-13 03:06:33'),
(57, 'Room 30', 56, 1, NULL, '2024-12-13 03:06:33', '2024-12-13 03:06:33'),
(58, 'Room 49', 57, 0, NULL, '2024-12-13 03:06:33', '2024-12-13 03:06:33'),
(59, 'Room 22', 58, 1, NULL, '2024-12-13 03:06:33', '2024-12-13 03:06:33'),
(60, 'Room 42', 59, 1, NULL, '2024-12-13 03:06:33', '2024-12-13 03:06:33'),
(61, 'Room 25', 60, 1, NULL, '2024-12-13 03:06:33', '2024-12-13 03:06:33'),
(62, 'Room 32', 61, 0, NULL, '2024-12-13 03:06:33', '2024-12-13 03:06:33'),
(63, 'Room 9', 62, 1, NULL, '2024-12-13 03:06:33', '2024-12-13 03:06:33'),
(64, 'Room 34', 63, 1, NULL, '2024-12-13 03:06:33', '2024-12-13 03:06:33'),
(65, 'Room 34', 64, 1, NULL, '2024-12-13 03:06:33', '2024-12-13 03:06:33'),
(66, 'Room 32', 65, 1, NULL, '2024-12-13 03:06:33', '2024-12-13 03:06:33'),
(67, 'Room 8', 66, 0, NULL, '2024-12-13 03:06:33', '2024-12-13 03:06:33'),
(68, 'Room 43', 67, 0, NULL, '2024-12-13 03:06:33', '2024-12-13 03:06:33'),
(69, 'Room 6', 68, 0, NULL, '2024-12-13 03:06:33', '2024-12-13 03:06:33'),
(70, 'Room 30', 69, 0, NULL, '2024-12-13 03:06:33', '2024-12-13 03:06:33'),
(71, 'Room 29', 70, 0, NULL, '2024-12-13 03:06:33', '2024-12-13 03:06:33'),
(72, 'Room 37', 71, 0, NULL, '2024-12-13 03:06:33', '2024-12-13 03:06:33'),
(73, 'Room 28', 72, 0, NULL, '2024-12-13 03:06:33', '2024-12-13 03:06:33'),
(74, 'Room 30', 73, 0, NULL, '2024-12-13 03:06:33', '2024-12-13 03:06:33'),
(75, 'Room 39', 74, 1, NULL, '2024-12-13 03:06:33', '2024-12-13 03:06:33'),
(76, 'Room 29', 75, 1, NULL, '2024-12-13 03:06:33', '2024-12-13 03:06:33'),
(77, 'Room 31', 76, 0, NULL, '2024-12-13 03:06:33', '2024-12-13 03:06:33'),
(78, 'Room 41', 77, 1, NULL, '2024-12-13 03:06:33', '2024-12-13 03:06:33'),
(79, 'Room 17', 78, 1, NULL, '2024-12-13 03:06:33', '2024-12-13 03:06:33'),
(80, 'Room 30', 79, 0, NULL, '2024-12-13 03:06:33', '2024-12-13 03:06:33'),
(81, 'Room 28', 80, 0, NULL, '2024-12-13 03:06:33', '2024-12-13 03:06:33'),
(82, 'Room 47', 81, 0, NULL, '2024-12-13 03:06:33', '2024-12-13 03:06:33'),
(83, 'Room 34', 82, 1, NULL, '2024-12-13 03:06:33', '2024-12-13 03:06:33'),
(84, 'Room 14', 83, 1, NULL, '2024-12-13 03:06:33', '2024-12-13 03:06:33'),
(85, 'Room 37', 84, 1, NULL, '2024-12-13 03:06:33', '2024-12-13 03:06:33'),
(86, 'Room 19', 85, 1, NULL, '2024-12-13 03:06:33', '2024-12-13 03:06:33'),
(87, 'Room 14', 86, 1, NULL, '2024-12-13 03:06:33', '2024-12-13 03:06:33'),
(88, 'Room 4', 87, 1, NULL, '2024-12-13 03:06:33', '2024-12-13 03:06:33'),
(89, 'Room 42', 88, 1, NULL, '2024-12-13 03:06:33', '2024-12-13 03:06:33'),
(90, 'Room 8', 89, 1, NULL, '2024-12-13 03:06:33', '2024-12-13 03:06:33'),
(91, 'Room 39', 90, 0, NULL, '2024-12-13 03:06:33', '2024-12-13 03:06:33'),
(92, 'Room 1', 91, 1, NULL, '2024-12-13 03:06:33', '2024-12-13 03:06:33'),
(93, 'Room 6', 92, 0, NULL, '2024-12-13 03:06:33', '2024-12-13 03:06:33'),
(94, 'Room 25', 93, 0, NULL, '2024-12-13 03:06:33', '2024-12-13 03:06:33'),
(95, 'Room 33', 94, 1, NULL, '2024-12-13 03:06:33', '2024-12-13 03:06:33'),
(96, 'Room 41', 95, 0, NULL, '2024-12-13 03:06:33', '2024-12-13 03:06:33'),
(97, 'Room 20', 96, 1, NULL, '2024-12-13 03:06:33', '2024-12-13 03:06:33'),
(98, 'Room 50', 97, 1, NULL, '2024-12-13 03:06:33', '2024-12-13 03:06:33'),
(99, 'Room 1', 98, 0, NULL, '2024-12-13 03:06:33', '2024-12-13 03:06:33'),
(100, 'Room 7', 99, 0, NULL, '2024-12-13 03:06:33', '2024-12-13 03:06:33'),
(101, 'Room 22', 100, 1, NULL, '2024-12-13 03:06:33', '2024-12-13 03:06:33'),
(102, 'Room 14', 101, 1, NULL, '2024-12-13 03:06:33', '2024-12-13 03:06:33');

-- --------------------------------------------------------

--
-- Table structure for table `room_sections`
--

CREATE TABLE `room_sections` (
  `id` bigint(20) UNSIGNED NOT NULL,
  `teacher_id` bigint(20) UNSIGNED NOT NULL,
  `room_id` bigint(20) UNSIGNED NOT NULL,
  `section_id` bigint(20) UNSIGNED NOT NULL,
  `subject_id` bigint(20) UNSIGNED NOT NULL,
  `department_id` bigint(20) UNSIGNED NOT NULL,
  `evaluation_id` bigint(20) UNSIGNED DEFAULT NULL,
  `year_level` varchar(255) NOT NULL,
  `semester` varchar(255) NOT NULL,
  `start_date` datetime NOT NULL,
  `end_date` datetime NOT NULL,
  `created_at` timestamp NULL DEFAULT NULL,
  `updated_at` timestamp NULL DEFAULT NULL
) ENGINE=InnoDB DEFAULT CHARSET=utf8mb4 COLLATE=utf8mb4_unicode_ci;

--
-- Dumping data for table `room_sections`
--

INSERT INTO `room_sections` (`id`, `teacher_id`, `room_id`, `section_id`, `subject_id`, `department_id`, `evaluation_id`, `year_level`, `semester`, `start_date`, `end_date`, `created_at`, `updated_at`) VALUES
(1, 3, 9, 1, 4, 2, 1, '3st', '1st', '2024-01-01 10:00:00', '2024-01-01 12:00:00', NULL, NULL),
(2, 2, 4, 2, 2, 1, 1, '2st', '2st', '2024-01-01 10:00:00', '2024-01-01 12:00:00', NULL, NULL),
(3, 2, 10, 3, 1, 1, 1, '2st', '1st', '2024-01-01 10:00:00', '2024-01-01 12:00:00', NULL, NULL),
(4, 1, 7, 4, 4, 2, 1, '2st', '1st', '2024-01-01 10:00:00', '2024-01-01 12:00:00', NULL, NULL),
(5, 1, 2, 5, 5, 2, 1, '2st', '1st', '2024-01-01 10:00:00', '2024-01-01 12:00:00', NULL, NULL),
(6, 2, 8, 6, 5, 1, 1, '1st', '2st', '2024-01-01 10:00:00', '2024-01-01 12:00:00', NULL, NULL),
(7, 2, 9, 7, 5, 2, 1, '4st', '1st', '2024-01-01 10:00:00', '2024-01-01 12:00:00', NULL, NULL),
(8, 1, 10, 8, 4, 2, 1, '1st', '2st', '2024-01-01 10:00:00', '2024-01-01 12:00:00', NULL, NULL),
(9, 2, 7, 9, 5, 3, 1, '1st', '1st', '2024-01-01 10:00:00', '2024-01-01 12:00:00', NULL, NULL),
(10, 2, 5, 10, 5, 2, 1, '2st', '2st', '2024-01-01 10:00:00', '2024-01-01 12:00:00', NULL, NULL),
(11, 2, 6, 11, 1, 3, 1, '4st', '2st', '2024-01-01 10:00:00', '2024-01-01 12:00:00', NULL, NULL),
(12, 2, 6, 12, 4, 1, 1, '2st', '2st', '2024-01-01 10:00:00', '2024-01-01 12:00:00', NULL, NULL),
(13, 2, 10, 13, 2, 3, 1, '1st', '2st', '2024-01-01 10:00:00', '2024-01-01 12:00:00', NULL, NULL),
(14, 2, 3, 14, 2, 3, 1, '4st', '2st', '2024-01-01 10:00:00', '2024-01-01 12:00:00', NULL, NULL),
(15, 3, 7, 15, 1, 2, 1, '4st', '2st', '2024-01-01 10:00:00', '2024-01-01 12:00:00', NULL, NULL),
(16, 2, 10, 16, 5, 3, 1, '4st', '1st', '2024-01-01 10:00:00', '2024-01-01 12:00:00', NULL, NULL),
(17, 1, 9, 17, 5, 2, 1, '3st', '2st', '2024-01-01 10:00:00', '2024-01-01 12:00:00', NULL, NULL),
(18, 2, 2, 18, 3, 1, 1, '4st', '2st', '2024-01-01 10:00:00', '2024-01-01 12:00:00', NULL, NULL),
(19, 3, 6, 19, 5, 3, 1, '2st', '2st', '2024-01-01 10:00:00', '2024-01-01 12:00:00', NULL, NULL),
(20, 1, 10, 20, 1, 1, 1, '3st', '2st', '2024-01-01 10:00:00', '2024-01-01 12:00:00', NULL, NULL),
(21, 1, 3, 21, 3, 1, 1, '1st', '1st', '2024-01-01 10:00:00', '2024-01-01 12:00:00', NULL, NULL),
(22, 3, 10, 22, 5, 1, 1, '3st', '1st', '2024-01-01 10:00:00', '2024-01-01 12:00:00', NULL, NULL),
(23, 1, 2, 23, 2, 1, 1, '3st', '1st', '2024-01-01 10:00:00', '2024-01-01 12:00:00', NULL, NULL),
(24, 3, 1, 24, 1, 1, 1, '2st', '2st', '2024-01-01 10:00:00', '2024-01-01 12:00:00', NULL, NULL),
(25, 3, 5, 25, 4, 1, 1, '3st', '2st', '2024-01-01 10:00:00', '2024-01-01 12:00:00', NULL, NULL),
(26, 1, 8, 26, 5, 2, 1, '1st', '2st', '2024-01-01 10:00:00', '2024-01-01 12:00:00', NULL, NULL),
(27, 2, 1, 27, 3, 1, 1, '2st', '1st', '2024-01-01 10:00:00', '2024-01-01 12:00:00', NULL, NULL),
(28, 2, 1, 28, 3, 1, 1, '3st', '1st', '2024-01-01 10:00:00', '2024-01-01 12:00:00', NULL, NULL),
(29, 1, 6, 29, 4, 3, 1, '3st', '2st', '2024-01-01 10:00:00', '2024-01-01 12:00:00', NULL, NULL),
(30, 2, 7, 30, 4, 1, 1, '3st', '1st', '2024-01-01 10:00:00', '2024-01-01 12:00:00', NULL, NULL),
(31, 2, 2, 31, 5, 3, 1, '4st', '1st', '2024-01-01 10:00:00', '2024-01-01 12:00:00', NULL, NULL),
(32, 1, 9, 32, 5, 2, 1, '3st', '2st', '2024-01-01 10:00:00', '2024-01-01 12:00:00', NULL, NULL),
(33, 2, 6, 33, 2, 2, 1, '1st', '2st', '2024-01-01 10:00:00', '2024-01-01 12:00:00', NULL, NULL),
(34, 1, 4, 34, 3, 2, 1, '1st', '1st', '2024-01-01 10:00:00', '2024-01-01 12:00:00', NULL, NULL),
(35, 1, 3, 35, 4, 3, 1, '3st', '2st', '2024-01-01 10:00:00', '2024-01-01 12:00:00', NULL, NULL),
(36, 3, 10, 36, 4, 3, 1, '3st', '1st', '2024-01-01 10:00:00', '2024-01-01 12:00:00', NULL, NULL),
(37, 2, 5, 37, 4, 1, 1, '4st', '2st', '2024-01-01 10:00:00', '2024-01-01 12:00:00', NULL, NULL),
(38, 2, 6, 38, 3, 2, 1, '1st', '1st', '2024-01-01 10:00:00', '2024-01-01 12:00:00', NULL, NULL),
(39, 2, 6, 39, 4, 3, 1, '2st', '1st', '2024-01-01 10:00:00', '2024-01-01 12:00:00', NULL, NULL),
(40, 1, 6, 40, 3, 2, 1, '1st', '1st', '2024-01-01 10:00:00', '2024-01-01 12:00:00', NULL, NULL),
(41, 3, 7, 41, 3, 1, 1, '2st', '2st', '2024-01-01 10:00:00', '2024-01-01 12:00:00', NULL, NULL),
(42, 1, 1, 42, 4, 2, 1, '2st', '1st', '2024-01-01 10:00:00', '2024-01-01 12:00:00', NULL, NULL),
(43, 1, 9, 43, 2, 3, 1, '2st', '2st', '2024-01-01 10:00:00', '2024-01-01 12:00:00', NULL, NULL),
(44, 3, 5, 44, 2, 1, 1, '2st', '2st', '2024-01-01 10:00:00', '2024-01-01 12:00:00', NULL, NULL),
(45, 2, 2, 45, 1, 3, 1, '1st', '1st', '2024-01-01 10:00:00', '2024-01-01 12:00:00', NULL, NULL),
(46, 3, 6, 46, 1, 3, 1, '2st', '2st', '2024-01-01 10:00:00', '2024-01-01 12:00:00', NULL, NULL),
(47, 3, 5, 47, 2, 3, 1, '2st', '2st', '2024-01-01 10:00:00', '2024-01-01 12:00:00', NULL, NULL),
(48, 2, 4, 48, 4, 3, 1, '2st', '2st', '2024-01-01 10:00:00', '2024-01-01 12:00:00', NULL, NULL),
(49, 1, 4, 49, 2, 1, 7, '1st', '2st', '2024-01-01 10:00:00', '2024-01-01 12:00:00', NULL, '2024-12-13 11:38:08'),
(50, 2, 8, 50, 2, 2, 1, '1st', '1st', '2024-01-01 10:00:00', '2024-01-01 12:00:00', NULL, NULL),
(51, 11, 101, 51, 59, 10, 7, '1st', '1st', '2024-12-11 11:53:00', '2025-01-02 11:53:00', '2024-12-13 11:53:18', '2024-12-13 11:53:33');

-- --------------------------------------------------------

--
-- Table structure for table `room_section_students`
--

CREATE TABLE `room_section_students` (
  `id` bigint(20) UNSIGNED NOT NULL,
  `room_section_id` bigint(20) UNSIGNED NOT NULL,
  `student_id` bigint(20) UNSIGNED NOT NULL,
  `created_at` timestamp NULL DEFAULT NULL,
  `updated_at` timestamp NULL DEFAULT NULL
) ENGINE=InnoDB DEFAULT CHARSET=utf8mb4 COLLATE=utf8mb4_unicode_ci;

--
-- Dumping data for table `room_section_students`
--

INSERT INTO `room_section_students` (`id`, `room_section_id`, `student_id`, `created_at`, `updated_at`) VALUES
(1, 1, 4, NULL, NULL),
(2, 1, 5, NULL, NULL),
(3, 1, 6, NULL, NULL),
(4, 1, 7, NULL, NULL),
(5, 1, 8, NULL, NULL),
(6, 2, 4, NULL, NULL),
(7, 2, 5, NULL, NULL),
(8, 2, 6, NULL, NULL),
(9, 2, 7, NULL, NULL),
(10, 2, 8, NULL, NULL),
(11, 3, 4, NULL, NULL),
(12, 3, 5, NULL, NULL),
(13, 3, 6, NULL, NULL),
(14, 3, 7, NULL, NULL),
(15, 3, 8, NULL, NULL),
(16, 4, 4, NULL, NULL),
(17, 4, 5, NULL, NULL),
(18, 4, 6, NULL, NULL),
(19, 4, 7, NULL, NULL),
(20, 4, 8, NULL, NULL),
(21, 5, 4, NULL, NULL),
(22, 5, 5, NULL, NULL),
(23, 5, 6, NULL, NULL),
(24, 5, 7, NULL, NULL),
(25, 5, 8, NULL, NULL),
(26, 6, 4, NULL, NULL),
(27, 6, 5, NULL, NULL),
(28, 6, 6, NULL, NULL),
(29, 6, 7, NULL, NULL),
(30, 6, 8, NULL, NULL),
(31, 7, 4, NULL, NULL),
(32, 7, 5, NULL, NULL),
(33, 7, 6, NULL, NULL),
(34, 7, 7, NULL, NULL),
(35, 7, 8, NULL, NULL),
(36, 8, 4, NULL, NULL),
(37, 8, 5, NULL, NULL),
(38, 8, 6, NULL, NULL),
(39, 8, 7, NULL, NULL),
(40, 8, 8, NULL, NULL),
(41, 9, 4, NULL, NULL),
(42, 9, 5, NULL, NULL),
(43, 9, 6, NULL, NULL),
(44, 9, 7, NULL, NULL),
(45, 9, 8, NULL, NULL),
(46, 10, 4, NULL, NULL),
(47, 10, 5, NULL, NULL),
(48, 10, 6, NULL, NULL),
(49, 10, 7, NULL, NULL),
(50, 10, 8, NULL, NULL),
(51, 11, 4, NULL, NULL),
(52, 11, 5, NULL, NULL),
(53, 11, 6, NULL, NULL),
(54, 11, 7, NULL, NULL),
(55, 11, 8, NULL, NULL),
(56, 12, 4, NULL, NULL),
(57, 12, 5, NULL, NULL),
(58, 12, 6, NULL, NULL),
(59, 12, 7, NULL, NULL),
(60, 12, 8, NULL, NULL),
(61, 13, 4, NULL, NULL),
(62, 13, 5, NULL, NULL),
(63, 13, 6, NULL, NULL),
(64, 13, 7, NULL, NULL),
(65, 13, 8, NULL, NULL),
(66, 14, 4, NULL, NULL),
(67, 14, 5, NULL, NULL),
(68, 14, 6, NULL, NULL),
(69, 14, 7, NULL, NULL),
(70, 14, 8, NULL, NULL),
(71, 15, 4, NULL, NULL),
(72, 15, 5, NULL, NULL),
(73, 15, 6, NULL, NULL),
(74, 15, 7, NULL, NULL),
(75, 15, 8, NULL, NULL),
(76, 16, 4, NULL, NULL),
(77, 16, 5, NULL, NULL),
(78, 16, 6, NULL, NULL),
(79, 16, 7, NULL, NULL),
(80, 16, 8, NULL, NULL),
(81, 17, 4, NULL, NULL),
(82, 17, 5, NULL, NULL),
(83, 17, 6, NULL, NULL),
(84, 17, 7, NULL, NULL),
(85, 17, 8, NULL, NULL),
(86, 18, 4, NULL, NULL),
(87, 18, 5, NULL, NULL),
(88, 18, 6, NULL, NULL),
(89, 18, 7, NULL, NULL),
(90, 18, 8, NULL, NULL),
(91, 19, 4, NULL, NULL),
(92, 19, 5, NULL, NULL),
(93, 19, 6, NULL, NULL),
(94, 19, 7, NULL, NULL),
(95, 19, 8, NULL, NULL),
(96, 20, 4, NULL, NULL),
(97, 20, 5, NULL, NULL),
(98, 20, 6, NULL, NULL),
(99, 20, 7, NULL, NULL),
(100, 20, 8, NULL, NULL),
(101, 21, 4, NULL, NULL),
(102, 21, 5, NULL, NULL),
(103, 21, 6, NULL, NULL),
(104, 21, 7, NULL, NULL),
(105, 21, 8, NULL, NULL),
(106, 22, 4, NULL, NULL),
(107, 22, 5, NULL, NULL),
(108, 22, 6, NULL, NULL),
(109, 22, 7, NULL, NULL),
(110, 22, 8, NULL, NULL),
(111, 23, 4, NULL, NULL),
(112, 23, 5, NULL, NULL),
(113, 23, 6, NULL, NULL),
(114, 23, 7, NULL, NULL),
(115, 23, 8, NULL, NULL),
(116, 24, 4, NULL, NULL),
(117, 24, 5, NULL, NULL),
(118, 24, 6, NULL, NULL),
(119, 24, 7, NULL, NULL),
(120, 24, 8, NULL, NULL),
(121, 25, 4, NULL, NULL),
(122, 25, 5, NULL, NULL),
(123, 25, 6, NULL, NULL),
(124, 25, 7, NULL, NULL),
(125, 25, 8, NULL, NULL),
(126, 26, 4, NULL, NULL),
(127, 26, 5, NULL, NULL),
(128, 26, 6, NULL, NULL),
(129, 26, 7, NULL, NULL),
(130, 26, 8, NULL, NULL),
(131, 27, 4, NULL, NULL),
(132, 27, 5, NULL, NULL),
(133, 27, 6, NULL, NULL),
(134, 27, 7, NULL, NULL),
(135, 27, 8, NULL, NULL),
(136, 28, 4, NULL, NULL),
(137, 28, 5, NULL, NULL),
(138, 28, 6, NULL, NULL),
(139, 28, 7, NULL, NULL),
(140, 28, 8, NULL, NULL),
(141, 29, 4, NULL, NULL),
(142, 29, 5, NULL, NULL),
(143, 29, 6, NULL, NULL),
(144, 29, 7, NULL, NULL),
(145, 29, 8, NULL, NULL),
(146, 30, 4, NULL, NULL),
(147, 30, 5, NULL, NULL),
(148, 30, 6, NULL, NULL),
(149, 30, 7, NULL, NULL),
(150, 30, 8, NULL, NULL),
(151, 31, 4, NULL, NULL),
(152, 31, 5, NULL, NULL),
(153, 31, 6, NULL, NULL),
(154, 31, 7, NULL, NULL),
(155, 31, 8, NULL, NULL),
(156, 32, 4, NULL, NULL),
(157, 32, 5, NULL, NULL),
(158, 32, 6, NULL, NULL),
(159, 32, 7, NULL, NULL),
(160, 32, 8, NULL, NULL),
(161, 33, 4, NULL, NULL),
(162, 33, 5, NULL, NULL),
(163, 33, 6, NULL, NULL),
(164, 33, 7, NULL, NULL),
(165, 33, 8, NULL, NULL),
(166, 34, 4, NULL, NULL),
(167, 34, 5, NULL, NULL),
(168, 34, 6, NULL, NULL),
(169, 34, 7, NULL, NULL),
(170, 34, 8, NULL, NULL),
(171, 35, 4, NULL, NULL),
(172, 35, 5, NULL, NULL),
(173, 35, 6, NULL, NULL),
(174, 35, 7, NULL, NULL),
(175, 35, 8, NULL, NULL),
(176, 36, 4, NULL, NULL),
(177, 36, 5, NULL, NULL),
(178, 36, 6, NULL, NULL),
(179, 36, 7, NULL, NULL),
(180, 36, 8, NULL, NULL),
(181, 37, 4, NULL, NULL),
(182, 37, 5, NULL, NULL),
(183, 37, 6, NULL, NULL),
(184, 37, 7, NULL, NULL),
(185, 37, 8, NULL, NULL),
(186, 38, 4, NULL, NULL),
(187, 38, 5, NULL, NULL),
(188, 38, 6, NULL, NULL),
(189, 38, 7, NULL, NULL),
(190, 38, 8, NULL, NULL),
(191, 39, 4, NULL, NULL),
(192, 39, 5, NULL, NULL),
(193, 39, 6, NULL, NULL),
(194, 39, 7, NULL, NULL),
(195, 39, 8, NULL, NULL),
(196, 40, 4, NULL, NULL),
(197, 40, 5, NULL, NULL),
(198, 40, 6, NULL, NULL),
(199, 40, 7, NULL, NULL),
(200, 40, 8, NULL, NULL),
(201, 41, 4, NULL, NULL),
(202, 41, 5, NULL, NULL),
(203, 41, 6, NULL, NULL),
(204, 41, 7, NULL, NULL),
(205, 41, 8, NULL, NULL),
(206, 42, 4, NULL, NULL),
(207, 42, 5, NULL, NULL),
(208, 42, 6, NULL, NULL),
(209, 42, 7, NULL, NULL),
(210, 42, 8, NULL, NULL),
(211, 43, 4, NULL, NULL),
(212, 43, 5, NULL, NULL),
(213, 43, 6, NULL, NULL),
(214, 43, 7, NULL, NULL),
(215, 43, 8, NULL, NULL),
(216, 44, 4, NULL, NULL),
(217, 44, 5, NULL, NULL),
(218, 44, 6, NULL, NULL),
(219, 44, 7, NULL, NULL),
(220, 44, 8, NULL, NULL),
(221, 45, 4, NULL, NULL),
(222, 45, 5, NULL, NULL),
(223, 45, 6, NULL, NULL),
(224, 45, 7, NULL, NULL),
(225, 45, 8, NULL, NULL),
(226, 46, 4, NULL, NULL),
(227, 46, 5, NULL, NULL),
(228, 46, 6, NULL, NULL),
(229, 46, 7, NULL, NULL),
(230, 46, 8, NULL, NULL),
(231, 47, 4, NULL, NULL),
(232, 47, 5, NULL, NULL),
(233, 47, 6, NULL, NULL),
(234, 47, 7, NULL, NULL),
(235, 47, 8, NULL, NULL),
(236, 48, 4, NULL, NULL),
(237, 48, 5, NULL, NULL),
(238, 48, 6, NULL, NULL),
(239, 48, 7, NULL, NULL),
(240, 48, 8, NULL, NULL),
(241, 49, 4, NULL, NULL),
(242, 49, 5, NULL, NULL),
(243, 49, 6, NULL, NULL),
(244, 49, 7, NULL, NULL),
(245, 49, 8, NULL, NULL),
(246, 50, 4, NULL, NULL),
(247, 50, 5, NULL, NULL),
(248, 50, 6, NULL, NULL),
(249, 50, 7, NULL, NULL),
(250, 50, 8, NULL, NULL),
(251, 51, 269, '2024-12-13 11:53:18', '2024-12-13 11:53:18');

-- --------------------------------------------------------

--
-- Table structure for table `sections`
--

CREATE TABLE `sections` (
  `id` bigint(20) UNSIGNED NOT NULL,
  `name` varchar(255) NOT NULL,
  `is_active` tinyint(1) NOT NULL DEFAULT 1,
  `deleted_at` timestamp NULL DEFAULT NULL,
  `created_at` timestamp NULL DEFAULT NULL,
  `updated_at` timestamp NULL DEFAULT NULL
) ENGINE=InnoDB DEFAULT CHARSET=utf8mb4 COLLATE=utf8mb4_unicode_ci;

--
-- Dumping data for table `sections`
--

INSERT INTO `sections` (`id`, `name`, `is_active`, `deleted_at`, `created_at`, `updated_at`) VALUES
(1, 'Section 1', 1, NULL, NULL, NULL),
(2, 'Section 2', 1, NULL, NULL, NULL),
(3, 'Section 3', 1, NULL, NULL, NULL),
(4, 'Section 4', 1, NULL, NULL, NULL),
(5, 'Section 5', 1, NULL, NULL, NULL),
(6, 'Section 6', 1, NULL, NULL, NULL),
(7, 'Section 7', 1, NULL, NULL, NULL),
(8, 'Section 8', 1, NULL, NULL, NULL),
(9, 'Section 9', 1, NULL, NULL, NULL),
(10, 'Section 10', 1, NULL, NULL, NULL),
(11, 'Section 11', 1, NULL, NULL, NULL),
(12, 'Section 12', 1, NULL, NULL, NULL),
(13, 'Section 13', 1, NULL, NULL, NULL),
(14, 'Section 14', 1, NULL, NULL, NULL),
(15, 'Section 15', 1, NULL, NULL, NULL),
(16, 'Section 16', 1, NULL, NULL, NULL),
(17, 'Section 17', 1, NULL, NULL, NULL),
(18, 'Section 18', 1, NULL, NULL, NULL),
(19, 'Section 19', 1, NULL, NULL, NULL),
(20, 'Section 20', 1, NULL, NULL, NULL),
(21, 'Section 21', 1, NULL, NULL, NULL),
(22, 'Section 22', 1, NULL, NULL, NULL),
(23, 'Section 23', 1, NULL, NULL, NULL),
(24, 'Section 24', 1, NULL, NULL, NULL),
(25, 'Section 25', 1, NULL, NULL, NULL),
(26, 'Section 26', 1, NULL, NULL, NULL),
(27, 'Section 27', 1, NULL, NULL, NULL),
(28, 'Section 28', 1, NULL, NULL, NULL),
(29, 'Section 29', 1, NULL, NULL, NULL),
(30, 'Section 30', 1, NULL, NULL, NULL),
(31, 'Section 31', 1, NULL, NULL, NULL),
(32, 'Section 32', 1, NULL, NULL, NULL),
(33, 'Section 33', 1, NULL, NULL, NULL),
(34, 'Section 34', 1, NULL, NULL, NULL),
(35, 'Section 35', 1, NULL, NULL, NULL),
(36, 'Section 36', 1, NULL, NULL, NULL),
(37, 'Section 37', 1, NULL, NULL, NULL),
(38, 'Section 38', 1, NULL, NULL, NULL),
(39, 'Section 39', 1, NULL, NULL, NULL),
(40, 'Section 40', 1, NULL, NULL, NULL),
(41, 'Section 41', 1, NULL, NULL, NULL),
(42, 'Section 42', 1, NULL, NULL, NULL),
(43, 'Section 43', 1, NULL, NULL, NULL),
(44, 'Section 44', 1, NULL, NULL, NULL),
(45, 'Section 45', 1, NULL, NULL, NULL),
(46, 'Section 46', 1, NULL, NULL, NULL),
(47, 'Section 47', 1, NULL, NULL, NULL),
(48, 'Section 48', 1, NULL, NULL, NULL),
(49, 'Section 49', 1, NULL, NULL, NULL),
(50, 'Section 50', 1, NULL, NULL, NULL),
(51, 'Section 51', 1, NULL, '2024-12-13 11:53:18', '2024-12-13 11:53:18');

-- --------------------------------------------------------

--
-- Table structure for table `sessions`
--

CREATE TABLE `sessions` (
  `id` varchar(255) NOT NULL,
  `user_id` bigint(20) UNSIGNED DEFAULT NULL,
  `ip_address` varchar(45) DEFAULT NULL,
  `user_agent` text DEFAULT NULL,
  `payload` longtext NOT NULL,
  `last_activity` int(11) NOT NULL
) ENGINE=InnoDB DEFAULT CHARSET=utf8mb4 COLLATE=utf8mb4_unicode_ci;

--
-- Dumping data for table `sessions`
--

INSERT INTO `sessions` (`id`, `user_id`, `ip_address`, `user_agent`, `payload`, `last_activity`) VALUES
('cRPpzHFdNed0XVSSwXZPlGkHNW4W5jx7H3YsCCrH', NULL, '143.44.184.193', 'Mozilla/5.0 (Windows NT 10.0; Win64; x64) AppleWebKit/537.36 (KHTML, like Gecko) Chrome/131.0.0.0 Safari/537.36', 'YTo0OntzOjY6Il90b2tlbiI7czo0MDoiQWFuYzVvcVlXWlgzTnRaeWRRd0ZnMlYxVEhKQUphWUM5cVVHaGhwdSI7czo2OiJfZmxhc2giO2E6Mjp7czozOiJvbGQiO2E6MDp7fXM6MzoibmV3IjthOjA6e319czoxODoiZmxhc2hlcjo6ZW52ZWxvcGVzIjthOjA6e31zOjk6Il9wcmV2aW91cyI7YToxOntzOjM6InVybCI7czozOToiaHR0cHM6Ly9zdHVkZW50LXBvcnRhbC5iaW5iZXR0ZXIub25saW5lIjt9fQ==', 1734062080),
('CvadHwXybG0NgFU7skbdM6KARzKvXHHjceTmATjv', 1, '127.0.0.1', 'Mozilla/5.0 (Windows NT 10.0; Win64; x64) AppleWebKit/537.36 (KHTML, like Gecko) Chrome/131.0.0.0 Safari/537.36', 'YTo3OntzOjY6Il90b2tlbiI7czo0MDoiOU52cThDS3h3aDhCRlpZSG9CSG9JYU5CRXExMlFhT3NnaU8xbVZzUCI7czo2OiJfZmxhc2giO2E6Mjp7czozOiJvbGQiO2E6MDp7fXM6MzoibmV3IjthOjA6e319czozOiJ1cmwiO2E6MDp7fXM6OToiX3ByZXZpb3VzIjthOjE6e3M6MzoidXJsIjtzOjMxOiJodHRwOi8vMTI3LjAuMC4xOjgwMDAvZGFzaGJvYXJkIjt9czoxODoiZmxhc2hlcjo6ZW52ZWxvcGVzIjthOjA6e31zOjUwOiJsb2dpbl93ZWJfNTliYTM2YWRkYzJiMmY5NDAxNTgwZjAxNGM3ZjU4ZWE0ZTMwOTg5ZCI7aToxO3M6MjE6InBhc3N3b3JkX2hhc2hfc2FuY3R1bSI7czo2MDoiJDJ5JDEyJDQ1YUxVUTEuYlpwN29oTDNpcTRRTWVpQldEREF1MVA0VVBKeVQwc0IuVGljSkpSZ1QxdUlLIjt9', 1734059229),
('SwDIE0t32rizPH4g8UV5K03usvUfvfSLlR4IF4iV', NULL, '104.166.80.207', 'Mozilla/5.0 (X11; Linux i686; rv:109.0) Gecko/20100101 Firefox/120.0', 'YTo0OntzOjY6Il90b2tlbiI7czo0MDoiMXRIUFI0ckZ0eGhodkRFMlQ5Ung5TFV0bVFybTE3bUVQVmk0dFF6SCI7czoxODoiZmxhc2hlcjo6ZW52ZWxvcGVzIjthOjA6e31zOjk6Il9wcmV2aW91cyI7YToxOntzOjM6InVybCI7czozOToiaHR0cHM6Ly9zdHVkZW50LXBvcnRhbC5iaW5iZXR0ZXIub25saW5lIjt9czo2OiJfZmxhc2giO2E6Mjp7czozOiJvbGQiO2E6MDp7fXM6MzoibmV3IjthOjA6e319fQ==', 1734062638);

-- --------------------------------------------------------

--
-- Table structure for table `student_grades`
--

CREATE TABLE `student_grades` (
  `id` bigint(20) UNSIGNED NOT NULL,
  `room_section_id` bigint(20) UNSIGNED NOT NULL,
  `student_id` bigint(20) UNSIGNED NOT NULL,
  `grade` decimal(8,2) DEFAULT NULL,
  `prelim_grade` decimal(8,2) DEFAULT NULL,
  `midterm_grade` decimal(8,2) DEFAULT NULL,
  `final_grade` decimal(8,2) DEFAULT NULL,
  `quiz_scores` longtext CHARACTER SET utf8mb4 COLLATE utf8mb4_bin DEFAULT NULL CHECK (json_valid(`quiz_scores`)),
  `status` enum('Passed','Failed') DEFAULT NULL,
  `created_at` timestamp NULL DEFAULT NULL,
  `updated_at` timestamp NULL DEFAULT NULL
) ENGINE=InnoDB DEFAULT CHARSET=utf8mb4 COLLATE=utf8mb4_unicode_ci;

-- --------------------------------------------------------

--
-- Table structure for table `subjects`
--

CREATE TABLE `subjects` (
  `id` bigint(20) UNSIGNED NOT NULL,
  `name` varchar(255) NOT NULL,
  `code` varchar(255) DEFAULT NULL,
  `description` varchar(255) DEFAULT NULL,
  `is_active` tinyint(1) NOT NULL DEFAULT 1,
  `deleted_at` timestamp NULL DEFAULT NULL,
  `created_at` timestamp NULL DEFAULT NULL,
  `updated_at` timestamp NULL DEFAULT NULL,
  `department_id` bigint(20) UNSIGNED DEFAULT NULL
) ENGINE=InnoDB DEFAULT CHARSET=utf8mb4 COLLATE=utf8mb4_unicode_ci;

--
-- Dumping data for table `subjects`
--

INSERT INTO `subjects` (`id`, `name`, `code`, `description`, `is_active`, `deleted_at`, `created_at`, `updated_at`, `department_id`) VALUES
(1, 'Mathematics Calculus', 'MATH101', 'Calculus for Engineering students', 1, NULL, NULL, NULL, 1),
(2, 'Mathematics Algebra', 'MATH102', 'Algebra for Engineering students', 1, NULL, NULL, NULL, 1),
(3, 'Mathematics Trigonometry', 'MATH103', 'Trigonometry for Engineering students', 1, NULL, NULL, NULL, 1),
(4, 'Physics with Calculus 1', 'PHYS101', 'Physics with Calculus 1', 1, NULL, NULL, NULL, 1),
(5, 'Physics with Calculus 2', 'PHYS102', 'Physics with Calculus 2', 1, NULL, NULL, NULL, 1),
(6, 'English Communication Skills', 'ENG101', 'Communication Skills in English', 1, NULL, NULL, NULL, 1),
(7, 'English Technical Writing', 'ENG102', 'Technical Writing in English', 1, NULL, NULL, NULL, 1),
(8, 'Filipino Panitikang Pilipino', 'FIL101', 'Filipino Literature and Writing', 1, NULL, NULL, NULL, 1),
(9, 'Filipino Komunikasyon', 'FIL102', 'Filipino Communication Skills', 1, NULL, NULL, NULL, 1),
(10, 'Chemistry General Chemistry', 'CHEM101', 'General Chemistry for Engineering students', 1, NULL, NULL, NULL, 1),
(11, 'Chemistry Organic Chemistry', 'CHEM102', 'Organic Chemistry for Engineering students', 1, NULL, NULL, NULL, 1),
(12, 'Chemistry Physical Chemistry', 'CHEM103', 'Physical Chemistry for Engineering students', 1, NULL, NULL, NULL, 1),
(13, 'Ethics, Rizal\'s Life, and History', 'ETH101', 'Ethics and History of Rizal', 1, NULL, NULL, NULL, 1),
(14, 'Mathematics Algebra', 'MATH201', 'Algebra for IT students', 1, NULL, NULL, NULL, 2),
(15, 'Mathematics Statistics', 'MATH202', 'Statistics for IT students', 1, NULL, NULL, NULL, 2),
(16, 'Mathematics Discrete Math', 'MATH203', 'Discrete Mathematics for IT students', 1, NULL, NULL, NULL, 2),
(17, 'Physics for Computing', 'PHYS201', 'Physics for Computing students', 1, NULL, NULL, NULL, 2),
(18, 'Communication Skills in English 1', 'ENG201', 'English Communication Skills 1', 1, NULL, NULL, NULL, 2),
(19, 'Communication Skills in English 2', 'ENG202', 'English Communication Skills 2', 1, NULL, NULL, NULL, 2),
(20, 'Ethics', 'ETH201', 'Ethics for IT students', 1, NULL, NULL, NULL, 2),
(21, 'Rizal\'s Life', 'ETH202', 'Rizal\'s Life for IT students', 1, NULL, NULL, NULL, 2),
(22, 'Filipino', 'FIL201', 'Filipino for IT students', 1, NULL, NULL, NULL, 2),
(23, 'Anatomy and Physiology', 'NURS101', 'Anatomy and Physiology for Nursing students', 1, NULL, NULL, NULL, 3),
(24, 'English for Academic Purposes', 'ENG301', 'English for Academic Purposes for Nursing students', 1, NULL, NULL, NULL, 3),
(25, 'Filipino for Nursing', 'FIL301', 'Filipino for Nursing students', 1, NULL, NULL, NULL, 3),
(26, 'General Psychology', 'PSYCH101', 'General Psychology for Nursing students', 1, NULL, NULL, NULL, 3),
(27, 'Basic Life Support and CPR', 'HLTH101', 'Basic Life Support and CPR for healthcare professionals', 1, NULL, NULL, NULL, 4),
(28, 'First Aid', 'HLTH102', 'First Aid for healthcare professionals', 1, NULL, NULL, NULL, 4),
(29, 'Providing Care to Infants and Toddlers', 'HLTH103', 'Care for Infants and Toddlers in healthcare', 1, NULL, NULL, NULL, 4),
(30, 'Elderly Care Techniques', 'HLTH104', 'Care for the Elderly in healthcare', 1, NULL, NULL, NULL, 4),
(31, 'Assisting in Ambulatory Care', 'HLTH105', 'Ambulatory Care assistance in healthcare', 1, NULL, NULL, NULL, 4),
(32, 'Housekeeping and Sanitation Practices', 'HLTH106', 'Housekeeping and Sanitation Practices in healthcare', 1, NULL, NULL, NULL, 4),
(33, 'Communication and Interpersonal Skills', 'HLTH107', 'Communication and Interpersonal Skills in healthcare', 1, NULL, NULL, NULL, 4),
(34, 'Emergency Response and Safety', 'HLTH108', 'Emergency Response and Safety in healthcare', 1, NULL, NULL, NULL, 4),
(35, 'Proper Nutrition and Meal Preparation', 'HLTH109', 'Proper Nutrition and Meal Preparation for healthcare professionals', 1, NULL, NULL, NULL, 4),
(36, 'Infection Control', 'HLTH110', 'Infection Control Practices in healthcare', 1, NULL, NULL, NULL, 4),
(37, 'Mathematics in the Modern World', 'MATH301', 'Mathematics in the Modern World', 1, NULL, NULL, NULL, 5),
(38, 'Science, Technology, and Society', 'STSS101', 'Science, Technology, and Society for general studies', 1, NULL, NULL, NULL, 5),
(39, 'Understanding the Self', 'GEN101', 'Understanding the Self for general studies', 1, NULL, NULL, NULL, 5),
(40, 'Purposive Communication', 'COM101', 'Purposive Communication for general studies', 1, NULL, NULL, NULL, 5),
(41, 'Principles and Methods of Teaching', 'EDUC101', 'Principles and Methods of Teaching for education students', 1, NULL, NULL, NULL, 6),
(42, 'Classroom Management', 'EDUC102', 'Classroom Management for education students', 1, NULL, NULL, NULL, 6),
(43, 'Educational Assessment', 'EDUC103', 'Educational Assessment for education students', 1, NULL, NULL, NULL, 6),
(44, 'Major Specialization English', 'EDUC201', 'Major Specialization English for education students', 1, NULL, NULL, NULL, 6),
(45, 'Major Specialization Math', 'EDUC202', 'Major Specialization Math for education students', 1, NULL, NULL, NULL, 6),
(46, 'Major Specialization Science', 'EDUC203', 'Major Specialization Science for education students', 1, NULL, NULL, NULL, 6),
(47, 'Practice Teaching', 'EDUC204', 'Practice Teaching for education students', 1, NULL, NULL, NULL, 6),
(48, 'Mathematics in the Modern World', 'MATH301', 'Mathematics in the Modern World for general studies', 1, NULL, NULL, NULL, 7),
(49, 'Purposive Communication', 'COM101', 'Purposive Communication for general studies', 1, NULL, NULL, NULL, 7),
(50, 'Mathematics Business Math', 'MATH401', 'Business Mathematics for business students', 1, NULL, NULL, NULL, 8),
(51, 'Mathematics Statistics Algebra', 'MATH402', 'Statistics Algebra for business students', 1, NULL, NULL, NULL, 8),
(52, 'English Communication Skills', 'ENG101', 'Communication Skills in English for general studies', 1, NULL, NULL, NULL, 8),
(53, 'Science, Technology, and Society', 'STSS101', 'Science, Technology, and Society for general studies', 1, NULL, NULL, NULL, 8),
(54, 'Ethics', 'ETH101', 'Ethics for business and general students', 1, NULL, NULL, NULL, 8),
(55, 'Rizals Life', 'PHIL101', 'Life and works of Dr. Jose Rizal', 1, NULL, NULL, NULL, 8),
(56, 'Mathematics in the Modern World', 'MATH301', 'Mathematics in the Modern World for general studies', 1, NULL, NULL, NULL, 9),
(57, 'English for Academic Purposes', 'ENG201', 'English for Academic Purposes', 1, NULL, NULL, NULL, 9),
(58, 'Understanding the Self', 'GEN101', 'Understanding the Self for general studies', 1, NULL, NULL, NULL, 9),
(59, 'Mathematics (Business Math, Statistics, Algebra)', 'MATH401', 'Business Math, Statistics, Algebra for business students', 1, NULL, NULL, NULL, 10),
(60, 'English Communication Skills', 'ENG101', 'Communication Skills in English for business and general students', 1, NULL, NULL, NULL, 10),
(61, 'Science, Technology, and Society', 'STSS101', 'Science, Technology, and Society for business students', 1, NULL, NULL, NULL, 10),
(62, 'Ethics and Rizals Life', 'PHIL101', 'Ethics and Rizals Life for business students', 1, NULL, NULL, NULL, 10),
(63, 'Mathematics in the Modern World', 'MATH301', 'Mathematics in the Modern World for general studies', 1, NULL, NULL, NULL, 12),
(64, 'English for Academic Purposes', 'ENG201', 'English for Academic Purposes for general students', 1, NULL, NULL, NULL, 12),
(65, 'Understanding the Self', 'GEN101', 'Understanding the Self for general studies', 1, NULL, NULL, NULL, 12),
(66, 'Mathematics Statistics', 'MATH402', 'Mathematics Statistics for general students', 1, NULL, NULL, NULL, 12),
(67, 'Mathematics Algebra', 'MATH403', 'Mathematics Algebra for general students', 1, NULL, NULL, NULL, 12),
(68, 'Purposive Communication', 'COM101', 'Purposive Communication for general studies', 1, NULL, NULL, NULL, 12),
(69, 'Ethics and Filipino Subjects', 'ETH101', 'Ethics and Filipino Subjects for general students', 1, NULL, NULL, NULL, 12),
(70, 'Mathematics in the Modern World', 'MATH301', 'Mathematics in the Modern World for general studies', 1, NULL, NULL, NULL, 13),
(71, 'English for Professional Purposes', 'ENG301', 'English for Professional Purposes for general studies', 1, NULL, NULL, NULL, 13);

-- --------------------------------------------------------

--
-- Table structure for table `users`
--

CREATE TABLE `users` (
  `id` bigint(20) UNSIGNED NOT NULL,
  `name` varchar(255) NOT NULL,
  `email` varchar(255) NOT NULL,
  `email_verified_at` timestamp NULL DEFAULT NULL,
  `password` varchar(255) NOT NULL,
  `two_factor_secret` text DEFAULT NULL,
  `two_factor_recovery_codes` text DEFAULT NULL,
  `two_factor_confirmed_at` timestamp NULL DEFAULT NULL,
  `date_of_birth` date DEFAULT NULL,
  `phone_number` varchar(255) DEFAULT NULL,
  `address` varchar(255) DEFAULT NULL,
  `city` varchar(255) DEFAULT NULL,
  `state` varchar(255) DEFAULT NULL,
  `zip_code` varchar(255) DEFAULT NULL,
  `remember_token` varchar(100) DEFAULT NULL,
  `current_team_id` bigint(20) UNSIGNED DEFAULT NULL,
  `profile_photo_path` varchar(2048) DEFAULT NULL,
  `deleted_at` timestamp NULL DEFAULT NULL,
  `created_at` timestamp NULL DEFAULT NULL,
  `updated_at` timestamp NULL DEFAULT NULL
) ENGINE=InnoDB DEFAULT CHARSET=utf8mb4 COLLATE=utf8mb4_unicode_ci;

--
-- Dumping data for table `users`
--

INSERT INTO `users` (`id`, `name`, `email`, `email_verified_at`, `password`, `two_factor_secret`, `two_factor_recovery_codes`, `two_factor_confirmed_at`, `date_of_birth`, `phone_number`, `address`, `city`, `state`, `zip_code`, `remember_token`, `current_team_id`, `profile_photo_path`, `deleted_at`, `created_at`, `updated_at`) VALUES
(1, 'Admin', 'admin@example.com', NULL, '$2y$12$45aLUQ1.bZp7ohL3iq4QMeiBWDDAu1P4UPJyT0sB.TicJJRgT1uIK', NULL, NULL, NULL, NULL, NULL, NULL, NULL, NULL, NULL, NULL, NULL, NULL, NULL, '2024-12-13 03:01:55', '2024-12-13 03:01:55'),
(2, 'Teacher 1', 'teacher1@example.com', NULL, '$2y$12$3tfEXfVNhx3DzTMzlOYWd.IF82C64RUCIl28OZXReGt9GqMBVy5RG', NULL, NULL, NULL, NULL, NULL, NULL, NULL, NULL, NULL, NULL, NULL, NULL, NULL, '2024-12-13 03:01:55', '2024-12-13 03:01:55'),
(3, 'Teacher 2', 'teacher2@example.com', NULL, '$2y$12$yAzr26WVChAbxjTWNpDX1O.iHq6vQ50Ibi/tp1Dh7L0hquoZjkFhi', NULL, NULL, NULL, NULL, NULL, NULL, NULL, NULL, NULL, NULL, NULL, NULL, NULL, '2024-12-13 03:01:55', '2024-12-13 03:01:55'),
(4, 'Teacher 3', 'teacher3@example.com', NULL, '$2y$12$A5vgU2HPT105CpXMKenPSuIXN8N2/ooxqvDXdD3P.nn4xmfvF3xtG', NULL, NULL, NULL, NULL, NULL, NULL, NULL, NULL, NULL, NULL, NULL, NULL, NULL, '2024-12-13 03:01:56', '2024-12-13 03:01:56'),
(5, 'Teacher 4', 'teacher4@example.com', NULL, '$2y$12$BqGeF5qUBIHOWVUk7gIF3uBHADLPu7cNM4y2XjD/Uxlc61DVytb7O', NULL, NULL, NULL, NULL, NULL, NULL, NULL, NULL, NULL, NULL, NULL, NULL, NULL, '2024-12-13 03:01:56', '2024-12-13 03:01:56'),
(6, 'Teacher 5', 'teacher5@example.com', NULL, '$2y$12$gNJSxZG/Cl9XK2Rb347V/uKzomoDDkiAO1rK1PkZjus.nwjzWoHF.', NULL, NULL, NULL, NULL, NULL, NULL, NULL, NULL, NULL, NULL, NULL, NULL, NULL, '2024-12-13 03:01:56', '2024-12-13 03:01:56'),
(7, 'Teacher 6', 'teacher6@example.com', NULL, '$2y$12$8VGgNN4hwTD5bfSgPhxT1u0cZSKTa93CuggxAmyDnPNMnhYp4wOBK', NULL, NULL, NULL, NULL, NULL, NULL, NULL, NULL, NULL, NULL, NULL, NULL, NULL, '2024-12-13 03:01:56', '2024-12-13 03:01:56'),
(8, 'Teacher 7', 'teacher7@example.com', NULL, '$2y$12$UrbJsPNTYf3vj5snhj1wEOpUqPjEa0iZb.WLF4PlF3kQ8h7Hc/AlC', NULL, NULL, NULL, NULL, NULL, NULL, NULL, NULL, NULL, NULL, NULL, NULL, NULL, '2024-12-13 03:01:57', '2024-12-13 03:01:57'),
(9, 'Teacher 8', 'teacher8@example.com', NULL, '$2y$12$5cCFS3Fbr6pSKAt/8ErG7uytdYPi4yrNo/ZxGLF9ybtYKFxCQuKpm', NULL, NULL, NULL, NULL, NULL, NULL, NULL, NULL, NULL, NULL, NULL, NULL, NULL, '2024-12-13 03:01:57', '2024-12-13 03:01:57'),
(10, 'Teacher 9', 'teacher9@example.com', NULL, '$2y$12$IIRNA2mZXbmP9F6mS/.O2OexJlmvOgLydsywagy.dx1aK7fXgDHHC', NULL, NULL, NULL, NULL, NULL, NULL, NULL, NULL, NULL, NULL, NULL, NULL, NULL, '2024-12-13 03:01:57', '2024-12-13 03:01:57'),
(11, 'Teacher 10', 'teacher10@example.com', NULL, '$2y$12$z4kXvilKq5FkgFCwlrZurOhwCgBkZ7shwiLpTOpCUyatj5QQER7TC', NULL, NULL, NULL, NULL, NULL, NULL, NULL, NULL, NULL, NULL, NULL, NULL, NULL, '2024-12-13 03:01:57', '2024-12-13 03:01:57'),
(12, 'Dean 1', 'dean1@example.com', NULL, '$2y$12$.i4dYBFNzb/kAX8Z0gBE/.MfqL3Em/880YmvFzDcPrRWwDFI9.v7.', NULL, NULL, NULL, NULL, NULL, NULL, NULL, NULL, NULL, NULL, NULL, NULL, NULL, '2024-12-13 03:01:58', '2024-12-13 03:01:58'),
(13, 'Dean 2', 'dean2@example.com', NULL, '$2y$12$uF9lf.LKuR0bs0Ib/VRLi.rJIBGryXiQoLow9CZ4BnqV3p1ydBE6i', NULL, NULL, NULL, NULL, NULL, NULL, NULL, NULL, NULL, NULL, NULL, NULL, NULL, '2024-12-13 03:01:58', '2024-12-13 03:01:58'),
(14, 'Dean 3', 'dean3@example.com', NULL, '$2y$12$nziyiazf1RJqAofxlxJXPuMHOlYm4xMHoAPfLynLndU89xLN8B/nS', NULL, NULL, NULL, NULL, NULL, NULL, NULL, NULL, NULL, NULL, NULL, NULL, NULL, '2024-12-13 03:01:58', '2024-12-13 03:01:58'),
(15, 'Dean 4', 'dean4@example.com', NULL, '$2y$12$8JWxF2FuedjsvDoR3GAtfu3oX1MPruz4pIK54mFIipdaTaI7dQU6S', NULL, NULL, NULL, NULL, NULL, NULL, NULL, NULL, NULL, NULL, NULL, NULL, NULL, '2024-12-13 03:01:58', '2024-12-13 03:01:58'),
(16, 'Dean 5', 'dean5@example.com', NULL, '$2y$12$LQxw1d2QY9Y09ygXncULs.2FXyXNmeIhJxoYEsh3chRCZyfysqwZC', NULL, NULL, NULL, NULL, NULL, NULL, NULL, NULL, NULL, NULL, NULL, NULL, NULL, '2024-12-13 03:01:59', '2024-12-13 03:01:59'),
(17, 'Dean 6', 'dean6@example.com', NULL, '$2y$12$hTxL/xentnB.SEF8wFT6LeKEh/dFdrSevi/ghqOvR9gpaRe5R/O3u', NULL, NULL, NULL, NULL, NULL, NULL, NULL, NULL, NULL, NULL, NULL, NULL, NULL, '2024-12-13 03:01:59', '2024-12-13 03:01:59'),
(18, 'Dean 7', 'dean7@example.com', NULL, '$2y$12$2QafnCbuRLQLXwB8vjNnuuue6XEsmMb1ByYGXVg2Q2/fr8/B6ywWO', NULL, NULL, NULL, NULL, NULL, NULL, NULL, NULL, NULL, NULL, NULL, NULL, NULL, '2024-12-13 03:01:59', '2024-12-13 03:01:59'),
(19, 'Dean 8', 'dean8@example.com', NULL, '$2y$12$Gi3boAonFFMF7oICcuZFbu0avz638P9AftDoKmpkIFryx/E1XWBLm', NULL, NULL, NULL, NULL, NULL, NULL, NULL, NULL, NULL, NULL, NULL, NULL, NULL, '2024-12-13 03:01:59', '2024-12-13 03:01:59'),
(20, 'Dean 9', 'dean9@example.com', NULL, '$2y$12$fOC0u4Eqyz5vL7usvTd.V.8DvUEEMMv9g1CECRud1JcJ/K4FL9/OG', NULL, NULL, NULL, NULL, NULL, NULL, NULL, NULL, NULL, NULL, NULL, NULL, NULL, '2024-12-13 03:01:59', '2024-12-13 03:01:59'),
(21, 'Dean 10', 'dean10@example.com', NULL, '$2y$12$sPau/kgMu8gyp0ZCmMCE/Os50157r.Wm3Y1dipZNY3MsGga8JI20G', NULL, NULL, NULL, NULL, NULL, NULL, NULL, NULL, NULL, NULL, NULL, NULL, NULL, '2024-12-13 03:02:00', '2024-12-13 03:02:00'),
(22, 'Mr. Marcelo Kilback II', 'ccormier@example.com', NULL, '$2y$12$MfXoc2Om3yRwjvTxCvUtkO.8b/dzB9M1yiTA.92acERg49.5KtCHG', NULL, NULL, NULL, NULL, NULL, NULL, NULL, NULL, NULL, NULL, NULL, NULL, NULL, '2024-12-13 03:02:00', '2024-12-13 03:02:00'),
(23, 'Jerrell Sporer', 'ajenkins@example.org', NULL, '$2y$12$afC2Q7ms.VdUTMllW7/9k.V2AqQxbUFVpWkbDrwdSA5pvs1MaCWhO', NULL, NULL, NULL, NULL, NULL, NULL, NULL, NULL, NULL, NULL, NULL, NULL, NULL, '2024-12-13 03:02:00', '2024-12-13 03:02:00'),
(24, 'Alessandro Mayer Jr.', 'jailyn.rogahn@example.com', NULL, '$2y$12$.HSWeKmBwkGL7PH9mYhC/eUSuJgzfl4Efc62IKMRByNZyiQqVhEjC', NULL, NULL, NULL, NULL, NULL, NULL, NULL, NULL, NULL, NULL, NULL, NULL, NULL, '2024-12-13 03:02:00', '2024-12-13 03:02:00'),
(25, 'Prof. Sylvia Mayert DVM', 'eloisa.jerde@example.net', NULL, '$2y$12$aRvEgqGzR95K9m5NRT4g0OVcP8gwZHdzVddFJIW4c9mQLx8CU2D3C', NULL, NULL, NULL, NULL, NULL, NULL, NULL, NULL, NULL, NULL, NULL, NULL, NULL, '2024-12-13 03:02:01', '2024-12-13 03:02:01'),
(26, 'Toni Spencer', 'elwyn.marvin@example.net', NULL, '$2y$12$45GqdMxhZ/9H0x5Pr053JOBld24bUm4nmfpO/p90vR538iBdnXTyK', NULL, NULL, NULL, NULL, NULL, NULL, NULL, NULL, NULL, NULL, NULL, NULL, NULL, '2024-12-13 03:02:01', '2024-12-13 03:02:01'),
(27, 'Dr. Manley Brown', 'albert71@example.com', NULL, '$2y$12$XX0gx9LU3/j1hPAq6izlteDZFMky/RYC.WZSqCGacMr6BLQyb7e.y', NULL, NULL, NULL, NULL, NULL, NULL, NULL, NULL, NULL, NULL, NULL, NULL, NULL, '2024-12-13 03:02:01', '2024-12-13 03:02:01'),
(28, 'Bo Reichert IV', 'jamar93@example.net', NULL, '$2y$12$1d7GR/1Nn3EFiSFeaa40p.EAg1sOG9B8JJYvNoCt12FGfDEXm0Gua', NULL, NULL, NULL, NULL, NULL, NULL, NULL, NULL, NULL, NULL, NULL, NULL, NULL, '2024-12-13 03:02:01', '2024-12-13 03:02:01'),
(29, 'Lula Kunze IV', 'kautzer.kari@example.com', NULL, '$2y$12$YEQJWRR3MlsAmQrrRsJQKunUnKrxExbcHwt3ICPSBONY8/BMVH97u', NULL, NULL, NULL, NULL, NULL, NULL, NULL, NULL, NULL, NULL, NULL, NULL, NULL, '2024-12-13 03:02:02', '2024-12-13 03:02:02'),
(30, 'Mark Waters', 'danial70@example.net', NULL, '$2y$12$quRCFsAKXSJW5SVTgThBN.KJuLXKVAEpA5rxzQBcJ4wv9uWC6xC.C', NULL, NULL, NULL, NULL, NULL, NULL, NULL, NULL, NULL, NULL, NULL, NULL, NULL, '2024-12-13 03:02:02', '2024-12-13 03:02:02'),
(31, 'Dr. Jamarcus Bernier', 'goldner.alyson@example.net', NULL, '$2y$12$ZIwnE5TOukyL5Dbz.eeFKOXWCBAclbBFkwTImB0W4hQaMP3bLwJW2', NULL, NULL, NULL, NULL, NULL, NULL, NULL, NULL, NULL, NULL, NULL, NULL, NULL, '2024-12-13 03:02:03', '2024-12-13 03:02:03'),
(32, 'Rhiannon Olson', 'laufderhar@example.net', NULL, '$2y$12$xmHKN2j/eKQ/fKzgBlHf8O84vWQKNaf1NVprI2zcQdRYWBeJXIYEe', NULL, NULL, NULL, NULL, NULL, NULL, NULL, NULL, NULL, NULL, NULL, NULL, NULL, '2024-12-13 03:02:03', '2024-12-13 03:02:03'),
(33, 'Marcelle Hirthe', 'dino.balistreri@example.net', NULL, '$2y$12$vYDGBsRNgwypCrBnopwXHeSVBkOqnAQNPZUAfIG.m4KrTo3rEpOr6', NULL, NULL, NULL, NULL, NULL, NULL, NULL, NULL, NULL, NULL, NULL, NULL, NULL, '2024-12-13 03:02:04', '2024-12-13 03:02:04'),
(34, 'Tyrell Collins', 'abagail.christiansen@example.org', NULL, '$2y$12$LV15S8lSQ7N3gfTfaDYwH.9YEjT4uwAGgt1KKihnkCUQqw7vDGHbi', NULL, NULL, NULL, NULL, NULL, NULL, NULL, NULL, NULL, NULL, NULL, NULL, NULL, '2024-12-13 03:02:05', '2024-12-13 03:02:05'),
(35, 'Prof. Marty Emard', 'leopold80@example.net', NULL, '$2y$12$A4SwzQUtaP2h4U37pxcwY.m1fNxkkmzVeFUvlPMizFVq0cTSm4cSq', NULL, NULL, NULL, NULL, NULL, NULL, NULL, NULL, NULL, NULL, NULL, NULL, NULL, '2024-12-13 03:02:05', '2024-12-13 03:02:05'),
(36, 'Mr. Maximo Murray PhD', 'jessyca08@example.net', NULL, '$2y$12$axxIIurTDXSEeezoyhlcRO32iQ12M9Re3OK6tD8RPJCDzjnGZIbWi', NULL, NULL, NULL, NULL, NULL, NULL, NULL, NULL, NULL, NULL, NULL, NULL, NULL, '2024-12-13 03:02:06', '2024-12-13 03:02:06'),
(37, 'Dr. Sherwood Stiedemann', 'verona16@example.net', NULL, '$2y$12$ZWLL3UgRhLXTPbLVMjwT/OA5/auIxCkkwfd/GeNRsGLl7f/1AUiAO', NULL, NULL, NULL, NULL, NULL, NULL, NULL, NULL, NULL, NULL, NULL, NULL, NULL, '2024-12-13 03:02:07', '2024-12-13 03:02:07'),
(38, 'Sarina Yost', 'grant.urban@example.com', NULL, '$2y$12$43o0LGP0v3Hm8X1nOcX3DujXNDmKb6J/uO8MtGs.0307p0Z0YGZ6q', NULL, NULL, NULL, NULL, NULL, NULL, NULL, NULL, NULL, NULL, NULL, NULL, NULL, '2024-12-13 03:02:07', '2024-12-13 03:02:07'),
(39, 'Mr. Jakob Sawayn DDS', 'fbrakus@example.org', NULL, '$2y$12$GUv0HEQ5Mug3VRS9SCH9RuRLovktWBY9OsODO.mlIIdC5gEUOO216', NULL, NULL, NULL, NULL, NULL, NULL, NULL, NULL, NULL, NULL, NULL, NULL, NULL, '2024-12-13 03:02:08', '2024-12-13 03:02:08'),
(40, 'Dr. Jedediah Barton IV', 'irunte@example.org', NULL, '$2y$12$pcdJuJTWRX5erjQCeaYAQey58eGv3PzGUKf5XL79W9caNwJxZIOVS', NULL, NULL, NULL, NULL, NULL, NULL, NULL, NULL, NULL, NULL, NULL, NULL, NULL, '2024-12-13 03:02:08', '2024-12-13 03:02:08'),
(41, 'Dillan O\'Connell', 'hermann90@example.org', NULL, '$2y$12$dEcXKZjp3Pv8PRDlsNWaoe0ntR2P5yetGz2dOdSvbreaDe1IKxP7.', NULL, NULL, NULL, NULL, NULL, NULL, NULL, NULL, NULL, NULL, NULL, NULL, NULL, '2024-12-13 03:02:09', '2024-12-13 03:02:09'),
(42, 'Brisa Haley', 'quitzon.damien@example.org', NULL, '$2y$12$ZB7RDjKNfAr7RBD55eeI8.ft0AwV8WdB3l6b4JCA8lsercPeoK9Uu', NULL, NULL, NULL, NULL, NULL, NULL, NULL, NULL, NULL, NULL, NULL, NULL, NULL, '2024-12-13 03:02:10', '2024-12-13 03:02:10'),
(43, 'Dr. Alia Terry', 'stoltenberg.nathan@example.net', NULL, '$2y$12$iEb4EkgERUEcXOpB89oGDOTWr4hZnvAPjIkMfzXDQkb3bRa9n9Dka', NULL, NULL, NULL, NULL, NULL, NULL, NULL, NULL, NULL, NULL, NULL, NULL, NULL, '2024-12-13 03:02:10', '2024-12-13 03:02:10'),
(44, 'Pete Volkman', 'anikolaus@example.org', NULL, '$2y$12$a91oSXkvrR7gkDvbd02G2OB.nFeE44CMG8cRZc5kaHBWLymkkF5zi', NULL, NULL, NULL, NULL, NULL, NULL, NULL, NULL, NULL, NULL, NULL, NULL, NULL, '2024-12-13 03:02:11', '2024-12-13 03:02:11'),
(45, 'Ibrahim Yost', 'kuhn.rick@example.org', NULL, '$2y$12$VxeSMTGbXRBXNsNN0evNvOEKri3hdNzX6OA5CsCwItEf.BNw4WClm', NULL, NULL, NULL, NULL, NULL, NULL, NULL, NULL, NULL, NULL, NULL, NULL, NULL, '2024-12-13 03:02:12', '2024-12-13 03:02:12'),
(46, 'Rose Reichert', 'nkilback@example.com', NULL, '$2y$12$Io4QXL52toZaO3BuHa/FXOjYDcQ1S0TwE.74hdBaGSmqzU/S2aHfS', NULL, NULL, NULL, NULL, NULL, NULL, NULL, NULL, NULL, NULL, NULL, NULL, NULL, '2024-12-13 03:02:12', '2024-12-13 03:02:12'),
(47, 'Dr. Annette Hilpert', 'weimann.heaven@example.net', NULL, '$2y$12$5NLPvZSGprA9FA2jlYzrZOraUAnkQBE18JDxwSeWmmyB7pFZmpbdC', NULL, NULL, NULL, NULL, NULL, NULL, NULL, NULL, NULL, NULL, NULL, NULL, NULL, '2024-12-13 03:02:13', '2024-12-13 03:02:13'),
(48, 'Prof. Freddy Jacobs', 'narmstrong@example.net', NULL, '$2y$12$c69LYwpniKpLgEaGM0nzFueXMK9z0rtuBK.L1BBW/2mAArIF3CQpq', NULL, NULL, NULL, NULL, NULL, NULL, NULL, NULL, NULL, NULL, NULL, NULL, NULL, '2024-12-13 03:02:13', '2024-12-13 03:02:13'),
(49, 'Everette Bayer', 'kenna.kihn@example.org', NULL, '$2y$12$CeHJROrYdKxUMHzKHzPF0uwyTu2mRF8DRFGR13q2nAvbxNUcW7T6e', NULL, NULL, NULL, NULL, NULL, NULL, NULL, NULL, NULL, NULL, NULL, NULL, NULL, '2024-12-13 03:02:14', '2024-12-13 03:02:14'),
(50, 'Larue Lemke', 'dschmidt@example.net', NULL, '$2y$12$QTxdM6tFbBEENkLcBh9df.Ughl5vGGo3gEc/SuoLYdkLhluiWbkdm', NULL, NULL, NULL, NULL, NULL, NULL, NULL, NULL, NULL, NULL, NULL, NULL, NULL, '2024-12-13 03:02:15', '2024-12-13 03:02:15'),
(51, 'Trisha Reynolds', 'ekoelpin@example.org', NULL, '$2y$12$/fA.1442aNBOmHUsk534TOzxONFASWHEDrffuprnieRWrO7MyQUoq', NULL, NULL, NULL, NULL, NULL, NULL, NULL, NULL, NULL, NULL, NULL, NULL, NULL, '2024-12-13 03:02:15', '2024-12-13 03:02:15'),
(52, 'Joesph Roberts I', 'nkunde@example.org', NULL, '$2y$12$AEsUPTfBu6Hr2Yk8fIiE4OvTJWtoQzDxS7jc3ZfiB757QnosgbOLO', NULL, NULL, NULL, NULL, NULL, NULL, NULL, NULL, NULL, NULL, NULL, NULL, NULL, '2024-12-13 03:02:16', '2024-12-13 03:02:16'),
(53, 'Kaycee Murray DVM', 'haag.deondre@example.org', NULL, '$2y$12$3AR1LDhijFJ.ZgJ2KehKHOw9ZtEihmhFgPUybplH.5Ew34ia0n/M6', NULL, NULL, NULL, NULL, NULL, NULL, NULL, NULL, NULL, NULL, NULL, NULL, NULL, '2024-12-13 03:02:17', '2024-12-13 03:02:17'),
(54, 'Adonis Vandervort IV', 'qbechtelar@example.org', NULL, '$2y$12$y56iaFOpsle0OKmppFJ3oelbvv4MKu5Y25LBrqW2z9xy2an7IHnjG', NULL, NULL, NULL, NULL, NULL, NULL, NULL, NULL, NULL, NULL, NULL, NULL, NULL, '2024-12-13 03:02:17', '2024-12-13 03:02:17'),
(55, 'Carlee Dooley', 'roberts.noemi@example.com', NULL, '$2y$12$KmXwfxo5VSTZi2HDuWbCYeN5HnT2FtGiPLQAv4VYXQ9sPkO50uAIW', NULL, NULL, NULL, NULL, NULL, NULL, NULL, NULL, NULL, NULL, NULL, NULL, NULL, '2024-12-13 03:02:18', '2024-12-13 03:02:18'),
(56, 'Mrs. Antonia Schmeler', 'savion29@example.org', NULL, '$2y$12$4h2RzglHS4qdPmSHyvwfBeD6JI1gdIs0nujGetOajqmIDVkGKIxka', NULL, NULL, NULL, NULL, NULL, NULL, NULL, NULL, NULL, NULL, NULL, NULL, NULL, '2024-12-13 03:02:19', '2024-12-13 03:02:19'),
(57, 'Michale Roberts', 'corbin.russel@example.net', NULL, '$2y$12$pMw0u5lBOeEvVSx.ReQjxu2u0PGJRrrW98ocK8sRMoyJdqzQOGL3O', NULL, NULL, NULL, NULL, NULL, NULL, NULL, NULL, NULL, NULL, NULL, NULL, NULL, '2024-12-13 03:02:19', '2024-12-13 03:02:19'),
(58, 'Eunice Harris I', 'samir61@example.com', NULL, '$2y$12$crI9qy.thfGEUiKzo3wJG.8RPKQexjcruXeQhsAfqnnFMuHFuepMa', NULL, NULL, NULL, NULL, NULL, NULL, NULL, NULL, NULL, NULL, NULL, NULL, NULL, '2024-12-13 03:02:20', '2024-12-13 03:02:20'),
(59, 'Ila Satterfield MD', 'kavon74@example.net', NULL, '$2y$12$6SXushJmLgZpbjAUzu82Gub3LT7aJL6sQ15N7Pe.TSP7DEmjR2ipW', NULL, NULL, NULL, NULL, NULL, NULL, NULL, NULL, NULL, NULL, NULL, NULL, NULL, '2024-12-13 03:02:21', '2024-12-13 03:02:21'),
(60, 'Bud Ondricka', 'bernhard.carson@example.net', NULL, '$2y$12$BWM4pRD.q8GMc2g3fHcTCeWSTWtnB6qhcQJIGNyYrGkRGIXHlB806', NULL, NULL, NULL, NULL, NULL, NULL, NULL, NULL, NULL, NULL, NULL, NULL, NULL, '2024-12-13 03:02:21', '2024-12-13 03:02:21'),
(61, 'Mr. Alexys Bergstrom II', 'adelle84@example.com', NULL, '$2y$12$oLi1ZMngOey6vv5YetNp8.7EW/W5IGIC6q1BGHFjcpY/JR.W5HwNe', NULL, NULL, NULL, NULL, NULL, NULL, NULL, NULL, NULL, NULL, NULL, NULL, NULL, '2024-12-13 03:02:22', '2024-12-13 03:02:22'),
(62, 'Mr. Webster Bogan PhD', 'regan.marquardt@example.com', NULL, '$2y$12$wT4axBdKF7FWA3aoCl73yuEeXQ5TnLgtb/4CV.LzO.8P4UwMnQtAq', NULL, NULL, NULL, NULL, NULL, NULL, NULL, NULL, NULL, NULL, NULL, NULL, NULL, '2024-12-13 03:02:22', '2024-12-13 03:02:22'),
(63, 'Prof. Wiley Marquardt', 'sylvester93@example.org', NULL, '$2y$12$V25KZdUQA9PE3lU2f0HQ3Os7kihNmwzzh1MDidrI3kCa0y6Sq/Jxu', NULL, NULL, NULL, NULL, NULL, NULL, NULL, NULL, NULL, NULL, NULL, NULL, NULL, '2024-12-13 03:02:23', '2024-12-13 03:02:23'),
(64, 'Judah Weissnat', 'raphaelle.emard@example.com', NULL, '$2y$12$zPyLsKcLG3.O2.PGk93DnOwv5JW.kp3821QwF9KMvbFJRADn180Ae', NULL, NULL, NULL, NULL, NULL, NULL, NULL, NULL, NULL, NULL, NULL, NULL, NULL, '2024-12-13 03:02:24', '2024-12-13 03:02:24'),
(65, 'Lyric Legros', 'rhagenes@example.org', NULL, '$2y$12$vFhppb4xjsleA5GbQlxY8usDca9Z010xcDbv45u00EGG/9Te2uRny', NULL, NULL, NULL, NULL, NULL, NULL, NULL, NULL, NULL, NULL, NULL, NULL, NULL, '2024-12-13 03:02:24', '2024-12-13 03:02:24'),
(66, 'Fredrick Koelpin', 'arnaldo.strosin@example.net', NULL, '$2y$12$OjlZVKtd1pnZtSWLJOu8EeBAPCULiOaDdrxhmZEf0HKfj5TxL6wFS', NULL, NULL, NULL, NULL, NULL, NULL, NULL, NULL, NULL, NULL, NULL, NULL, NULL, '2024-12-13 03:02:25', '2024-12-13 03:02:25'),
(67, 'Anna Huel', 'leffertz@example.net', NULL, '$2y$12$LigsELSMKBGX39I12Gz38ean64XyxS2FXzgpIQ8xcbq/jwW0Pfox.', NULL, NULL, NULL, NULL, NULL, NULL, NULL, NULL, NULL, NULL, NULL, NULL, NULL, '2024-12-13 03:02:26', '2024-12-13 03:02:26'),
(68, 'Bernita Ferry', 'tconnelly@example.net', NULL, '$2y$12$WGLxlAZl.2U9ELlUP5jmT.eqRyrCXsfR5KK5HGTOxgGNowcJQuZiu', NULL, NULL, NULL, NULL, NULL, NULL, NULL, NULL, NULL, NULL, NULL, NULL, NULL, '2024-12-13 03:02:26', '2024-12-13 03:02:26'),
(69, 'Miss Abigayle Schowalter', 'nmante@example.org', NULL, '$2y$12$9Wdp7Ptc20LiXob43nLnaOhUPHcaJ1YnSdgzbXqP5SuJXZ5vfssd6', NULL, NULL, NULL, NULL, NULL, NULL, NULL, NULL, NULL, NULL, NULL, NULL, NULL, '2024-12-13 03:02:27', '2024-12-13 03:02:27'),
(70, 'Rollin Spencer MD', 'sschinner@example.com', NULL, '$2y$12$fZ8UNYawdxuRDadIxgC7K.gv4XZGqUGrqN9y4y1fzsGe2cR86qBmu', NULL, NULL, NULL, NULL, NULL, NULL, NULL, NULL, NULL, NULL, NULL, NULL, NULL, '2024-12-13 03:02:28', '2024-12-13 03:02:28'),
(71, 'Danika Jast', 'samson.romaguera@example.org', NULL, '$2y$12$UI7jcIJJI2s33yLq8s.lAeazzK52b3USwKZFN5UVRpG7OKkZvAdaC', NULL, NULL, NULL, NULL, NULL, NULL, NULL, NULL, NULL, NULL, NULL, NULL, NULL, '2024-12-13 03:02:28', '2024-12-13 03:02:28'),
(72, 'Tamara Reilly', 'denesik.liliane@example.net', NULL, '$2y$12$H63jIdZVV2gqrc2V5E2GT.9nyN4Kehg38jCkRC1eX0i2O7iSPGV8S', NULL, NULL, NULL, NULL, NULL, NULL, NULL, NULL, NULL, NULL, NULL, NULL, NULL, '2024-12-13 03:02:29', '2024-12-13 03:02:29'),
(73, 'Mr. Gerald Emard PhD', 'veda63@example.org', NULL, '$2y$12$sNZH.Cnfauwo9DDCsGKXlOwb76QGflCVPa1xJq302uxhrj6bafHsm', NULL, NULL, NULL, NULL, NULL, NULL, NULL, NULL, NULL, NULL, NULL, NULL, NULL, '2024-12-13 03:02:30', '2024-12-13 03:02:30'),
(74, 'Ana Moore', 'nolan.jacky@example.com', NULL, '$2y$12$1ICdx7muHKKSs1froV9oS.1oF.XoCQIcz9EXRCiEaFnTu6aZzSTgC', NULL, NULL, NULL, NULL, NULL, NULL, NULL, NULL, NULL, NULL, NULL, NULL, NULL, '2024-12-13 03:02:30', '2024-12-13 03:02:30'),
(75, 'Kailey Welch', 'geovanny03@example.com', NULL, '$2y$12$mnA0/luqK8qQYqypwyR9dOa/rsi7dJsHdrpQWV/uMr.3kLjv9KU9q', NULL, NULL, NULL, NULL, NULL, NULL, NULL, NULL, NULL, NULL, NULL, NULL, NULL, '2024-12-13 03:02:31', '2024-12-13 03:02:31'),
(76, 'Mr. Woodrow Kling III', 'jeffrey48@example.com', NULL, '$2y$12$pKZrePDp5prTqSM6S2LVpO727zakbO3zPhHKDDXahVR2pV5xvHtO2', NULL, NULL, NULL, NULL, NULL, NULL, NULL, NULL, NULL, NULL, NULL, NULL, NULL, '2024-12-13 03:02:31', '2024-12-13 03:02:31'),
(77, 'Mabel Rosenbaum', 'aurore.lehner@example.org', NULL, '$2y$12$yt.pXH7IvmTEt2SDf625e.6fo5sYweI9kzX.ly9k7aBVtlOko5.FO', NULL, NULL, NULL, NULL, NULL, NULL, NULL, NULL, NULL, NULL, NULL, NULL, NULL, '2024-12-13 03:02:32', '2024-12-13 03:02:32'),
(78, 'Elaina Langosh', 'anais.bartell@example.org', NULL, '$2y$12$rSlwC8ftg3.NAyReuKyH1uyENiLGcAGVbBLujW2o4KkHzD8JONyaK', NULL, NULL, NULL, NULL, NULL, NULL, NULL, NULL, NULL, NULL, NULL, NULL, NULL, '2024-12-13 03:02:33', '2024-12-13 03:02:33'),
(79, 'Marco Emard', 'zbreitenberg@example.net', NULL, '$2y$12$bzlrRg9HO2WOwH3OEs3uX.k1UWq9E8GUIAroAx7VuAjBEOD/.peiO', NULL, NULL, NULL, NULL, NULL, NULL, NULL, NULL, NULL, NULL, NULL, NULL, NULL, '2024-12-13 03:02:33', '2024-12-13 03:02:33'),
(80, 'Kaci Bins Sr.', 'carson39@example.com', NULL, '$2y$12$j1w1uLPzWVigC5qqVn.TEusmlNg57RdUTQ35pLazSBAKf4OwUPP6q', NULL, NULL, NULL, NULL, NULL, NULL, NULL, NULL, NULL, NULL, NULL, NULL, NULL, '2024-12-13 03:02:34', '2024-12-13 03:02:34'),
(81, 'Mrs. Alena Nolan I', 'nledner@example.com', NULL, '$2y$12$ze6NI/k2YNThXBpbx5r.R.p/SE3egPy.c8G9t0Zwj7NUl6hXy00gq', NULL, NULL, NULL, NULL, NULL, NULL, NULL, NULL, NULL, NULL, NULL, NULL, NULL, '2024-12-13 03:02:35', '2024-12-13 03:02:35'),
(82, 'Prof. Layla Willms', 'tromp.elda@example.com', NULL, '$2y$12$IUoXLqPzlh36BKVuHNckW.axNVq1rNqHgeCinsbDYkkqAgbVLVC1m', NULL, NULL, NULL, NULL, NULL, NULL, NULL, NULL, NULL, NULL, NULL, NULL, NULL, '2024-12-13 03:02:35', '2024-12-13 03:02:35'),
(83, 'Alia Kunze', 'noemie87@example.com', NULL, '$2y$12$i.PI16BGMeBFd9h.9hF0Q.Co791wIe/gYsD.M535W3v4vHU0AqESi', NULL, NULL, NULL, NULL, NULL, NULL, NULL, NULL, NULL, NULL, NULL, NULL, NULL, '2024-12-13 03:02:36', '2024-12-13 03:02:36'),
(84, 'Ulises Price IV', 'boyle.alysha@example.net', NULL, '$2y$12$FhtOIA7pj986aHStPES/AOG.xz9iIrwdMRuX9sWAeQAkX.H5SvWzq', NULL, NULL, NULL, NULL, NULL, NULL, NULL, NULL, NULL, NULL, NULL, NULL, NULL, '2024-12-13 03:02:36', '2024-12-13 03:02:36'),
(85, 'Mr. Brandt Cremin', 'lockman.reynold@example.net', NULL, '$2y$12$EghuCZ671DYs3Sa3Vu6GA.bm2A/rZne4f.hsev28S/DKDa7fQxOoS', NULL, NULL, NULL, NULL, NULL, NULL, NULL, NULL, NULL, NULL, NULL, NULL, NULL, '2024-12-13 03:02:36', '2024-12-13 03:02:36'),
(86, 'Wyatt McClure', 'kassandra88@example.org', NULL, '$2y$12$X1U3kIxHtlob2yfxpYGa2OJBGMmttItza4fF/tUrexY/OhgbTfAwy', NULL, NULL, NULL, NULL, NULL, NULL, NULL, NULL, NULL, NULL, NULL, NULL, NULL, '2024-12-13 03:02:36', '2024-12-13 03:02:36'),
(87, 'Flossie Hettinger', 'sister.kuphal@example.net', NULL, '$2y$12$kn.JbpIA8odrFbV0aZz0meghczitxhrMWG.azQ.ymMOgZuiPMnE.S', NULL, NULL, NULL, NULL, NULL, NULL, NULL, NULL, NULL, NULL, NULL, NULL, NULL, '2024-12-13 03:02:37', '2024-12-13 03:02:37'),
(88, 'Bridget Vandervort Sr.', 'erica.ullrich@example.org', NULL, '$2y$12$TG0LxuwMSlJyhIw7mXtRNOE12b2nAUpl0wRhoxa7z3cCEe7Cp70LK', NULL, NULL, NULL, NULL, NULL, NULL, NULL, NULL, NULL, NULL, NULL, NULL, NULL, '2024-12-13 03:02:37', '2024-12-13 03:02:37'),
(89, 'Gilbert Legros', 'gerard.murphy@example.net', NULL, '$2y$12$0AlaxzzXjNVc6Bv66RKWL.wjyAOiXnlfSVWIETCr2N6XoXUvaZIkS', NULL, NULL, NULL, NULL, NULL, NULL, NULL, NULL, NULL, NULL, NULL, NULL, NULL, '2024-12-13 03:02:37', '2024-12-13 03:02:37'),
(90, 'Oceane Hills V', 'geovanny60@example.org', NULL, '$2y$12$Ju4wxo.gMxQC/wGccONvk.QiFjfIZD8Yg6Z2TbIo4CNwe64AN4Qrq', NULL, NULL, NULL, NULL, NULL, NULL, NULL, NULL, NULL, NULL, NULL, NULL, NULL, '2024-12-13 03:02:37', '2024-12-13 03:02:37'),
(91, 'Joshuah Mraz', 'herminio62@example.net', NULL, '$2y$12$JPoF8e7eU7j4L3P2bycSa.h2nT0xpYeeVWanYaZKRTpI4D0d6mPJi', NULL, NULL, NULL, NULL, NULL, NULL, NULL, NULL, NULL, NULL, NULL, NULL, NULL, '2024-12-13 03:02:37', '2024-12-13 03:02:37'),
(92, 'Carolanne Kuhn II', 'modesto.denesik@example.com', NULL, '$2y$12$vYtLZfHC02BeduWJrZdcQOHSuY1vOnZArPbPzkEYjygj71TA/ISfa', NULL, NULL, NULL, NULL, NULL, NULL, NULL, NULL, NULL, NULL, NULL, NULL, NULL, '2024-12-13 03:02:38', '2024-12-13 03:02:38'),
(93, 'Antone Rosenbaum', 'damion07@example.org', NULL, '$2y$12$oqlOW3QWOVsvxUV4w6QhWOrBRg2p0rrzgb3VeF5WgrIBQC9dZlY2K', NULL, NULL, NULL, NULL, NULL, NULL, NULL, NULL, NULL, NULL, NULL, NULL, NULL, '2024-12-13 03:02:38', '2024-12-13 03:02:38'),
(94, 'Schuyler Dickinson', 'nikolaus.guillermo@example.org', NULL, '$2y$12$bqxCXBloAZ8aSbe.RTMLYu49o6UyIespmERa.QFRs4icAqnuI5Dcu', NULL, NULL, NULL, NULL, NULL, NULL, NULL, NULL, NULL, NULL, NULL, NULL, NULL, '2024-12-13 03:02:38', '2024-12-13 03:02:38'),
(95, 'Johnpaul Bogan PhD', 'juliet90@example.com', NULL, '$2y$12$eIQUoDM5fheD8N9.0JJinuV.PEIdD2QrNCZKe0SINa71wHWqBRjKu', NULL, NULL, NULL, NULL, NULL, NULL, NULL, NULL, NULL, NULL, NULL, NULL, NULL, '2024-12-13 03:02:38', '2024-12-13 03:02:38'),
(96, 'Mr. Adan Christiansen', 'norene80@example.com', NULL, '$2y$12$mwAaZQJrEIR24K98S6LrJOgY3MCJSqHYDkyy.RATrlrqWiF8XgBBe', NULL, NULL, NULL, NULL, NULL, NULL, NULL, NULL, NULL, NULL, NULL, NULL, NULL, '2024-12-13 03:02:39', '2024-12-13 03:02:39'),
(97, 'Earnest Pfannerstill IV', 'melody.auer@example.org', NULL, '$2y$12$tDDeNDsSubyvqvKyGZa4du3qs3BgaWqPbVeNy4n9NU677K3zlC4j2', NULL, NULL, NULL, NULL, NULL, NULL, NULL, NULL, NULL, NULL, NULL, NULL, NULL, '2024-12-13 03:02:39', '2024-12-13 03:02:39'),
(98, 'Colin Crona', 'elenor.ruecker@example.com', NULL, '$2y$12$IaBwyww6JffJtz7jpceDIuRgFDWdmga0yIjtuBI1HNC9zNFpjwxZ6', NULL, NULL, NULL, NULL, NULL, NULL, NULL, NULL, NULL, NULL, NULL, NULL, NULL, '2024-12-13 03:02:39', '2024-12-13 03:02:39'),
(99, 'Miss Joana Streich', 'tyshawn.murray@example.net', NULL, '$2y$12$00IaPNMq9nlQIB6/jiOkROQIhzPdLg9EsPmG9.yNxid7pJ4Jrsp5K', NULL, NULL, NULL, NULL, NULL, NULL, NULL, NULL, NULL, NULL, NULL, NULL, NULL, '2024-12-13 03:02:39', '2024-12-13 03:02:39'),
(100, 'Stacy Jerde', 'gavin.cummings@example.org', NULL, '$2y$12$vRui5/rBBE3rqv10tXnqGugsyB4eBMs3SGIc5zqDLnGWblNWp5452', NULL, NULL, NULL, NULL, NULL, NULL, NULL, NULL, NULL, NULL, NULL, NULL, NULL, '2024-12-13 03:02:40', '2024-12-13 03:02:40'),
(101, 'Mrs. Alessandra Douglas III', 'daniel.kathryne@example.net', NULL, '$2y$12$Gzsh6BnIvz8DVzsONOaZjOBNJreB5uabOlRtPoLs2Xd8SvNdnFPJ.', NULL, NULL, NULL, NULL, NULL, NULL, NULL, NULL, NULL, NULL, NULL, NULL, NULL, '2024-12-13 03:02:40', '2024-12-13 03:02:40'),
(102, 'Dr. Lucile Buckridge III', 'gmills@example.com', NULL, '$2y$12$22bJ9k.or63mzF96Hjg63.rjuf76CscD1Riznm4F.zazyEjb/gb.O', NULL, NULL, NULL, NULL, NULL, NULL, NULL, NULL, NULL, NULL, NULL, NULL, NULL, '2024-12-13 03:02:40', '2024-12-13 03:02:40'),
(103, 'Dr. Elissa Berge', 'schneider.harmon@example.net', NULL, '$2y$12$mfzZKfJgYZ4ZYZ9N3uTtO.iFY.eOdi4jl.w9aqkDi5yWnM1Lzyx5e', NULL, NULL, NULL, NULL, NULL, NULL, NULL, NULL, NULL, NULL, NULL, NULL, NULL, '2024-12-13 03:02:40', '2024-12-13 03:02:40'),
(104, 'Savanah Becker', 'jane64@example.com', NULL, '$2y$12$YbwPOCz9JDhtp.HcQaPFr.x3W2Mrkp2XTP1cVVCYeUnlwqlKbtale', NULL, NULL, NULL, NULL, NULL, NULL, NULL, NULL, NULL, NULL, NULL, NULL, NULL, '2024-12-13 03:02:40', '2024-12-13 03:02:40'),
(105, 'Ruth Bernhard', 'qroob@example.com', NULL, '$2y$12$Svefj529NbFXyJ4Orbr9c.1lgmGYs56ze//5vgdRtI/KVg13fYM4i', NULL, NULL, NULL, NULL, NULL, NULL, NULL, NULL, NULL, NULL, NULL, NULL, NULL, '2024-12-13 03:02:41', '2024-12-13 03:02:41'),
(106, 'Christopher Durgan', 'shawn.adams@example.net', NULL, '$2y$12$YWNLeDhWMVGe1BW3K2jPhuxf8.2hSb5hJDD5AjJpCRG4e7HP4OcGG', NULL, NULL, NULL, NULL, NULL, NULL, NULL, NULL, NULL, NULL, NULL, NULL, NULL, '2024-12-13 03:02:41', '2024-12-13 03:02:41'),
(107, 'Josiane Goldner', 'kathryne80@example.org', NULL, '$2y$12$8t/gvlxNlS/2nbp0h.xFvOA9h47sr0osx.NSahYHdfYDgGFIEswBK', NULL, NULL, NULL, NULL, NULL, NULL, NULL, NULL, NULL, NULL, NULL, NULL, NULL, '2024-12-13 03:02:41', '2024-12-13 03:02:41'),
(108, 'Etha Morissette', 'orville55@example.net', NULL, '$2y$12$nnBNechOE6dULRkDRqXCDe.kH1TS7PPUVPqnEBkaQ8JDnan6Q9K/i', NULL, NULL, NULL, NULL, NULL, NULL, NULL, NULL, NULL, NULL, NULL, NULL, NULL, '2024-12-13 03:02:41', '2024-12-13 03:02:41'),
(109, 'Ms. Willow Dickinson', 'roberts.malcolm@example.net', NULL, '$2y$12$nSH94d9cLExizFYV50PQiuDPG4wppm/wziwDLaVrytuepFV8OBLo2', NULL, NULL, NULL, NULL, NULL, NULL, NULL, NULL, NULL, NULL, NULL, NULL, NULL, '2024-12-13 03:02:42', '2024-12-13 03:02:42'),
(110, 'Dr. Ricky Homenick', 'gayle.kunde@example.com', NULL, '$2y$12$FfJbHVeZ1db.9Ru./IvYvecHIzgqu0LJ/kqI5PrQYr3/1Sbm6/5z6', NULL, NULL, NULL, NULL, NULL, NULL, NULL, NULL, NULL, NULL, NULL, NULL, NULL, '2024-12-13 03:02:42', '2024-12-13 03:02:42'),
(111, 'Savanah Hodkiewicz PhD', 'moses.steuber@example.org', NULL, '$2y$12$gAHJoZP9vvP1VFwsW/zEG./TAo4algK4kteTa/gB0ZOl1ksUEdC6G', NULL, NULL, NULL, NULL, NULL, NULL, NULL, NULL, NULL, NULL, NULL, NULL, NULL, '2024-12-13 03:02:42', '2024-12-13 03:02:42'),
(112, 'Kitty Howell', 'berneice.spinka@example.org', NULL, '$2y$12$4Zrx6LdxpqfBum7I3GwZ.O2ogBB6S4IF5H39nJ2ofKJhBxPf5AH52', NULL, NULL, NULL, NULL, NULL, NULL, NULL, NULL, NULL, NULL, NULL, NULL, NULL, '2024-12-13 03:02:42', '2024-12-13 03:02:42'),
(113, 'Prof. Oceane Brown Jr.', 'okon.efren@example.org', NULL, '$2y$12$u3bKuFNtyWAqadW7Fr3QVOZHf1YviNHAl6.BhSYSTg.3qRZzNnnsa', NULL, NULL, NULL, NULL, NULL, NULL, NULL, NULL, NULL, NULL, NULL, NULL, NULL, '2024-12-13 03:02:43', '2024-12-13 03:02:43'),
(114, 'Mr. Donald Hettinger PhD', 'ygoyette@example.com', NULL, '$2y$12$NtztRTXzctFQG9qhGpDQeOzL86uNG.RDACsRXXMVtaj3iziAP3UkS', NULL, NULL, NULL, NULL, NULL, NULL, NULL, NULL, NULL, NULL, NULL, NULL, NULL, '2024-12-13 03:02:43', '2024-12-13 03:02:43'),
(115, 'Mr. Noe Schultz DDS', 'micaela.conn@example.com', NULL, '$2y$12$G5hciVIU11gy1LKv1ssbq.4TJJbsBalsJu8ejD9guKYuFqiuBTMmy', NULL, NULL, NULL, NULL, NULL, NULL, NULL, NULL, NULL, NULL, NULL, NULL, NULL, '2024-12-13 03:02:43', '2024-12-13 03:02:43'),
(116, 'Valerie Treutel', 'larson.theresia@example.net', NULL, '$2y$12$8pXJV2M/ZLKaGu0I6p0bXuA80vePERAUoN3yB1uSAZhCQyH1wEUu.', NULL, NULL, NULL, NULL, NULL, NULL, NULL, NULL, NULL, NULL, NULL, NULL, NULL, '2024-12-13 03:02:43', '2024-12-13 03:02:43'),
(117, 'Jeanne Dicki', 'jaunita.price@example.com', NULL, '$2y$12$7gzgbu9/3Rgc3Xdod49olu9./Tv5uLJQ61kzjchsVl/IaU37Z.k6e', NULL, NULL, NULL, NULL, NULL, NULL, NULL, NULL, NULL, NULL, NULL, NULL, NULL, '2024-12-13 03:02:44', '2024-12-13 03:02:44'),
(118, 'Anabel Smitham', 'jleannon@example.com', NULL, '$2y$12$BuhXnnAO8UZQO2iMFzWBD.8OJ0wxdZb/22JbcHuTy3k0x9bxOlzve', NULL, NULL, NULL, NULL, NULL, NULL, NULL, NULL, NULL, NULL, NULL, NULL, NULL, '2024-12-13 03:02:44', '2024-12-13 03:02:44'),
(119, 'Miss Pearlie Jaskolski V', 'jlittel@example.net', NULL, '$2y$12$Etp.aNUabk0x1oFi1lAZXOQ7yAlTkyp/bQw3ScbCEFr0v/kzlrfom', NULL, NULL, NULL, NULL, NULL, NULL, NULL, NULL, NULL, NULL, NULL, NULL, NULL, '2024-12-13 03:02:44', '2024-12-13 03:02:44'),
(120, 'Jerad Romaguera DDS', 'abel.bernier@example.org', NULL, '$2y$12$yZTTsO9p.Q1ociGo2rJWlergVgeK5bnkbmwWxWfx7peQU0ZDCbtU2', NULL, NULL, NULL, NULL, NULL, NULL, NULL, NULL, NULL, NULL, NULL, NULL, NULL, '2024-12-13 03:02:44', '2024-12-13 03:02:44'),
(121, 'Dr. Dorothy Boehm DDS', 'jefferey.emmerich@example.com', NULL, '$2y$12$EO2kFstWsMGmjUlW882gPuly88ZzMhf/Vb1XM0Mg49dBUvQKXFWR6', NULL, NULL, NULL, NULL, NULL, NULL, NULL, NULL, NULL, NULL, NULL, NULL, NULL, '2024-12-13 03:02:45', '2024-12-13 03:02:45'),
(122, 'Alexandrea Koss DDS', 'shane@example.com', NULL, '$2y$12$fKJgDL0.IvoHIcOT2FR/P.Dcl5X3a9tsoKmUSQgbcW8M8aYuG7ZqW', NULL, NULL, NULL, NULL, NULL, NULL, NULL, NULL, NULL, NULL, NULL, NULL, NULL, '2024-12-13 03:02:45', '2024-12-13 03:02:45'),
(123, 'Dr. Dayna Schoen II', 'chet.ernser@example.org', NULL, '$2y$12$0BFDgWBPhyhOBgSgLntlc.zq4su7PhH78o4D55fp3B6m6aITz9ojS', NULL, NULL, NULL, NULL, NULL, NULL, NULL, NULL, NULL, NULL, NULL, NULL, NULL, '2024-12-13 03:02:45', '2024-12-13 03:02:45'),
(124, 'Everette Raynor I', 'anderson.tavares@example.org', NULL, '$2y$12$HMeHVRysj2njmjQIIlXakemvJoLSJPGSn1xk9tLhLvzWs2dAVMh7O', NULL, NULL, NULL, NULL, NULL, NULL, NULL, NULL, NULL, NULL, NULL, NULL, NULL, '2024-12-13 03:02:45', '2024-12-13 03:02:45'),
(125, 'Prof. Keven Greenfelder MD', 'bgrant@example.org', NULL, '$2y$12$RLLy7iDed.CwKe84bHcU2OrWqGFpXs57Tf4K1nQ9JW7iZYM1xoJiC', NULL, NULL, NULL, NULL, NULL, NULL, NULL, NULL, NULL, NULL, NULL, NULL, NULL, '2024-12-13 03:02:45', '2024-12-13 03:02:45'),
(126, 'Clementine Little', 'esperanza69@example.org', NULL, '$2y$12$ZH3SGgsVmXLYb0KEwefAjOpt2lljcStkMFwoJjwv39dq3wbkghMYa', NULL, NULL, NULL, NULL, NULL, NULL, NULL, NULL, NULL, NULL, NULL, NULL, NULL, '2024-12-13 03:02:46', '2024-12-13 03:02:46'),
(127, 'Allison Rice', 'bonita37@example.org', NULL, '$2y$12$Pz2cwCmd6aV5B0WqOuwQKO7D543ey6hQuRfSPBkOOU7/FTM3HVa4O', NULL, NULL, NULL, NULL, NULL, NULL, NULL, NULL, NULL, NULL, NULL, NULL, NULL, '2024-12-13 03:02:46', '2024-12-13 03:02:46'),
(128, 'Prof. Raoul Dibbert DDS', 'aurelio37@example.net', NULL, '$2y$12$TQfePGwTbLnVwi1DmHqb9O/xY0.eBvTTiZ/m0hT0iLUxxNXNSXMkS', NULL, NULL, NULL, NULL, NULL, NULL, NULL, NULL, NULL, NULL, NULL, NULL, NULL, '2024-12-13 03:02:46', '2024-12-13 03:02:46'),
(129, 'Saul Bruen', 'shanahan.nyasia@example.com', NULL, '$2y$12$q2OQdt0qR5ZM4t7K03cJ7O/T/u9LVFrFqVWljxh0Y4rppb7N2Ozni', NULL, NULL, NULL, NULL, NULL, NULL, NULL, NULL, NULL, NULL, NULL, NULL, NULL, '2024-12-13 03:02:46', '2024-12-13 03:02:46'),
(130, 'Penelope Schmeler', 'nitzsche.alejandrin@example.com', NULL, '$2y$12$9RNQpG93YJ5tr/W7dmRm5uxFnEIpf799gUemIdd/X572tLpEa1nya', NULL, NULL, NULL, NULL, NULL, NULL, NULL, NULL, NULL, NULL, NULL, NULL, NULL, '2024-12-13 03:02:47', '2024-12-13 03:02:47'),
(131, 'Cristian Larson', 'koss.stanford@example.net', NULL, '$2y$12$G73qWVzw8j6XI6mA/YfkquX3dEWUXAcMG495LUtzq0UPThoUUdbCW', NULL, NULL, NULL, NULL, NULL, NULL, NULL, NULL, NULL, NULL, NULL, NULL, NULL, '2024-12-13 03:02:47', '2024-12-13 03:02:47'),
(132, 'Esther McClure I', 'horace.koch@example.net', NULL, '$2y$12$hHB0jp/NtJ4/htKn2ky9QuUuqbGlJYlU0cRm.YFd6SbVPSrsvfQwW', NULL, NULL, NULL, NULL, NULL, NULL, NULL, NULL, NULL, NULL, NULL, NULL, NULL, '2024-12-13 03:02:47', '2024-12-13 03:02:47'),
(133, 'Jany Brown', 'beverly76@example.com', NULL, '$2y$12$cjcwuJfIY1Up5ECbC6tq7eXqHzeo3NSKLteb45CFyURioBDC3qWD6', NULL, NULL, NULL, NULL, NULL, NULL, NULL, NULL, NULL, NULL, NULL, NULL, NULL, '2024-12-13 03:02:47', '2024-12-13 03:02:47'),
(134, 'Prof. Arturo Gleichner', 'mkautzer@example.net', NULL, '$2y$12$gf25ckYFsj76NgMJQoNNSuCI.z1HbaxZMelwV.l/KYXPpySbTnU92', NULL, NULL, NULL, NULL, NULL, NULL, NULL, NULL, NULL, NULL, NULL, NULL, NULL, '2024-12-13 03:02:47', '2024-12-13 03:02:47'),
(135, 'Prof. Winona Dibbert III', 'gerda.jones@example.com', NULL, '$2y$12$zxdlaAXdeare96F5BEhzkusdHx5wtwEO0gaMXqCB9n/OaXeJUJQH6', NULL, NULL, NULL, NULL, NULL, NULL, NULL, NULL, NULL, NULL, NULL, NULL, NULL, '2024-12-13 03:02:48', '2024-12-13 03:02:48'),
(136, 'Daija Barton', 'brakus.coy@example.com', NULL, '$2y$12$PyxBk6jWnzSyHc.5HJ/c6Oefp3tep6quWQn3Tsd6D3lP6wQ0KKcua', NULL, NULL, NULL, NULL, NULL, NULL, NULL, NULL, NULL, NULL, NULL, NULL, NULL, '2024-12-13 03:02:48', '2024-12-13 03:02:48'),
(137, 'Skyla Grady', 'maryjane83@example.org', NULL, '$2y$12$wFSwrU9VuEmJrg4JxqlwouOH4OsWyReVAZcTlSq4.7C05151yNjDC', NULL, NULL, NULL, NULL, NULL, NULL, NULL, NULL, NULL, NULL, NULL, NULL, NULL, '2024-12-13 03:02:48', '2024-12-13 03:02:48'),
(138, 'Juanita Leuschke', 'lupe93@example.com', NULL, '$2y$12$NHfwos1pqJhgLtZjSkK3uuh7dSrjawhx09CATLBXDPoqFzqevuWQW', NULL, NULL, NULL, NULL, NULL, NULL, NULL, NULL, NULL, NULL, NULL, NULL, NULL, '2024-12-13 03:02:48', '2024-12-13 03:02:48'),
(139, 'Madie Bosco', 'bashirian.louie@example.org', NULL, '$2y$12$N3FEx18chZaUf..zttoaneh0S4X9.NcTBuIcuxCoN5Lo4ZfM52RNS', NULL, NULL, NULL, NULL, NULL, NULL, NULL, NULL, NULL, NULL, NULL, NULL, NULL, '2024-12-13 03:02:49', '2024-12-13 03:02:49'),
(140, 'Curtis Schulist', 'cristobal71@example.net', NULL, '$2y$12$f2R/mC1wcamQ4nk1ex0IN.5hBBcFnGo7vBwXxt/IyFWK/3hZ6zaoy', NULL, NULL, NULL, NULL, NULL, NULL, NULL, NULL, NULL, NULL, NULL, NULL, NULL, '2024-12-13 03:02:49', '2024-12-13 03:02:49'),
(141, 'Alexie Barton', 'ihaley@example.org', NULL, '$2y$12$UmxV9Xh8mYT/I59Y/7HEIOxhUMq/q/w5KTlerDgiQA9iLX2ZR6l2G', NULL, NULL, NULL, NULL, NULL, NULL, NULL, NULL, NULL, NULL, NULL, NULL, NULL, '2024-12-13 03:02:49', '2024-12-13 03:02:49'),
(142, 'Zaria Grimes', 'mireya77@example.net', NULL, '$2y$12$9hRvcnPF1GD7wHwxACejZ.uve4tf3kLV8PyJxBFmwY8yjrsUAZmL.', NULL, NULL, NULL, NULL, NULL, NULL, NULL, NULL, NULL, NULL, NULL, NULL, NULL, '2024-12-13 03:02:49', '2024-12-13 03:02:49'),
(143, 'Charlie Dooley', 'mayert.gennaro@example.com', NULL, '$2y$12$eaOSYSbj8rT3g/twNMR3PuGodwNpBlrsu3Kd5bAJVWbMDuXRyTO0.', NULL, NULL, NULL, NULL, NULL, NULL, NULL, NULL, NULL, NULL, NULL, NULL, NULL, '2024-12-13 03:02:50', '2024-12-13 03:02:50'),
(144, 'Trisha Ritchie II', 'okeefe.jaylen@example.net', NULL, '$2y$12$YqqzYf7Jw.U1o39pZ/FmPOMStJ7VXaBILU9i5xv.JthWZ6.LjuSJu', NULL, NULL, NULL, NULL, NULL, NULL, NULL, NULL, NULL, NULL, NULL, NULL, NULL, '2024-12-13 03:02:50', '2024-12-13 03:02:50'),
(145, 'August Dicki', 'emmitt97@example.org', NULL, '$2y$12$b95c/vHvp5Obz1XFI0sfPeZZ2Il8W5gQ8pjkVMnmjBr4pW1uWk5DO', NULL, NULL, NULL, NULL, NULL, NULL, NULL, NULL, NULL, NULL, NULL, NULL, NULL, '2024-12-13 03:02:50', '2024-12-13 03:02:50'),
(146, 'Miss Stephania Weber PhD', 'mose.bahringer@example.net', NULL, '$2y$12$5IqQ7MJfNo05yW7CXd/IRuVnSsVvFLIIVTOdUn3y9zOYa2gma7Vl6', NULL, NULL, NULL, NULL, NULL, NULL, NULL, NULL, NULL, NULL, NULL, NULL, NULL, '2024-12-13 03:02:50', '2024-12-13 03:02:50'),
(147, 'Chaya Eichmann', 'purdy.rafaela@example.com', NULL, '$2y$12$4wUeVC3JnDS.Y59CTy6nbO0KNjywx4VsVQuj2MxsMaSfZzc8r.ng2', NULL, NULL, NULL, NULL, NULL, NULL, NULL, NULL, NULL, NULL, NULL, NULL, NULL, '2024-12-13 03:02:50', '2024-12-13 03:02:50'),
(148, 'Dr. Gunner Pagac', 'morar.terrell@example.com', NULL, '$2y$12$uv7BUqyRP0rsZICbfdPbO.12ssJ0yBbfGoVb5wBJU9rLkbUNj7zIi', NULL, NULL, NULL, NULL, NULL, NULL, NULL, NULL, NULL, NULL, NULL, NULL, NULL, '2024-12-13 03:02:51', '2024-12-13 03:02:51'),
(149, 'Gail Denesik', 'ena.feest@example.net', NULL, '$2y$12$zbOERYjuKKHEIyKdhUeK4eVqQAGIZcJLCO0qr.KGeFnIo6M487XX2', NULL, NULL, NULL, NULL, NULL, NULL, NULL, NULL, NULL, NULL, NULL, NULL, NULL, '2024-12-13 03:02:51', '2024-12-13 03:02:51'),
(150, 'Devante Jacobson', 'wswift@example.org', NULL, '$2y$12$avb5lfPWV7X4tX/F4oFotub9TDQlX/r2FzqpSjD9nE5fbSDE4bh4i', NULL, NULL, NULL, NULL, NULL, NULL, NULL, NULL, NULL, NULL, NULL, NULL, NULL, '2024-12-13 03:02:51', '2024-12-13 03:02:51'),
(151, 'Enos Klocko IV', 'thartmann@example.org', NULL, '$2y$12$MzySl3tsvp2MAwxx/efDiO89L5zqxxK2Lhof.nddqIF2RA3DbAisi', NULL, NULL, NULL, NULL, NULL, NULL, NULL, NULL, NULL, NULL, NULL, NULL, NULL, '2024-12-13 03:02:51', '2024-12-13 03:02:51'),
(152, 'Shakira Bernier', 'emmerich.maegan@example.org', NULL, '$2y$12$CYIdghIJzX9hCFNt/rD6wehR3L5hTBqvQxyLURVGKM6MclvEzm/du', NULL, NULL, NULL, NULL, NULL, NULL, NULL, NULL, NULL, NULL, NULL, NULL, NULL, '2024-12-13 03:02:52', '2024-12-13 03:02:52'),
(153, 'Rae Wolf', 'afisher@example.com', NULL, '$2y$12$oVfj5ev6e8JpJcnTLgfkt.OzkzyzFpZP/MzqVtmGANrrsBF4AnzFW', NULL, NULL, NULL, NULL, NULL, NULL, NULL, NULL, NULL, NULL, NULL, NULL, NULL, '2024-12-13 03:02:52', '2024-12-13 03:02:52'),
(154, 'Mason Kemmer Sr.', 'santiago.kutch@example.org', NULL, '$2y$12$j5byFe8w584dtMfDWhkb5eGOQGNEZ1XhISHPNdfoOD6Xm/JUQG6iG', NULL, NULL, NULL, NULL, NULL, NULL, NULL, NULL, NULL, NULL, NULL, NULL, NULL, '2024-12-13 03:02:52', '2024-12-13 03:02:52'),
(155, 'Mr. Domingo Bartell Jr.', 'corkery.breanna@example.org', NULL, '$2y$12$lY8EJScolYOxzbCuuxcUyuXzQFPC5slSbMY9XZqvXvmmXvCNd8opO', NULL, NULL, NULL, NULL, NULL, NULL, NULL, NULL, NULL, NULL, NULL, NULL, NULL, '2024-12-13 03:02:52', '2024-12-13 03:02:52'),
(156, 'Mrs. Sallie Simonis DVM', 'chandler78@example.net', NULL, '$2y$12$On7iQTxn94Yhgvfm8JIOCOUNib9xAkduZ0s/bUUwDkfw7LfXPB/YO', NULL, NULL, NULL, NULL, NULL, NULL, NULL, NULL, NULL, NULL, NULL, NULL, NULL, '2024-12-13 03:02:52', '2024-12-13 03:02:52'),
(157, 'Dr. Karley Vandervort I', 'darrel81@example.org', NULL, '$2y$12$Y6iNJlMxmuHbvK9o1c3RHue4o8IDDpbSkys4ue.6yNqiNxD3LN3/C', NULL, NULL, NULL, NULL, NULL, NULL, NULL, NULL, NULL, NULL, NULL, NULL, NULL, '2024-12-13 03:02:53', '2024-12-13 03:02:53'),
(158, 'Tyra Kreiger', 'flarson@example.org', NULL, '$2y$12$wtzqWkK5Pz5uF2wpn55NZ.gMf72qeDuXwTmmaUGz1hY7.a/1iSroG', NULL, NULL, NULL, NULL, NULL, NULL, NULL, NULL, NULL, NULL, NULL, NULL, NULL, '2024-12-13 03:02:53', '2024-12-13 03:02:53'),
(159, 'Esperanza Kris', 'daron.boyer@example.com', NULL, '$2y$12$Z6f3SrwMw9Jx.mkybkqQ1uksAeeRtBg7cqQawYE6RVkV73vtzOR76', NULL, NULL, NULL, NULL, NULL, NULL, NULL, NULL, NULL, NULL, NULL, NULL, NULL, '2024-12-13 03:02:53', '2024-12-13 03:02:53'),
(160, 'Ford Fisher Jr.', 'mhirthe@example.org', NULL, '$2y$12$fSeY0kitLc4eXDsNTYB1oeIci8mB4J63cLcUooht0W93YrU9gfvNm', NULL, NULL, NULL, NULL, NULL, NULL, NULL, NULL, NULL, NULL, NULL, NULL, NULL, '2024-12-13 03:02:53', '2024-12-13 03:02:53'),
(161, 'Susan Boehm', 'jenkins.ewell@example.org', NULL, '$2y$12$OdMk6ZeBOeBxImuxQiO5N.u.wpseHLZQZW/wREdP84fihQC6hEUiK', NULL, NULL, NULL, NULL, NULL, NULL, NULL, NULL, NULL, NULL, NULL, NULL, NULL, '2024-12-13 03:02:54', '2024-12-13 03:02:54'),
(162, 'Vicenta Mueller', 'rempel.ephraim@example.org', NULL, '$2y$12$35k6do5lvy5mSnZFR8TNveD.qg3Kt5eN.P8m.wpMUIOwCkyYmzXHO', NULL, NULL, NULL, NULL, NULL, NULL, NULL, NULL, NULL, NULL, NULL, NULL, NULL, '2024-12-13 03:02:54', '2024-12-13 03:02:54'),
(163, 'Dr. Anabelle Langworth', 'roberts.jesse@example.com', NULL, '$2y$12$CX9jDAOSrqcezzjQNb.y5eknLw2cKju6beJSLFYSZ4U8am1s7J8pi', NULL, NULL, NULL, NULL, NULL, NULL, NULL, NULL, NULL, NULL, NULL, NULL, NULL, '2024-12-13 03:02:54', '2024-12-13 03:02:54'),
(164, 'Neal Pouros', 'gibson.trent@example.com', NULL, '$2y$12$qzonOol5jVB3ZiBFbO5ede4yRrWB61PH5j5zd.OtYPjteeWK7/ttS', NULL, NULL, NULL, NULL, NULL, NULL, NULL, NULL, NULL, NULL, NULL, NULL, NULL, '2024-12-13 03:02:54', '2024-12-13 03:02:54'),
(165, 'Francesco Kunze DDS', 'welch.lilyan@example.net', NULL, '$2y$12$N2yjvFG.59ZKntwDcDJKA.0O9DlrpntFJxmkRrcIXUan/tYbJ1LKa', NULL, NULL, NULL, NULL, NULL, NULL, NULL, NULL, NULL, NULL, NULL, NULL, NULL, '2024-12-13 03:02:55', '2024-12-13 03:02:55'),
(166, 'Dino Ondricka', 'wehner.frank@example.org', NULL, '$2y$12$YjdSu.mlprmdFOD5GPHs5.U2fis7ipK6t6KGSq5.PXX3ZqslQot.K', NULL, NULL, NULL, NULL, NULL, NULL, NULL, NULL, NULL, NULL, NULL, NULL, NULL, '2024-12-13 03:02:55', '2024-12-13 03:02:55'),
(167, 'Mr. Jessy Volkman MD', 'melany39@example.org', NULL, '$2y$12$M904ZcVQ1yKmIhr12P.J.uyXELLrjHDHtkg9M5k5Xoq/ARsiLBEES', NULL, NULL, NULL, NULL, NULL, NULL, NULL, NULL, NULL, NULL, NULL, NULL, NULL, '2024-12-13 03:02:55', '2024-12-13 03:02:55'),
(168, 'Tiana Crist', 'upaucek@example.net', NULL, '$2y$12$xAIfsXwwYkurA9YgOJwqDOUTgVxtfn9xnyPC3T4j7fu/xlpSDpIYC', NULL, NULL, NULL, NULL, NULL, NULL, NULL, NULL, NULL, NULL, NULL, NULL, NULL, '2024-12-13 03:02:55', '2024-12-13 03:02:55'),
(169, 'Merl Gerlach', 'kenny.bosco@example.org', NULL, '$2y$12$7dE1ZZpzo318bpABJrgHBesRK14/IBq2c/o0AylY62RWJByRixVxu', NULL, NULL, NULL, NULL, NULL, NULL, NULL, NULL, NULL, NULL, NULL, NULL, NULL, '2024-12-13 03:02:55', '2024-12-13 03:02:55'),
(170, 'Walton Schneider', 'wdickinson@example.com', NULL, '$2y$12$HCtBRQ4HrO6PVOsFVlaDFObAAqnfVpy2bq2K54GmjUM6cxfgf//ZW', NULL, NULL, NULL, NULL, NULL, NULL, NULL, NULL, NULL, NULL, NULL, NULL, NULL, '2024-12-13 03:02:56', '2024-12-13 03:02:56'),
(171, 'Jace Weber', 'weissnat.corene@example.org', NULL, '$2y$12$tYg0H8rICUm7Hdw.SXb7puYblCL5omwFVGCaNH0gFZuunOug8EVKq', NULL, NULL, NULL, NULL, NULL, NULL, NULL, NULL, NULL, NULL, NULL, NULL, NULL, '2024-12-13 03:02:56', '2024-12-13 03:02:56'),
(172, 'Stephon Walter', 'nflatley@example.com', NULL, '$2y$12$s6SzVmEnQGuxXZ63fzT/8uNKLVYFiPDjuhmFR6S627RV0cb6Hb5cm', NULL, NULL, NULL, NULL, NULL, NULL, NULL, NULL, NULL, NULL, NULL, NULL, NULL, '2024-12-13 03:02:56', '2024-12-13 03:02:56'),
(173, 'Dr. Dashawn Denesik', 'rachelle.dibbert@example.net', NULL, '$2y$12$AhtoNAE6FX83Irjxa12BCu8Q0zhWz.QpwvA7AYR4ofX14a1.yJjxa', NULL, NULL, NULL, NULL, NULL, NULL, NULL, NULL, NULL, NULL, NULL, NULL, NULL, '2024-12-13 03:02:56', '2024-12-13 03:02:56'),
(174, 'Vida Crooks', 'charity.spinka@example.net', NULL, '$2y$12$7D6vE8so2QyYAGXblnw8DeFmQ8xsiU5QFDjqoJSFUqxojEGnGakCG', NULL, NULL, NULL, NULL, NULL, NULL, NULL, NULL, NULL, NULL, NULL, NULL, NULL, '2024-12-13 03:02:57', '2024-12-13 03:02:57'),
(175, 'Mrs. Sadye O\'Conner Sr.', 'bernadine.douglas@example.net', NULL, '$2y$12$VVzBU78jlqSRdFKKHdw4suP0lCNl9fsB3cjVywVcGjARzRowBKIYS', NULL, NULL, NULL, NULL, NULL, NULL, NULL, NULL, NULL, NULL, NULL, NULL, NULL, '2024-12-13 03:02:57', '2024-12-13 03:02:57'),
(176, 'Mose Lynch', 'tlindgren@example.org', NULL, '$2y$12$1vYCAFWZ8TX/lF0THymxGeFKotxr5CKEWnFAQp8vpFQ2MHM234xNG', NULL, NULL, NULL, NULL, NULL, NULL, NULL, NULL, NULL, NULL, NULL, NULL, NULL, '2024-12-13 03:02:57', '2024-12-13 03:02:57'),
(177, 'Bessie Aufderhar', 'ezequiel.prohaska@example.com', NULL, '$2y$12$MafpmnovBsDYyPgNQDibPexgQd9OYYBXmfk4rpY9BD8btptGLQUh.', NULL, NULL, NULL, NULL, NULL, NULL, NULL, NULL, NULL, NULL, NULL, NULL, NULL, '2024-12-13 03:02:57', '2024-12-13 03:02:57'),
(178, 'Ibrahim Becker', 'wrice@example.net', NULL, '$2y$12$YeOyk/JPEVhZ6IKUnq1q5e.ETLtNdIlZ2cdW0zGKCqN9YnBKdrnyy', NULL, NULL, NULL, NULL, NULL, NULL, NULL, NULL, NULL, NULL, NULL, NULL, NULL, '2024-12-13 03:02:58', '2024-12-13 03:02:58'),
(179, 'Liliana VonRueden', 'gerhold.pinkie@example.com', NULL, '$2y$12$PF7SHp4qQA1bHJuuvuYZ3eLGBuiqGFXShO1A8lG01AlSlk.4asX6G', NULL, NULL, NULL, NULL, NULL, NULL, NULL, NULL, NULL, NULL, NULL, NULL, NULL, '2024-12-13 03:02:58', '2024-12-13 03:02:58'),
(180, 'Sibyl Luettgen', 'wilton17@example.net', NULL, '$2y$12$JucFIdQ5moVh18Jtq/7LUuF3gVnAranKxN8J.0cLgvBbOROlyA2Qa', NULL, NULL, NULL, NULL, NULL, NULL, NULL, NULL, NULL, NULL, NULL, NULL, NULL, '2024-12-13 03:02:58', '2024-12-13 03:02:58'),
(181, 'Shyann Bradtke', 'finn.strosin@example.com', NULL, '$2y$12$L6PnbEjeSkkMhJhzZXzVH.zrYKctYRi6oOhg1xb9A6Qt5sGDwkpta', NULL, NULL, NULL, NULL, NULL, NULL, NULL, NULL, NULL, NULL, NULL, NULL, NULL, '2024-12-13 03:02:58', '2024-12-13 03:02:58'),
(182, 'Hilbert Crist Sr.', 'monica31@example.com', NULL, '$2y$12$AtIQfV8qAbm8.dQikzBe3.6qudYrLsIxEbz/o3QbrAbkzTgSq4zdu', NULL, NULL, NULL, NULL, NULL, NULL, NULL, NULL, NULL, NULL, NULL, NULL, NULL, '2024-12-13 03:02:58', '2024-12-13 03:02:58'),
(183, 'Lonnie Goyette', 'chadd.dooley@example.net', NULL, '$2y$12$lm/rPmE0Mirka4.wUu2NuOesNj3SyVuLtCST4ejsAOeBT8wPBP2zi', NULL, NULL, NULL, NULL, NULL, NULL, NULL, NULL, NULL, NULL, NULL, NULL, NULL, '2024-12-13 03:02:59', '2024-12-13 03:02:59'),
(184, 'Miss Camylle Shanahan', 'elna.block@example.org', NULL, '$2y$12$C7VE0YrLDylpqVhB2J/LZeJK1rl4miY2tbqYRWhOmoTXAxnf9FE0O', NULL, NULL, NULL, NULL, NULL, NULL, NULL, NULL, NULL, NULL, NULL, NULL, NULL, '2024-12-13 03:02:59', '2024-12-13 03:02:59'),
(185, 'Ms. Telly Konopelski III', 'callie.crooks@example.com', NULL, '$2y$12$1xFRMRdLPaH53vwjxUQOOOJVtcUzvdCJCb6DPEmeTZGCKJmLs2JHy', NULL, NULL, NULL, NULL, NULL, NULL, NULL, NULL, NULL, NULL, NULL, NULL, NULL, '2024-12-13 03:02:59', '2024-12-13 03:02:59'),
(186, 'Cassandre Abshire', 'strosin.hassan@example.com', NULL, '$2y$12$2IiJHHg.xWi2NwtP6OOPSOh3cSjjm24bcOAFq9vFgaI8MdoatXwNK', NULL, NULL, NULL, NULL, NULL, NULL, NULL, NULL, NULL, NULL, NULL, NULL, NULL, '2024-12-13 03:02:59', '2024-12-13 03:02:59'),
(187, 'Eudora Bartell', 'denesik.zola@example.com', NULL, '$2y$12$A0Iu2QXF7eOCiCfEEGaMgexpmkTl5JCmTTpI7KlviLaG1f6AYTK7O', NULL, NULL, NULL, NULL, NULL, NULL, NULL, NULL, NULL, NULL, NULL, NULL, NULL, '2024-12-13 03:03:00', '2024-12-13 03:03:00'),
(188, 'Prof. Delphia Murray', 'waelchi.lesly@example.org', NULL, '$2y$12$sA/yYRSci99p.n2Fn54waOdaxMioAAlu9sW5Fy5o7enizXoJcxFkC', NULL, NULL, NULL, NULL, NULL, NULL, NULL, NULL, NULL, NULL, NULL, NULL, NULL, '2024-12-13 03:03:00', '2024-12-13 03:03:00'),
(189, 'Dereck Jones', 'lubowitz.joany@example.org', NULL, '$2y$12$HqWpsL69Uy8HJ4GR/0Jgr.YvPVUndVEjmS0FqfRH4YuL8agQD2NEe', NULL, NULL, NULL, NULL, NULL, NULL, NULL, NULL, NULL, NULL, NULL, NULL, NULL, '2024-12-13 03:03:00', '2024-12-13 03:03:00'),
(190, 'Gia Okuneva', 'michael26@example.com', NULL, '$2y$12$JtOWAAnIcREE9NtNLy24quq9Xw2JYrrO8vd6IM.uIta.GyS1XB1s.', NULL, NULL, NULL, NULL, NULL, NULL, NULL, NULL, NULL, NULL, NULL, NULL, NULL, '2024-12-13 03:03:00', '2024-12-13 03:03:00'),
(191, 'Aniya Boyer', 'reynolds.rae@example.com', NULL, '$2y$12$NY9d5Xki7bByU2rUq2qUnukDf8pvYyOfo24cBtYO9EhZG8O/BHBoK', NULL, NULL, NULL, NULL, NULL, NULL, NULL, NULL, NULL, NULL, NULL, NULL, NULL, '2024-12-13 03:03:00', '2024-12-13 03:03:00'),
(192, 'Earl Lindgren', 'yohara@example.org', NULL, '$2y$12$6iGHRBZT.cerbqAbCK6j6OHOVLnoz3woLXbHZzFNnQY4uSpiywhIO', NULL, NULL, NULL, NULL, NULL, NULL, NULL, NULL, NULL, NULL, NULL, NULL, NULL, '2024-12-13 03:03:01', '2024-12-13 03:03:01'),
(193, 'Dr. Adriana West', 'hagenes.collin@example.net', NULL, '$2y$12$hgYD0ijtEgDQVR3chlK5hOYjSIpvQTsMWNrhkiZgrGSG4VVmLWo/y', NULL, NULL, NULL, NULL, NULL, NULL, NULL, NULL, NULL, NULL, NULL, NULL, NULL, '2024-12-13 03:03:01', '2024-12-13 03:03:01'),
(194, 'Brycen Yundt', 'hassie87@example.net', NULL, '$2y$12$25kGH1Kzj9raPCaQtVAbOO80yVG.V03AKkwYUWiQ4aG2f4OlFtZMC', NULL, NULL, NULL, NULL, NULL, NULL, NULL, NULL, NULL, NULL, NULL, NULL, NULL, '2024-12-13 03:03:01', '2024-12-13 03:03:01'),
(195, 'Laurianne Heaney', 'katelin11@example.net', NULL, '$2y$12$nNTL9gnOSQlVJRwXjeQWnu37giGrgxwf63EgHBp8BEtF11YM9MAim', NULL, NULL, NULL, NULL, NULL, NULL, NULL, NULL, NULL, NULL, NULL, NULL, NULL, '2024-12-13 03:03:01', '2024-12-13 03:03:01'),
(196, 'Derick Greenholt IV', 'dena.dubuque@example.net', NULL, '$2y$12$MKt/7OGRI0f1wwXk1ZW9quVbp5tBm23AGhVdZ3PmZW7PfmpfsWISO', NULL, NULL, NULL, NULL, NULL, NULL, NULL, NULL, NULL, NULL, NULL, NULL, NULL, '2024-12-13 03:03:02', '2024-12-13 03:03:02'),
(197, 'Brock Cummerata', 'malika96@example.com', NULL, '$2y$12$tFehZXhmE9OTy5j//FgZAu5.y5hajJeUOTlRAyMwkcVFpwHy7h38u', NULL, NULL, NULL, NULL, NULL, NULL, NULL, NULL, NULL, NULL, NULL, NULL, NULL, '2024-12-13 03:03:02', '2024-12-13 03:03:02'),
(198, 'Dorthy Lebsack', 'weldon67@example.com', NULL, '$2y$12$CFTSaT.Ui.0K6j2fRg2Mee3/xLz1ed.crn7mlDgU4iMsU4qo4Dn4a', NULL, NULL, NULL, NULL, NULL, NULL, NULL, NULL, NULL, NULL, NULL, NULL, NULL, '2024-12-13 03:03:02', '2024-12-13 03:03:02'),
(199, 'Elian Konopelski DDS', 'doug07@example.com', NULL, '$2y$12$vK5sjqMCP7YjP3Z0BfPJZeof6cRLjKNcWhdJjRqxCriIatgieDddW', NULL, NULL, NULL, NULL, NULL, NULL, NULL, NULL, NULL, NULL, NULL, NULL, NULL, '2024-12-13 03:03:02', '2024-12-13 03:03:02'),
(200, 'Effie Gislason', 'stroman.myra@example.net', NULL, '$2y$12$r4oLcMMu65hOSnFT4j8.KOuWL9xQrfQTX.KagqutECQlI.TsXUqxS', NULL, NULL, NULL, NULL, NULL, NULL, NULL, NULL, NULL, NULL, NULL, NULL, NULL, '2024-12-13 03:03:03', '2024-12-13 03:03:03'),
(201, 'Dr. Gardner Bogan II', 'renner.helene@example.com', NULL, '$2y$12$1RejRh1YJMhnNMFHBCceq.eKDHNOPfjGICjZRs9fl8SEkKRB2ryYq', NULL, NULL, NULL, NULL, NULL, NULL, NULL, NULL, NULL, NULL, NULL, NULL, NULL, '2024-12-13 03:03:03', '2024-12-13 03:03:03'),
(202, 'Dr. Khalid Bergnaum', 'jmurray@example.net', NULL, '$2y$12$tJss7F91oCoXaZbdumaQl.PQ1Vzi.rDQFPZx0VXt4xh3DAPeO6xYe', NULL, NULL, NULL, NULL, NULL, NULL, NULL, NULL, NULL, NULL, NULL, NULL, NULL, '2024-12-13 03:03:03', '2024-12-13 03:03:03'),
(203, 'Ethyl Russel', 'paige.jones@example.org', NULL, '$2y$12$At.9vhFlvte39yOYepzaLOZOar0CRf8yrz8tNh6IRfJ.2qflYGILq', NULL, NULL, NULL, NULL, NULL, NULL, NULL, NULL, NULL, NULL, NULL, NULL, NULL, '2024-12-13 03:03:03', '2024-12-13 03:03:03');
INSERT INTO `users` (`id`, `name`, `email`, `email_verified_at`, `password`, `two_factor_secret`, `two_factor_recovery_codes`, `two_factor_confirmed_at`, `date_of_birth`, `phone_number`, `address`, `city`, `state`, `zip_code`, `remember_token`, `current_team_id`, `profile_photo_path`, `deleted_at`, `created_at`, `updated_at`) VALUES
(204, 'Jamaal Ullrich', 'mante.nick@example.net', NULL, '$2y$12$GTVa5yADi0IT64NnCdvaROpyrZwjLL00NwD0Q.eKfH0g6ETu2dAlm', NULL, NULL, NULL, NULL, NULL, NULL, NULL, NULL, NULL, NULL, NULL, NULL, NULL, '2024-12-13 03:03:03', '2024-12-13 03:03:03'),
(205, 'Miss Monica Stracke V', 'shaina29@example.org', NULL, '$2y$12$lxWHODVIcjokoG7bZODLSeI.ErlBWNjxZv/N0vIUUQkRiAVcfzRxC', NULL, NULL, NULL, NULL, NULL, NULL, NULL, NULL, NULL, NULL, NULL, NULL, NULL, '2024-12-13 03:03:04', '2024-12-13 03:03:04'),
(206, 'Reagan Mraz', 'lemke.leta@example.net', NULL, '$2y$12$9gHMQsCWTT6CG4cM7Whvt.Pwoa/dkW5b2gBhlbpYG.t/tSuQjaQ0a', NULL, NULL, NULL, NULL, NULL, NULL, NULL, NULL, NULL, NULL, NULL, NULL, NULL, '2024-12-13 03:03:04', '2024-12-13 03:03:04'),
(207, 'Mrs. Octavia Anderson', 'hboyle@example.net', NULL, '$2y$12$v/O5igK8CBtszxdf4mVQY.99YowM5Q2kGZrQoUvhBJ.v1nJLhPJIy', NULL, NULL, NULL, NULL, NULL, NULL, NULL, NULL, NULL, NULL, NULL, NULL, NULL, '2024-12-13 03:03:04', '2024-12-13 03:03:04'),
(208, 'Deja Johnston', 'hirthe.helene@example.net', NULL, '$2y$12$ffrcJb9HvnMMuvToQShg0.ex7Ke6sat/9OkqfQkMiF8zW42BOgwqa', NULL, NULL, NULL, NULL, NULL, NULL, NULL, NULL, NULL, NULL, NULL, NULL, NULL, '2024-12-13 03:03:04', '2024-12-13 03:03:04'),
(209, 'Rene Bashirian II', 'aboehm@example.org', NULL, '$2y$12$zTGdWHcpx2zPuGCtsL2S2ORKR.PNHtI7NkeVEJWHYd.p9T6LHeDBG', NULL, NULL, NULL, NULL, NULL, NULL, NULL, NULL, NULL, NULL, NULL, NULL, NULL, '2024-12-13 03:03:05', '2024-12-13 03:03:05'),
(210, 'Raul Pagac', 'beverly37@example.net', NULL, '$2y$12$jyr.wnD/ECkyHQdyDMajqemt/FdgGRKWxyebJql5dSnR1.PoxXjf6', NULL, NULL, NULL, NULL, NULL, NULL, NULL, NULL, NULL, NULL, NULL, NULL, NULL, '2024-12-13 03:03:05', '2024-12-13 03:03:05'),
(211, 'Maude Hill', 'gerlach.abbie@example.org', NULL, '$2y$12$GMZbLCvmrnN5H2tfv5FzbuevVyWdCfICSMpiH8vDFcas1gUXn0A3e', NULL, NULL, NULL, NULL, NULL, NULL, NULL, NULL, NULL, NULL, NULL, NULL, NULL, '2024-12-13 03:03:05', '2024-12-13 03:03:05'),
(212, 'Prof. Rasheed Hickle', 'wdaugherty@example.net', NULL, '$2y$12$HyTyq0rx1Z0K6lYA.kGqMODezRzv3oHCIyHgxCwi1L1/mzEeBmI.O', NULL, NULL, NULL, NULL, NULL, NULL, NULL, NULL, NULL, NULL, NULL, NULL, NULL, '2024-12-13 03:03:05', '2024-12-13 03:03:05'),
(213, 'Paxton Jenkins DDS', 'aquigley@example.com', NULL, '$2y$12$YaP2eFA8.47vG6m9ZPxPzO3HryingWJ/4bm9pt8rVOv7MdmWQ7Gbu', NULL, NULL, NULL, NULL, NULL, NULL, NULL, NULL, NULL, NULL, NULL, NULL, NULL, '2024-12-13 03:03:06', '2024-12-13 03:03:06'),
(214, 'Gage Connelly III', 'clemmie24@example.net', NULL, '$2y$12$OpUhaEic/QnJ/tYER.60i.F2bdJh2PWVtVCrHKdx3fvBHmQRJk7tK', NULL, NULL, NULL, NULL, NULL, NULL, NULL, NULL, NULL, NULL, NULL, NULL, NULL, '2024-12-13 03:03:06', '2024-12-13 03:03:06'),
(215, 'Shaina Harber', 'effertz.christop@example.com', NULL, '$2y$12$fiXhch0aI52CNe0j0FFXEeRkpvgzErOFac4n.1HnowMZb.cz.MbGC', NULL, NULL, NULL, NULL, NULL, NULL, NULL, NULL, NULL, NULL, NULL, NULL, NULL, '2024-12-13 03:03:06', '2024-12-13 03:03:06'),
(216, 'Dr. Gracie Stark', 'ublanda@example.net', NULL, '$2y$12$BsrJYxZn3E220dDQAtjjcObBa8rFYpPcPmjX/5FhAvcMIIllzD.jW', NULL, NULL, NULL, NULL, NULL, NULL, NULL, NULL, NULL, NULL, NULL, NULL, NULL, '2024-12-13 03:03:06', '2024-12-13 03:03:06'),
(217, 'Solon Wisozk', 'lemke.leonard@example.com', NULL, '$2y$12$nMywOA8oiOgr6xtMcyHdyOGSBvUGJlQBjDHJ3EcjUFc0DXOmPcb.W', NULL, NULL, NULL, NULL, NULL, NULL, NULL, NULL, NULL, NULL, NULL, NULL, NULL, '2024-12-13 03:03:06', '2024-12-13 03:03:06'),
(218, 'Prof. Clarissa Welch', 'orice@example.org', NULL, '$2y$12$jBe1ZP78nAruxec45hjis.xWftPRcJmPZ1PMamyubC8U970DPvIba', NULL, NULL, NULL, NULL, NULL, NULL, NULL, NULL, NULL, NULL, NULL, NULL, NULL, '2024-12-13 03:03:07', '2024-12-13 03:03:07'),
(219, 'Idell Conroy Jr.', 'mortimer.swift@example.com', NULL, '$2y$12$yLrdfRgoKRHVHBMcWvSmHOD8wHujn.dB6aD.taLwglbpYHm3QbCPS', NULL, NULL, NULL, NULL, NULL, NULL, NULL, NULL, NULL, NULL, NULL, NULL, NULL, '2024-12-13 03:03:07', '2024-12-13 03:03:07'),
(220, 'Maida Koepp', 'schimmel.hayley@example.com', NULL, '$2y$12$KGEGaBd68o1fe6mk/0rghuWpMp0WoaTye5ftWq0P2twjSlQNsKMUO', NULL, NULL, NULL, NULL, NULL, NULL, NULL, NULL, NULL, NULL, NULL, NULL, NULL, '2024-12-13 03:03:07', '2024-12-13 03:03:07'),
(221, 'Francesca Jenkins', 'jaylen.kilback@example.org', NULL, '$2y$12$OyLLhMCqRQ3bgN6TpL2e0OmpZRcgP9CBxZac29QNIptzPCda7DHOm', NULL, NULL, NULL, NULL, NULL, NULL, NULL, NULL, NULL, NULL, NULL, NULL, NULL, '2024-12-13 03:03:07', '2024-12-13 03:03:07'),
(222, 'Cecilia Krajcik', 'jaida.kertzmann@example.net', NULL, '$2y$12$URuKR6rS02dJy3Wp5b7iEOQzzfEad5dTs2qNfqjGMTgy05cNHSecq', NULL, NULL, NULL, NULL, NULL, NULL, NULL, NULL, NULL, NULL, NULL, NULL, NULL, '2024-12-13 03:03:08', '2024-12-13 03:03:08'),
(223, 'Abdiel Klocko', 'susan.yost@example.org', NULL, '$2y$12$Fu1u1sklxg4UXILNiM1vAOKiMmiVP1//P9cvyKnBEV5H/2tymNqVy', NULL, NULL, NULL, NULL, NULL, NULL, NULL, NULL, NULL, NULL, NULL, NULL, NULL, '2024-12-13 03:03:08', '2024-12-13 03:03:08'),
(224, 'Ila Corkery', 'enos.lebsack@example.com', NULL, '$2y$12$72UH.ZnU63yrAFR2kZCzC.CKCdI1/xaEd1uydig9BC4dTWeThACDG', NULL, NULL, NULL, NULL, NULL, NULL, NULL, NULL, NULL, NULL, NULL, NULL, NULL, '2024-12-13 03:03:08', '2024-12-13 03:03:08'),
(225, 'Emmet Heller', 'monahan.cornell@example.org', NULL, '$2y$12$CP8W5of5pRUHUPmwW4nyS.G8bvxIvb00qBLEEMISpksoZ6WWQARzy', NULL, NULL, NULL, NULL, NULL, NULL, NULL, NULL, NULL, NULL, NULL, NULL, NULL, '2024-12-13 03:03:08', '2024-12-13 03:03:08'),
(226, 'Chaya Trantow', 'xmarvin@example.net', NULL, '$2y$12$HLCozSu4MrynN9zYd.B32exQ6Zb5pJPCCNELN4sXymxV5OQ28RXqa', NULL, NULL, NULL, NULL, NULL, NULL, NULL, NULL, NULL, NULL, NULL, NULL, NULL, '2024-12-13 03:03:08', '2024-12-13 03:03:08'),
(227, 'Prof. Maximus Schuppe', 'eliane61@example.net', NULL, '$2y$12$UUuTPh16y6Zlke.GNzoYP.FHHL8WFWOk7e.KtfDDLKUbYX8purFnO', NULL, NULL, NULL, NULL, NULL, NULL, NULL, NULL, NULL, NULL, NULL, NULL, NULL, '2024-12-13 03:03:09', '2024-12-13 03:03:09'),
(228, 'Dr. Lupe Renner', 'rosamond39@example.com', NULL, '$2y$12$XLbTbK0MXNpynxPiKx6clOWD9/c5XSi7p349lZ9BqlZCiM6xTWwMG', NULL, NULL, NULL, NULL, NULL, NULL, NULL, NULL, NULL, NULL, NULL, NULL, NULL, '2024-12-13 03:03:09', '2024-12-13 03:03:09'),
(229, 'Kaycee Kerluke', 'florida.homenick@example.org', NULL, '$2y$12$HDhFawj96l.8vuUA8LOk9eDjtCIf6cOYZEzWOrFu.2T7k5yb7NY5q', NULL, NULL, NULL, NULL, NULL, NULL, NULL, NULL, NULL, NULL, NULL, NULL, NULL, '2024-12-13 03:03:09', '2024-12-13 03:03:09'),
(230, 'Kali Jones', 'anjali.pacocha@example.net', NULL, '$2y$12$sAA5mFTWI03ANNcZ5ginEe1PksqHBrsmRVYEx2k5lczYTqPEeyYdq', NULL, NULL, NULL, NULL, NULL, NULL, NULL, NULL, NULL, NULL, NULL, NULL, NULL, '2024-12-13 03:03:09', '2024-12-13 03:03:09'),
(231, 'Mrs. Eldora Jacobson I', 'breanne77@example.com', NULL, '$2y$12$An9nfpHpgHKtT7qxR.7yRe7Es0WZ1xiXpgSPjBBJKCXZy1GUXFule', NULL, NULL, NULL, NULL, NULL, NULL, NULL, NULL, NULL, NULL, NULL, NULL, NULL, '2024-12-13 03:03:10', '2024-12-13 03:03:10'),
(232, 'Darrion Kertzmann DVM', 'imogene.krajcik@example.net', NULL, '$2y$12$IhL2r5Z027dg/Eicz0RSXuG9C/PRhHJJ/PJ/prUKn7rGFwyAALVEm', NULL, NULL, NULL, NULL, NULL, NULL, NULL, NULL, NULL, NULL, NULL, NULL, NULL, '2024-12-13 03:03:10', '2024-12-13 03:03:10'),
(233, 'Shakira Stoltenberg', 'cecelia.nader@example.net', NULL, '$2y$12$bCyLSLT2u.u6XvrTGdy84OPTQPJF.5WmMtAymZ.t65FUpLHYtwggW', NULL, NULL, NULL, NULL, NULL, NULL, NULL, NULL, NULL, NULL, NULL, NULL, NULL, '2024-12-13 03:03:10', '2024-12-13 03:03:10'),
(234, 'Dr. Letha Kohler', 'axel.dickinson@example.com', NULL, '$2y$12$hBU749yJ6AJmJAUNaiN32.i/6IdJicwm.Gw7BMH7UKBumwe/IpzFW', NULL, NULL, NULL, NULL, NULL, NULL, NULL, NULL, NULL, NULL, NULL, NULL, NULL, '2024-12-13 03:03:10', '2024-12-13 03:03:10'),
(235, 'Fidel Cruickshank', 'coby.schaden@example.com', NULL, '$2y$12$hdsFNkw5cliMTEVrHP0KVOkcPpjlMM4v7C5kNJ7L1JXBfXa2wqZ.6', NULL, NULL, NULL, NULL, NULL, NULL, NULL, NULL, NULL, NULL, NULL, NULL, NULL, '2024-12-13 03:03:11', '2024-12-13 03:03:11'),
(236, 'Georgianna Maggio', 'morris15@example.net', NULL, '$2y$12$wQmhn26l6B9dNy5eDF6glOELbg7.FFyZ0A4ACi9H9FaV544riJWEy', NULL, NULL, NULL, NULL, NULL, NULL, NULL, NULL, NULL, NULL, NULL, NULL, NULL, '2024-12-13 03:03:11', '2024-12-13 03:03:11'),
(237, 'Jana Beahan', 'zemlak.dortha@example.org', NULL, '$2y$12$OF25TNVMDXthbl6kTpU43Oa5nvn6SBcOIhXRpeu07MLUH.TdF38iS', NULL, NULL, NULL, NULL, NULL, NULL, NULL, NULL, NULL, NULL, NULL, NULL, NULL, '2024-12-13 03:03:11', '2024-12-13 03:03:11'),
(238, 'Dr. Jon Lubowitz', 'rowe.mercedes@example.org', NULL, '$2y$12$5XgzGFOP8JxS2V4S11K6He0IDB87x4/GgCu8dweFw0nVDlsL0/ybe', NULL, NULL, NULL, NULL, NULL, NULL, NULL, NULL, NULL, NULL, NULL, NULL, NULL, '2024-12-13 03:03:11', '2024-12-13 03:03:11'),
(239, 'Wilfredo Romaguera', 'rhalvorson@example.org', NULL, '$2y$12$uwLrg/uleu9sxfp2W//ijOFwZW5SpN2JRrOnMXWWCjYmhPnAwt6gy', NULL, NULL, NULL, NULL, NULL, NULL, NULL, NULL, NULL, NULL, NULL, NULL, NULL, '2024-12-13 03:03:12', '2024-12-13 03:03:12'),
(240, 'Dr. Bruce Zulauf', 'lilyan.krajcik@example.com', NULL, '$2y$12$1NQUvLY2cXzrD/Px8vG5COaZU1JjeTK84w2AJ9.VJ3kTx.c4zBNa.', NULL, NULL, NULL, NULL, NULL, NULL, NULL, NULL, NULL, NULL, NULL, NULL, NULL, '2024-12-13 03:03:12', '2024-12-13 03:03:12'),
(241, 'Mrs. Teresa Larson', 'schiller.luz@example.net', NULL, '$2y$12$wRwIvPaj29vH618HDHNEPOPcqPQXMZQQfABdc3MOcDLomWMB0P0Km', NULL, NULL, NULL, NULL, NULL, NULL, NULL, NULL, NULL, NULL, NULL, NULL, NULL, '2024-12-13 03:03:12', '2024-12-13 03:03:12'),
(242, 'Ricky Klein', 'nmclaughlin@example.net', NULL, '$2y$12$xxi2W11ZdPxZZU3Z/tcJV.R7nCJXn1e6Q1nNLMwRK6Q/h4GSof79K', NULL, NULL, NULL, NULL, NULL, NULL, NULL, NULL, NULL, NULL, NULL, NULL, NULL, '2024-12-13 03:03:12', '2024-12-13 03:03:12'),
(243, 'Moriah Kihn', 'savanah92@example.com', NULL, '$2y$12$bpQ754jXTDr6Tdkcqyqio.4jIudWqhEBRtFQed2.AYUeR7JP43rCm', NULL, NULL, NULL, NULL, NULL, NULL, NULL, NULL, NULL, NULL, NULL, NULL, NULL, '2024-12-13 03:03:12', '2024-12-13 03:03:12'),
(244, 'Elizabeth Schaden', 'lowe.lewis@example.org', NULL, '$2y$12$hAxmwhfuyFqDZWoFmN8HseRVE2h5m81ZdJ2iSzMNeI7O8Y.VaRRFu', NULL, NULL, NULL, NULL, NULL, NULL, NULL, NULL, NULL, NULL, NULL, NULL, NULL, '2024-12-13 03:03:13', '2024-12-13 03:03:13'),
(245, 'Brionna Herman', 'leslie.cassin@example.net', NULL, '$2y$12$HECzXyhTSULMp3Ce1oqkBO7zZzGgMP.nlYCee2pP.0iV.MiaXTbL.', NULL, NULL, NULL, NULL, NULL, NULL, NULL, NULL, NULL, NULL, NULL, NULL, NULL, '2024-12-13 03:03:13', '2024-12-13 03:03:13'),
(246, 'Dr. Kennedi Senger III', 'vergie14@example.com', NULL, '$2y$12$srMxAF2unfYVe.dkJhven.TFdfrxcgNKWXTAD4b0AFk7gAioLAxfi', NULL, NULL, NULL, NULL, NULL, NULL, NULL, NULL, NULL, NULL, NULL, NULL, NULL, '2024-12-13 03:03:13', '2024-12-13 03:03:13'),
(247, 'Dr. Pierce Nitzsche', 'myrna.kling@example.net', NULL, '$2y$12$g2oQXZtckrLPwXfFn5ohNuHPIsSYa3YxCemH0vxBAyUBDS6LD8QMS', NULL, NULL, NULL, NULL, NULL, NULL, NULL, NULL, NULL, NULL, NULL, NULL, NULL, '2024-12-13 03:03:13', '2024-12-13 03:03:13'),
(248, 'Elyssa Anderson', 'miller.eriberto@example.org', NULL, '$2y$12$Tk0Zzj501hwzYSSVamrT7.AqDDnSCd1nWexEKf42V75xetJk6I3b.', NULL, NULL, NULL, NULL, NULL, NULL, NULL, NULL, NULL, NULL, NULL, NULL, NULL, '2024-12-13 03:03:14', '2024-12-13 03:03:14'),
(249, 'Reggie Kub', 'oreilly.heidi@example.net', NULL, '$2y$12$tZwUTpd.kb5zZA46hxiIr.rlJA29YeXIoR6g/P9IsVdKk2a0dPUhy', NULL, NULL, NULL, NULL, NULL, NULL, NULL, NULL, NULL, NULL, NULL, NULL, NULL, '2024-12-13 03:03:14', '2024-12-13 03:03:14'),
(250, 'Tatyana Heidenreich III', 'trowe@example.org', NULL, '$2y$12$6NSOMX6Fn9Q0q8zKciWcMOhsJvGtBWSeuIASrS6FM8XLaUe2TlcxG', NULL, NULL, NULL, NULL, NULL, NULL, NULL, NULL, NULL, NULL, NULL, NULL, NULL, '2024-12-13 03:03:14', '2024-12-13 03:03:14'),
(251, 'Miss Magdalen Daugherty', 'epollich@example.net', NULL, '$2y$12$QFc34suI7931jNqAnZIHBeEBnuXiz5FbTjeIXNO/14CGWMLoKQbv6', NULL, NULL, NULL, NULL, NULL, NULL, NULL, NULL, NULL, NULL, NULL, NULL, NULL, '2024-12-13 03:03:14', '2024-12-13 03:03:14'),
(252, 'Jorge Cummerata', 'otho60@example.net', NULL, '$2y$12$9UjEHJ8ABxHUk6g1D6xUpOyNbs2vhfDgMJ33NuEw1kP8e7tlNyx9e', NULL, NULL, NULL, NULL, NULL, NULL, NULL, NULL, NULL, NULL, NULL, NULL, NULL, '2024-12-13 03:03:15', '2024-12-13 03:03:15'),
(253, 'Miss Ana Schroeder', 'eileen.lesch@example.net', NULL, '$2y$12$Kwnj1FPP453ji7gYUToKbO.0jpYrPWi409Dhi5gD9ZQLR4IN.OhyW', NULL, NULL, NULL, NULL, NULL, NULL, NULL, NULL, NULL, NULL, NULL, NULL, NULL, '2024-12-13 03:03:15', '2024-12-13 03:03:15'),
(254, 'Mr. Joany Cormier', 'wilkinson.cecile@example.org', NULL, '$2y$12$BTu.EwqIphNNTO9yzntOiOtK5jNJVzChDGQfCVzyvPtvZQuxC7GT6', NULL, NULL, NULL, NULL, NULL, NULL, NULL, NULL, NULL, NULL, NULL, NULL, NULL, '2024-12-13 03:03:15', '2024-12-13 03:03:15'),
(255, 'Selmer Ziemann', 'jamal24@example.net', NULL, '$2y$12$EigA6u/mHhoYXE3ib27ql.kM7I2jobOnJ2QHTUMv0DT6TWiZvPz62', NULL, NULL, NULL, NULL, NULL, NULL, NULL, NULL, NULL, NULL, NULL, NULL, NULL, '2024-12-13 03:03:15', '2024-12-13 03:03:15'),
(256, 'Dixie Windler', 'lakin.cortney@example.org', NULL, '$2y$12$xZGrWuMxnyVwv76lg8TaEOROjTT4GkluuXSYwIB2HaBn/d3fY5gqK', NULL, NULL, NULL, NULL, NULL, NULL, NULL, NULL, NULL, NULL, NULL, NULL, NULL, '2024-12-13 03:03:15', '2024-12-13 03:03:15'),
(257, 'Chadd Bins', 'twuckert@example.org', NULL, '$2y$12$A7JRqkfnj9EMUjRsVfxEmeN7B06bErjNoDSkDpgR9ypNf1XgPcEqW', NULL, NULL, NULL, NULL, NULL, NULL, NULL, NULL, NULL, NULL, NULL, NULL, NULL, '2024-12-13 03:03:16', '2024-12-13 03:03:16'),
(258, 'Iliana Beahan', 'davis.lorenza@example.net', NULL, '$2y$12$KOA/LcoewgfXi1pf9oecy.NFLjMEWy6zBCAOyaq6lmTWoI9ws.nK2', NULL, NULL, NULL, NULL, NULL, NULL, NULL, NULL, NULL, NULL, NULL, NULL, NULL, '2024-12-13 03:03:16', '2024-12-13 03:03:16'),
(259, 'Dorothea Thompson', 'runte.sean@example.com', NULL, '$2y$12$915V0vUDINfiX/kCrrq2w.cIfXf3i7tZ0jC8zoNH4xkdsUVHjMdhK', NULL, NULL, NULL, NULL, NULL, NULL, NULL, NULL, NULL, NULL, NULL, NULL, NULL, '2024-12-13 03:03:16', '2024-12-13 03:03:16'),
(260, 'Sonny Luettgen', 'weimann.serenity@example.org', NULL, '$2y$12$JwArkWqRqdboS07THVorEelGV3deQKx5jglnzn8iOm1DDOloQ3Eue', NULL, NULL, NULL, NULL, NULL, NULL, NULL, NULL, NULL, NULL, NULL, NULL, NULL, '2024-12-13 03:03:16', '2024-12-13 03:03:16'),
(261, 'Catherine Stanton I', 'maida80@example.com', NULL, '$2y$12$Q/rh43klxEKFHxdGcDDpROnUc5PIiFUAO2mRUhZcumevoUuIAl.tS', NULL, NULL, NULL, NULL, NULL, NULL, NULL, NULL, NULL, NULL, NULL, NULL, NULL, '2024-12-13 03:03:17', '2024-12-13 03:03:17'),
(262, 'Osborne Lebsack', 'tia.baumbach@example.com', NULL, '$2y$12$s9pvLPwZM8lDQWZIHB2sNO3j2Wce.z7MkyR/xY0X1qm4UpuoBUgCm', NULL, NULL, NULL, NULL, NULL, NULL, NULL, NULL, NULL, NULL, NULL, NULL, NULL, '2024-12-13 03:03:17', '2024-12-13 03:03:17'),
(263, 'Arnulfo DuBuque', 'ernser.kira@example.net', NULL, '$2y$12$cLNJz2XXCC289rWLAN4EqOE.DTNVSnCnwhzuuj9MMmoxIIqVN4Rt2', NULL, NULL, NULL, NULL, NULL, NULL, NULL, NULL, NULL, NULL, NULL, NULL, NULL, '2024-12-13 03:03:17', '2024-12-13 03:03:17'),
(264, 'Dr. Reuben D\'Amore DDS', 'rahsaan.klein@example.net', NULL, '$2y$12$gjDzf/qOj3W8NMfW1g5LBePSQ5yh4fJmCI/cdBthaIVZuf6Jd1/9y', NULL, NULL, NULL, NULL, NULL, NULL, NULL, NULL, NULL, NULL, NULL, NULL, NULL, '2024-12-13 03:03:17', '2024-12-13 03:03:17'),
(265, 'Horacio Tillman', 'scotty.hamill@example.net', NULL, '$2y$12$2GuphkHpXRT.kUYFWXULoeErB1pIzrB32VX1U80NSiWFLk3X2IRCu', NULL, NULL, NULL, NULL, NULL, NULL, NULL, NULL, NULL, NULL, NULL, NULL, NULL, '2024-12-13 03:03:18', '2024-12-13 03:03:18'),
(266, 'Landen Huels MD', 'qtreutel@example.net', NULL, '$2y$12$v/rJtYwXpp7h8REHzcN3r.PJWb1NLNKzCnsbuKFuYDwHtQmQ2sHa6', NULL, NULL, NULL, NULL, NULL, NULL, NULL, NULL, NULL, NULL, NULL, NULL, NULL, '2024-12-13 03:03:18', '2024-12-13 03:03:18'),
(267, 'Prof. Tyra Sauer III', 'merritt.corwin@example.net', NULL, '$2y$12$V61e9gOi9bUec1DBSzbgl.exh6CpeukY2e5wgS8cdK.hiW0omrN7O', NULL, NULL, NULL, NULL, NULL, NULL, NULL, NULL, NULL, NULL, NULL, NULL, NULL, '2024-12-13 03:03:18', '2024-12-13 03:03:18'),
(268, 'Keagan Volkman', 'amya.douglas@example.net', NULL, '$2y$12$/IPYOhje64A01r.6r4EawutNV5GQuANzDvHR6cyaPO6holL2b2una', NULL, NULL, NULL, NULL, NULL, NULL, NULL, NULL, NULL, NULL, NULL, NULL, NULL, '2024-12-13 03:03:18', '2024-12-13 03:03:18'),
(269, 'Fausto Von', 'fkrajcik@example.net', NULL, '$2y$12$jiPhmHLXD40ygxEAdeGiGu8S6n6ClerQsFWXn9TJW13hrgQLWjq6a', NULL, NULL, NULL, NULL, NULL, NULL, NULL, NULL, NULL, NULL, NULL, NULL, NULL, '2024-12-13 03:03:18', '2024-12-13 03:03:18'),
(270, 'Bryce Hickle', 'littel.daren@example.net', NULL, '$2y$12$AVO8tHUSpl98//6SZWCsz.Vf4Oip6yRko63VykqwoJz0r1wIkgxHG', NULL, NULL, NULL, NULL, NULL, NULL, NULL, NULL, NULL, NULL, NULL, NULL, NULL, '2024-12-13 03:03:19', '2024-12-13 03:03:19'),
(271, 'Monica Block', 'maia02@example.org', NULL, '$2y$12$BtJyZ/EYWngPab4TDG70k.kfyXEy0zeJjOrcN17.BSuHYsdXV5.H2', NULL, NULL, NULL, NULL, NULL, NULL, NULL, NULL, NULL, NULL, NULL, NULL, NULL, '2024-12-13 03:03:19', '2024-12-13 03:03:19'),
(272, 'Elyssa Brown', 'yjohnson@example.net', NULL, '$2y$12$Lr4uhPoGwB0flcrBebmRgO3XeMU3yhqaRHMnMLiK7RgUvEERKHjje', NULL, NULL, NULL, NULL, NULL, NULL, NULL, NULL, NULL, NULL, NULL, NULL, NULL, '2024-12-13 03:03:19', '2024-12-13 03:03:19'),
(273, 'Frieda Crona', 'garth.wisozk@example.org', NULL, '$2y$12$POD/kVLl2AX0Ub2QfNXCMOtFxmabz8VjLmuX1P8MUXzdAj5Q7cb6y', NULL, NULL, NULL, NULL, NULL, NULL, NULL, NULL, NULL, NULL, NULL, NULL, NULL, '2024-12-13 03:03:19', '2024-12-13 03:03:19'),
(274, 'Gust Jones DVM', 'jenkins.rasheed@example.com', NULL, '$2y$12$ZIziSgE4S.986Q2.YdtRdOJh8zxuJDqZFfuTZuBaPXesgx03nvI2C', NULL, NULL, NULL, NULL, NULL, NULL, NULL, NULL, NULL, NULL, NULL, NULL, NULL, '2024-12-13 03:03:20', '2024-12-13 03:03:20'),
(275, 'Meghan Farrell', 'stark.kaelyn@example.org', NULL, '$2y$12$/2fA0CM/m319WWPH7Y50iegl/heRr7gPApdYDDIazB4c4b.eaX9Lu', NULL, NULL, NULL, NULL, NULL, NULL, NULL, NULL, NULL, NULL, NULL, NULL, NULL, '2024-12-13 03:03:20', '2024-12-13 03:03:20'),
(276, 'Dr. Roxanne Kemmer I', 'waelchi.turner@example.org', NULL, '$2y$12$GF9p51GDEtrukvHoZVin6.slATSSTYx8SwFLqf28xPsGPj1/rZOj2', NULL, NULL, NULL, NULL, NULL, NULL, NULL, NULL, NULL, NULL, NULL, NULL, NULL, '2024-12-13 03:03:20', '2024-12-13 03:03:20'),
(277, 'Danielle Erdman', 'emery99@example.com', NULL, '$2y$12$LNXBGR5jWBcNiFEPdvB1W.R6ioYSalz4R7uxlQ0PLj9CyeNxRprme', NULL, NULL, NULL, NULL, NULL, NULL, NULL, NULL, NULL, NULL, NULL, NULL, NULL, '2024-12-13 03:03:20', '2024-12-13 03:03:20'),
(278, 'Alyce Ruecker DVM', 'leannon.caleb@example.net', NULL, '$2y$12$eW7nbQnSLuXzqs7KOVjSU.C/I4tJiiyc3buxbmp2bxbmZIILbVtq6', NULL, NULL, NULL, NULL, NULL, NULL, NULL, NULL, NULL, NULL, NULL, NULL, NULL, '2024-12-13 03:03:21', '2024-12-13 03:03:21'),
(279, 'Fay Schultz', 'skuhn@example.com', NULL, '$2y$12$rKxZr2JC5QCfcGRE81MD9.VCtTtPFkGmhHZkWMFBI8WU8FbHDeasq', NULL, NULL, NULL, NULL, NULL, NULL, NULL, NULL, NULL, NULL, NULL, NULL, NULL, '2024-12-13 03:03:21', '2024-12-13 03:03:21'),
(280, 'Emie Cummerata DVM', 'karley10@example.org', NULL, '$2y$12$3ro5c7PljRTnMm45rDZWL.N30Nhk3PdjCqlNFOYTLyjHjS1juCGW6', NULL, NULL, NULL, NULL, NULL, NULL, NULL, NULL, NULL, NULL, NULL, NULL, NULL, '2024-12-13 03:03:21', '2024-12-13 03:03:21'),
(281, 'Markus Goyette III', 'orn.jesus@example.org', NULL, '$2y$12$zNSRTRf9AHVFaFBabaGFueBfeNMbcL9Ykf9pTj8kJ0PRKx3GqVABW', NULL, NULL, NULL, NULL, NULL, NULL, NULL, NULL, NULL, NULL, NULL, NULL, NULL, '2024-12-13 03:03:21', '2024-12-13 03:03:21'),
(282, 'Ellen Wisoky', 'ruth73@example.com', NULL, '$2y$12$cJ5gR4KD/LQzylDF9n0/juutovyPtBmkhp7DJ1yXe4HtRqXbM1TiS', NULL, NULL, NULL, NULL, NULL, NULL, NULL, NULL, NULL, NULL, NULL, NULL, NULL, '2024-12-13 03:03:22', '2024-12-13 03:03:22'),
(283, 'Darrin Walter Sr.', 'camren.koch@example.org', NULL, '$2y$12$W557JjZH7cl9rzPPAAZzOOwutH79GdyUYx//Ypb7XNiDlUxzQ7SGC', NULL, NULL, NULL, NULL, NULL, NULL, NULL, NULL, NULL, NULL, NULL, NULL, NULL, '2024-12-13 03:03:22', '2024-12-13 03:03:22'),
(284, 'Marge Upton', 'marks.isadore@example.net', NULL, '$2y$12$O6ruaLM3BGe/v6nvayLcc.ttJl78M5fFn4uE3nix55vp5LOYNQXma', NULL, NULL, NULL, NULL, NULL, NULL, NULL, NULL, NULL, NULL, NULL, NULL, NULL, '2024-12-13 03:03:22', '2024-12-13 03:03:22'),
(285, 'Norene Koch', 'kjakubowski@example.org', NULL, '$2y$12$mJ6iWtHwwdW/tUgB0EN1fuDLWa8miRIJeCppw1xU8R6xwbLlAQLQy', NULL, NULL, NULL, NULL, NULL, NULL, NULL, NULL, NULL, NULL, NULL, NULL, NULL, '2024-12-13 03:03:22', '2024-12-13 03:03:22'),
(286, 'Laverne Barrows DVM', 'tatyana.gulgowski@example.net', NULL, '$2y$12$oIQgI0d8TjhoZiC.YAnXpO08AXoswaX8hcPr7Kyi/fgDrRPBPFx4y', NULL, NULL, NULL, NULL, NULL, NULL, NULL, NULL, NULL, NULL, NULL, NULL, NULL, '2024-12-13 03:03:23', '2024-12-13 03:03:23'),
(287, 'Ernesto Bins', 'qrau@example.net', NULL, '$2y$12$hhUf2oD/oW.tyknaJh3tpeKpMDC4P7Vc2dzHQrvfc22U5BIjMDT9m', NULL, NULL, NULL, NULL, NULL, NULL, NULL, NULL, NULL, NULL, NULL, NULL, NULL, '2024-12-13 03:03:23', '2024-12-13 03:03:23'),
(288, 'Prof. Benjamin Dach', 'haley04@example.org', NULL, '$2y$12$Kh8SvSq2lGSvb6mzES5/Je6MW2p8lHOXvTb5wMPrO6B2BzkW6NujG', NULL, NULL, NULL, NULL, NULL, NULL, NULL, NULL, NULL, NULL, NULL, NULL, NULL, '2024-12-13 03:03:23', '2024-12-13 03:03:23'),
(289, 'Baby O\'Hara', 'franecki.mellie@example.com', NULL, '$2y$12$v5/Rg8lX.lshM4uk1GW1tOedEmJCguzOHnZiFLC4pGZYMqSIPLaLy', NULL, NULL, NULL, NULL, NULL, NULL, NULL, NULL, NULL, NULL, NULL, NULL, NULL, '2024-12-13 03:03:23', '2024-12-13 03:03:23'),
(290, 'Dion Bogan', 'prohaska.stuart@example.com', NULL, '$2y$12$IQdMnxGDQqnwYmnEqdlaM.1q/QaUqbIutD/7W.B5KhjQLQBks/zt.', NULL, NULL, NULL, NULL, NULL, NULL, NULL, NULL, NULL, NULL, NULL, NULL, NULL, '2024-12-13 03:03:24', '2024-12-13 03:03:24'),
(291, 'Laney Bosco Sr.', 'thompson.pansy@example.net', NULL, '$2y$12$9sJoP0xlPaBI9aj9MhuHzOnSMyJPtj8vKlGx7lmnfeQ59D0M5EGZa', NULL, NULL, NULL, NULL, NULL, NULL, NULL, NULL, NULL, NULL, NULL, NULL, NULL, '2024-12-13 03:03:24', '2024-12-13 03:03:24'),
(292, 'Mr. Hillard Dibbert Sr.', 'zcrist@example.com', NULL, '$2y$12$uCwdmumFdgE/9RMeBcnwH.kWRWfE3nhlARsNLQmDVLQxrlrK2L5di', NULL, NULL, NULL, NULL, NULL, NULL, NULL, NULL, NULL, NULL, NULL, NULL, NULL, '2024-12-13 03:03:24', '2024-12-13 03:03:24'),
(293, 'Mortimer Rosenbaum Jr.', 'eldon02@example.com', NULL, '$2y$12$JgRnKL5U97fo4z/VBsg31O39is6Due6osW1pVQAu4QtG7bZSnvpxC', NULL, NULL, NULL, NULL, NULL, NULL, NULL, NULL, NULL, NULL, NULL, NULL, NULL, '2024-12-13 03:03:24', '2024-12-13 03:03:24'),
(294, 'Ronaldo Kshlerin', 'herzog.ricky@example.net', NULL, '$2y$12$W5eMX.vtxwnWKf7O6z6uNuClP4Ju2CL45Iuwe3E/2BgV/186hgtmm', NULL, NULL, NULL, NULL, NULL, NULL, NULL, NULL, NULL, NULL, NULL, NULL, NULL, '2024-12-13 03:03:24', '2024-12-13 03:03:24'),
(295, 'Cathrine Heller', 'carter.stevie@example.org', NULL, '$2y$12$8qlAI38klZ4XMEIPyhwzjOU4VziyoczpbE5yJzZwDWvWZwsUHsNHC', NULL, NULL, NULL, NULL, NULL, NULL, NULL, NULL, NULL, NULL, NULL, NULL, NULL, '2024-12-13 03:03:25', '2024-12-13 03:03:25'),
(296, 'Mr. Conrad O\'Conner', 'ida.denesik@example.net', NULL, '$2y$12$E0FleqP2jHd5a2004UdDZeVqXTfFPBmR9sIO2MqC0RBHyuYyUilKe', NULL, NULL, NULL, NULL, NULL, NULL, NULL, NULL, NULL, NULL, NULL, NULL, NULL, '2024-12-13 03:03:25', '2024-12-13 03:03:25'),
(297, 'Anabel Rowe', 'violette12@example.org', NULL, '$2y$12$DXsDMHIjVPElhulLL1xdLuJyInUp8tNjubFmmrGrm8Zlq0KK9nuAC', NULL, NULL, NULL, NULL, NULL, NULL, NULL, NULL, NULL, NULL, NULL, NULL, NULL, '2024-12-13 03:03:25', '2024-12-13 03:03:25'),
(298, 'Gina Dickinson Sr.', 'gisselle39@example.org', NULL, '$2y$12$THtbGMZKYQxu8h/7kK/DkOxYFooWh81ihbGn87ZUODcYtcgjT468W', NULL, NULL, NULL, NULL, NULL, NULL, NULL, NULL, NULL, NULL, NULL, NULL, NULL, '2024-12-13 03:03:25', '2024-12-13 03:03:25'),
(299, 'Paige Nicolas III', 'daphney.langworth@example.com', NULL, '$2y$12$6urW.A7IbA8zr8.mM5APVOh1JozQdwHkxHGGyNms5N5XWpGbL8ViS', NULL, NULL, NULL, NULL, NULL, NULL, NULL, NULL, NULL, NULL, NULL, NULL, NULL, '2024-12-13 03:03:26', '2024-12-13 03:03:26'),
(300, 'Malvina Green', 'kimberly25@example.com', NULL, '$2y$12$1hV/fPW.e0gXfkSQ4fOjge5nfMIVM9geVrGxXlVWG9qjhYbC7ddM6', NULL, NULL, NULL, NULL, NULL, NULL, NULL, NULL, NULL, NULL, NULL, NULL, NULL, '2024-12-13 03:03:26', '2024-12-13 03:03:26'),
(301, 'Dr. Lexus Vandervort', 'hullrich@example.org', NULL, '$2y$12$2/pcJPxdXfvhV1Hv4mg2f.MwAfWsEHcNih2Em9UBB9/YcMBrz4ac6', NULL, NULL, NULL, NULL, NULL, NULL, NULL, NULL, NULL, NULL, NULL, NULL, NULL, '2024-12-13 03:03:26', '2024-12-13 03:03:26'),
(302, 'Julian Berge', 'giovanni35@example.com', NULL, '$2y$12$t5KUTM4Vfr4CVAF9H1SwaeOdN4e29VlNYlX83H4YHSZvvJ4gKkJ.e', NULL, NULL, NULL, NULL, NULL, NULL, NULL, NULL, NULL, NULL, NULL, NULL, NULL, '2024-12-13 03:03:26', '2024-12-13 03:03:26'),
(303, 'Juliana Rice', 'dariana72@example.org', NULL, '$2y$12$ZkVnNMnLGbykD82EKSWRjOyyTg4dI4BB/mTG.VpVmGYfV3e4qVJqG', NULL, NULL, NULL, NULL, NULL, NULL, NULL, NULL, NULL, NULL, NULL, NULL, NULL, '2024-12-13 03:03:27', '2024-12-13 03:03:27'),
(304, 'Lelia Klocko', 'cynthia.dickens@example.net', NULL, '$2y$12$zy9np78tTEM1RM0zF3iVUeA2oMhhwzCLTJkvl9yw547EtM5N1EoTK', NULL, NULL, NULL, NULL, NULL, NULL, NULL, NULL, NULL, NULL, NULL, NULL, NULL, '2024-12-13 03:03:27', '2024-12-13 03:03:27'),
(305, 'Easton Homenick DVM', 'bailey.mariah@example.org', NULL, '$2y$12$wMuBQ.BRnts6XV8fbOQzvO28IbrqttiCio/8kv.WbMxad2tnSmD3.', NULL, NULL, NULL, NULL, NULL, NULL, NULL, NULL, NULL, NULL, NULL, NULL, NULL, '2024-12-13 03:03:27', '2024-12-13 03:03:27'),
(306, 'Nicklaus Wunsch', 'shanon.wyman@example.com', NULL, '$2y$12$N1pkZUWV8Dt0VhuE/d1k0..Eh9ViNmtg5suYJmCWUEY97b93TnNFq', NULL, NULL, NULL, NULL, NULL, NULL, NULL, NULL, NULL, NULL, NULL, NULL, NULL, '2024-12-13 03:03:27', '2024-12-13 03:03:27'),
(307, 'Dr. Roxane Kirlin PhD', 'lowell.effertz@example.com', NULL, '$2y$12$2qb3lu1nt4c1knfQh/fWC.nuyrAIfr9E1QoRtF3tbx.cu0InFit26', NULL, NULL, NULL, NULL, NULL, NULL, NULL, NULL, NULL, NULL, NULL, NULL, NULL, '2024-12-13 03:03:27', '2024-12-13 03:03:27'),
(308, 'Mercedes Macejkovic', 'marian86@example.com', NULL, '$2y$12$qlqUAyMy5tdY7NeeFnE33.VvRZtvq1Xd5hO98wrNeYYYOh/RL3RCW', NULL, NULL, NULL, NULL, NULL, NULL, NULL, NULL, NULL, NULL, NULL, NULL, NULL, '2024-12-13 03:03:28', '2024-12-13 03:03:28'),
(309, 'Dallin Bergnaum', 'obreitenberg@example.net', NULL, '$2y$12$uBF6ex9hD4iBDxH3ruNrvuBtF0lMXLyPtVszn13ddbmrugPmTDmJC', NULL, NULL, NULL, NULL, NULL, NULL, NULL, NULL, NULL, NULL, NULL, NULL, NULL, '2024-12-13 03:03:28', '2024-12-13 03:03:28'),
(310, 'Mckayla Ullrich', 'tiana13@example.com', NULL, '$2y$12$aM1VJw8hQBC9zK7qOE.CHOsZr2bxDe0p2AUNofg02ca38AkDsxrcW', NULL, NULL, NULL, NULL, NULL, NULL, NULL, NULL, NULL, NULL, NULL, NULL, NULL, '2024-12-13 03:03:28', '2024-12-13 03:03:28'),
(311, 'Lennie Hayes', 'daron.towne@example.org', NULL, '$2y$12$IWkSOmZNhNridBYI8kcLyu1Z/9zje7Hl1A1t6QyIG15lmOq.LDQWG', NULL, NULL, NULL, NULL, NULL, NULL, NULL, NULL, NULL, NULL, NULL, NULL, NULL, '2024-12-13 03:03:28', '2024-12-13 03:03:28'),
(312, 'Tyrese White', 'dalton.ohara@example.org', NULL, '$2y$12$59QudHQ1VAWo6.2Cfml5Nut4dAJe.tP9gXfcFR04GOjUwC4byrDYi', NULL, NULL, NULL, NULL, NULL, NULL, NULL, NULL, NULL, NULL, NULL, NULL, NULL, '2024-12-13 03:03:29', '2024-12-13 03:03:29'),
(313, 'Jackson Kemmer', 'rod96@example.org', NULL, '$2y$12$6mKfacvr56EQBPzRFQUyeuGti72k5PzOLBSxndef5qZQXkZdg96jq', NULL, NULL, NULL, NULL, NULL, NULL, NULL, NULL, NULL, NULL, NULL, NULL, NULL, '2024-12-13 03:03:29', '2024-12-13 03:03:29'),
(314, 'Prof. Juanita Cormier DVM', 'ohara.abdullah@example.org', NULL, '$2y$12$oumw7uJMy/oP8e6Z2kXzBeFXs5B04f6.pQ3FIQgaB/hvIuvVpCKK.', NULL, NULL, NULL, NULL, NULL, NULL, NULL, NULL, NULL, NULL, NULL, NULL, NULL, '2024-12-13 03:03:29', '2024-12-13 03:03:29'),
(315, 'Rafael Bashirian', 'koss.gregory@example.com', NULL, '$2y$12$k4qxduMNNoFgJgywiAg5luxg2oXhhPWhtcaXk6jsIkzD5Rrg8NnDW', NULL, NULL, NULL, NULL, NULL, NULL, NULL, NULL, NULL, NULL, NULL, NULL, NULL, '2024-12-13 03:03:29', '2024-12-13 03:03:29'),
(316, 'Britney Zieme', 'russel.rhiannon@example.net', NULL, '$2y$12$WUGjn0nXKyx4yhcnVDcWbOKW1BJOjZgxXGNduH0yHiCcWLoZOjCa6', NULL, NULL, NULL, NULL, NULL, NULL, NULL, NULL, NULL, NULL, NULL, NULL, NULL, '2024-12-13 03:03:30', '2024-12-13 03:03:30'),
(317, 'Dr. Horace Sauer', 'raven.fay@example.com', NULL, '$2y$12$dqJrEAuvL8ihZElopehC/uilgBagWCGMgWgiop9EvcBvhvR2v2uYC', NULL, NULL, NULL, NULL, NULL, NULL, NULL, NULL, NULL, NULL, NULL, NULL, NULL, '2024-12-13 03:03:30', '2024-12-13 03:03:30'),
(318, 'Miss Patricia Klocko', 'chasity70@example.com', NULL, '$2y$12$AWyRZLanMuGLOGn8fx4WqOcLUh4jgkN59hII9FOeudqb8GzTuHdP6', NULL, NULL, NULL, NULL, NULL, NULL, NULL, NULL, NULL, NULL, NULL, NULL, NULL, '2024-12-13 03:03:31', '2024-12-13 03:03:31'),
(319, 'Emmalee Erdman', 'marianna09@example.org', NULL, '$2y$12$3h3tWdU5HC7kZklgLE/3KO1MU2hfblAvRTwiPjBZUoSp2j7kxSiAq', NULL, NULL, NULL, NULL, NULL, NULL, NULL, NULL, NULL, NULL, NULL, NULL, NULL, '2024-12-13 03:03:31', '2024-12-13 03:03:31'),
(320, 'Mollie Kuhn Sr.', 'jerald73@example.org', NULL, '$2y$12$Y0iNBa70b5Y2cRyCHAbq4.bDRKzBPc/zb6A3P7B8iU4X2FZAx2Vt.', NULL, NULL, NULL, NULL, NULL, NULL, NULL, NULL, NULL, NULL, NULL, NULL, NULL, '2024-12-13 03:03:32', '2024-12-13 03:03:32'),
(321, 'Gavin Greenholt', 'heidenreich.jaime@example.com', NULL, '$2y$12$0Yf2EMyXBa2KKXviFxz8Ru1XkDFd79sp8wS53b5/gSUvKNYNZp5UG', NULL, NULL, NULL, NULL, NULL, NULL, NULL, NULL, NULL, NULL, NULL, NULL, NULL, '2024-12-13 03:03:33', '2024-12-13 03:03:33'),
(322, 'Marina Barrows', 'qwitting@example.com', NULL, '$2y$12$2dtbyls7MSVJQUAMXu2rV.JWwJRiG3y6U1IfACzn9YhTepUz/Foye', NULL, NULL, NULL, NULL, NULL, NULL, NULL, NULL, NULL, NULL, NULL, NULL, NULL, '2024-12-13 03:03:33', '2024-12-13 03:03:33'),
(323, 'Tomas Goodwin I', 'ggottlieb@example.net', NULL, '$2y$12$qLdna2SohiqNMvVZd37Sl.xanc2hX1ZdkaPjiZ/x7OIJUBqOK/6Yq', NULL, NULL, NULL, NULL, NULL, NULL, NULL, NULL, NULL, NULL, NULL, NULL, NULL, '2024-12-13 03:03:34', '2024-12-13 03:03:34'),
(324, 'Prof. Faye Grady DDS', 'gwendolyn.lebsack@example.org', NULL, '$2y$12$k14ZUpVmQeScB17LJIQURO1NoGwhnTC6gZYhCLHFRgFcAD.TheHtK', NULL, NULL, NULL, NULL, NULL, NULL, NULL, NULL, NULL, NULL, NULL, NULL, NULL, '2024-12-13 03:03:35', '2024-12-13 03:03:35'),
(325, 'Dr. Thalia Hoeger IV', 'dickinson.ceasar@example.com', NULL, '$2y$12$PwMh5UrQH4HbLREwemjsN.dfp.pgmyFf8zb4jtYgjX20XAWI9SLiS', NULL, NULL, NULL, NULL, NULL, NULL, NULL, NULL, NULL, NULL, NULL, NULL, NULL, '2024-12-13 03:03:35', '2024-12-13 03:03:35'),
(326, 'Brandyn Harris', 'hartmann.meghan@example.net', NULL, '$2y$12$wFy.0fY/pwFYtnCws3ULF.KqvG4tgJQAX1WXjg701kRJs0werk5su', NULL, NULL, NULL, NULL, NULL, NULL, NULL, NULL, NULL, NULL, NULL, NULL, NULL, '2024-12-13 03:03:36', '2024-12-13 03:03:36'),
(327, 'Mr. Alden Fahey DDS', 'spinka.ernest@example.net', NULL, '$2y$12$QMlgnMP84c3qCQmvVVRe6OQ97wZgbo0vf4.Ngk0MIoaw84hEAciy6', NULL, NULL, NULL, NULL, NULL, NULL, NULL, NULL, NULL, NULL, NULL, NULL, NULL, '2024-12-13 03:03:37', '2024-12-13 03:03:37'),
(328, 'Ms. Pinkie Schuppe DVM', 'ehaag@example.org', NULL, '$2y$12$NbyUV.NQ8x4rBaGUh9AfHu5.NX8PC1a8KcoEXUeX3j0llsH3OP8BO', NULL, NULL, NULL, NULL, NULL, NULL, NULL, NULL, NULL, NULL, NULL, NULL, NULL, '2024-12-13 03:03:37', '2024-12-13 03:03:37'),
(329, 'Dr. Quentin Mayer III', 'jeff71@example.com', NULL, '$2y$12$sZHerk.DWOjiWkr2wHxsxulwJ..2MBiqDLd.mH0oamhCfhAvN5tH.', NULL, NULL, NULL, NULL, NULL, NULL, NULL, NULL, NULL, NULL, NULL, NULL, NULL, '2024-12-13 03:03:38', '2024-12-13 03:03:38'),
(330, 'Mr. Jasmin Koelpin', 'ubogisich@example.net', NULL, '$2y$12$xTG2tDFG06Nrk9u4GdQt/eRjWpE68YgohtiLhZMBK33ywRmZKOS06', NULL, NULL, NULL, NULL, NULL, NULL, NULL, NULL, NULL, NULL, NULL, NULL, NULL, '2024-12-13 03:03:39', '2024-12-13 03:03:39'),
(331, 'Darrion Kilback', 'odibbert@example.com', NULL, '$2y$12$SkJdxH4/Q2t3p65ShZfaKehIPsN2enbefI3360NBMA5EektQDggDO', NULL, NULL, NULL, NULL, NULL, NULL, NULL, NULL, NULL, NULL, NULL, NULL, NULL, '2024-12-13 03:03:39', '2024-12-13 03:03:39'),
(332, 'Dr. Edd Kreiger DVM', 'aparker@example.org', NULL, '$2y$12$g6xFphbn/huePkzub5dY6OfWnQ3m2QJ7FicmarTlLT4oK/9ZeBfey', NULL, NULL, NULL, NULL, NULL, NULL, NULL, NULL, NULL, NULL, NULL, NULL, NULL, '2024-12-13 03:03:40', '2024-12-13 03:03:40'),
(333, 'Santiago Kuhn', 'carroll.schmidt@example.com', NULL, '$2y$12$DLO38XzolxHcb6yPZE/3LOITZYlzQvuqSTOvoqPxQ8wxBeZ9KHeiS', NULL, NULL, NULL, NULL, NULL, NULL, NULL, NULL, NULL, NULL, NULL, NULL, NULL, '2024-12-13 03:03:41', '2024-12-13 03:03:41'),
(334, 'Dr. Spencer Howell MD', 'gregg.romaguera@example.com', NULL, '$2y$12$tVlMYD.ZG9fq5aZ1J4yHg.VQi2qcDmMPniGGqNZuMF8dh3jxmu71K', NULL, NULL, NULL, NULL, NULL, NULL, NULL, NULL, NULL, NULL, NULL, NULL, NULL, '2024-12-13 03:03:41', '2024-12-13 03:03:41'),
(335, 'Ms. Emmy Lebsack', 'breitenberg.oliver@example.net', NULL, '$2y$12$poGTsLjWeMjMRxR4zSQMuehWB9M7r1aO1bl9JA4x3oowP31CZ1PtG', NULL, NULL, NULL, NULL, NULL, NULL, NULL, NULL, NULL, NULL, NULL, NULL, NULL, '2024-12-13 03:03:42', '2024-12-13 03:03:42'),
(336, 'Miss Princess Wunsch', 'america.morissette@example.com', NULL, '$2y$12$YrvgFjrmYC32ddYt3T4tEuLkYUa4eOFSP0PtCWYMiC/1dA4oPWv0.', NULL, NULL, NULL, NULL, NULL, NULL, NULL, NULL, NULL, NULL, NULL, NULL, NULL, '2024-12-13 03:03:42', '2024-12-13 03:03:42'),
(337, 'Wilbert Kuhic', 'margarette36@example.net', NULL, '$2y$12$OsXi/hzO1MuxX.SqF8T23.l25iuKY98w5/U8oxNF8cCQfyKZUvAKy', NULL, NULL, NULL, NULL, NULL, NULL, NULL, NULL, NULL, NULL, NULL, NULL, NULL, '2024-12-13 03:03:43', '2024-12-13 03:03:43'),
(338, 'Jewell Lebsack', 'reece19@example.org', NULL, '$2y$12$BB7tMmjJedAkVPCRaijGAuTgb9FSoWL0gpWP3465nDyTI8IO7uqpO', NULL, NULL, NULL, NULL, NULL, NULL, NULL, NULL, NULL, NULL, NULL, NULL, NULL, '2024-12-13 03:03:44', '2024-12-13 03:03:44'),
(339, 'Cortney O\'Hara', 'rhianna.carroll@example.com', NULL, '$2y$12$jDvELvvRqoovGPvMXqvCVuldSRsr/MgYR1CCEM2LxXll4B4Tdqoma', NULL, NULL, NULL, NULL, NULL, NULL, NULL, NULL, NULL, NULL, NULL, NULL, NULL, '2024-12-13 03:03:44', '2024-12-13 03:03:44'),
(340, 'Ozella McGlynn', 'heller.cristobal@example.com', NULL, '$2y$12$pH7iAsFq9urUq/juOCG22OQi5cSTsWEgkbUMQ4GxBut5Ces/8pOmO', NULL, NULL, NULL, NULL, NULL, NULL, NULL, NULL, NULL, NULL, NULL, NULL, NULL, '2024-12-13 03:03:44', '2024-12-13 03:03:44'),
(341, 'Chester Rau', 'genevieve83@example.net', NULL, '$2y$12$7dtUavJcabrA/3lVuG0VGe6g/oFdTUX2OfDwZ1NvLD6.TmZSnmXRy', NULL, NULL, NULL, NULL, NULL, NULL, NULL, NULL, NULL, NULL, NULL, NULL, NULL, '2024-12-13 03:03:44', '2024-12-13 03:03:44'),
(342, 'Claud West', 'lemuel65@example.net', NULL, '$2y$12$XBm3fW8hWc211R2/J.zIaOYTJkVlg0mgyjRabmBj8aE316xeHLRTS', NULL, NULL, NULL, NULL, NULL, NULL, NULL, NULL, NULL, NULL, NULL, NULL, NULL, '2024-12-13 03:03:45', '2024-12-13 03:03:45'),
(343, 'Aurore Kiehn', 'torp.elena@example.org', NULL, '$2y$12$yDJtUcKKICK2250nP/hmnemHprDdUrpKUP5Qw6Umk5hlfuYm20msK', NULL, NULL, NULL, NULL, NULL, NULL, NULL, NULL, NULL, NULL, NULL, NULL, NULL, '2024-12-13 03:03:45', '2024-12-13 03:03:45'),
(344, 'Dr. Felton Schroeder DDS', 'bartholome.grady@example.org', NULL, '$2y$12$.uopo8P7U25QkiPaKjoZvu4z2hT6YqPAPj7dBTFATHppII7JtdFFy', NULL, NULL, NULL, NULL, NULL, NULL, NULL, NULL, NULL, NULL, NULL, NULL, NULL, '2024-12-13 03:03:45', '2024-12-13 03:03:45'),
(345, 'Isac Bartoletti V', 'hudson.jonathan@example.com', NULL, '$2y$12$JfP3gXxZ.TM2cQpKJWIE/Ob4QrdNLlOTz9B5PuEypL3yjEYYvHyQS', NULL, NULL, NULL, NULL, NULL, NULL, NULL, NULL, NULL, NULL, NULL, NULL, NULL, '2024-12-13 03:03:45', '2024-12-13 03:03:45'),
(346, 'Ms. Anissa Reilly', 'virginie.gerlach@example.org', NULL, '$2y$12$s3HLpTDtrxptaD1nIii6nuLvkyQx9rRiNSDClo5PbZZN3Ci4HXeKO', NULL, NULL, NULL, NULL, NULL, NULL, NULL, NULL, NULL, NULL, NULL, NULL, NULL, '2024-12-13 03:03:46', '2024-12-13 03:03:46'),
(347, 'Mrs. Jeanie Green Jr.', 'gilda51@example.com', NULL, '$2y$12$18/PS8QCOIMx/.ZOS1B7tuIoGWOkCCXTkqys5FFuwNe4hRqyV4jXG', NULL, NULL, NULL, NULL, NULL, NULL, NULL, NULL, NULL, NULL, NULL, NULL, NULL, '2024-12-13 03:03:46', '2024-12-13 03:03:46'),
(348, 'Alexzander Funk', 'dspinka@example.org', NULL, '$2y$12$oKeMxW3hqNC59XaYHFECBeWc/pF5e8m2P2/zFQGachvYcWEgt335K', NULL, NULL, NULL, NULL, NULL, NULL, NULL, NULL, NULL, NULL, NULL, NULL, NULL, '2024-12-13 03:03:46', '2024-12-13 03:03:46'),
(349, 'Prof. Lourdes Wisoky II', 'gudrun.dach@example.org', NULL, '$2y$12$Y81GJATbmSHhFJeE0NQB9.la/qWXVy/Lke9fPWXWYpyz2PuV8nB0i', NULL, NULL, NULL, NULL, NULL, NULL, NULL, NULL, NULL, NULL, NULL, NULL, NULL, '2024-12-13 03:03:46', '2024-12-13 03:03:46'),
(350, 'Marty Mills', 'dina.goodwin@example.com', NULL, '$2y$12$cTcsmQADrRKNj2rhb39Plupwqby1J7D7.CroJ9LTtqjEeYOcwQxd.', NULL, NULL, NULL, NULL, NULL, NULL, NULL, NULL, NULL, NULL, NULL, NULL, NULL, '2024-12-13 03:03:46', '2024-12-13 03:03:46'),
(351, 'Zora Adams DVM', 'macie.west@example.com', NULL, '$2y$12$Dzl7SBtcX1nBy4s0OhW41OXiiaDFzFb2rEPaURgwUsiYL7bV/8vSm', NULL, NULL, NULL, NULL, NULL, NULL, NULL, NULL, NULL, NULL, NULL, NULL, NULL, '2024-12-13 03:03:47', '2024-12-13 03:03:47'),
(352, 'Pat Ferry', 'shawna.herzog@example.net', NULL, '$2y$12$7sNwJypKpp7YsQ79crXqY.xkq0LbVwme9YUtDmO2vDx7bJ2I71IYW', NULL, NULL, NULL, NULL, NULL, NULL, NULL, NULL, NULL, NULL, NULL, NULL, NULL, '2024-12-13 03:03:47', '2024-12-13 03:03:47'),
(353, 'Scot Frami DVM', 'gbeatty@example.com', NULL, '$2y$12$NgiwUmR8y959FFnDurWN3OLoRo52Okurc.f3NtTaeU4QfUV9QCV3i', NULL, NULL, NULL, NULL, NULL, NULL, NULL, NULL, NULL, NULL, NULL, NULL, NULL, '2024-12-13 03:03:47', '2024-12-13 03:03:47'),
(354, 'Jalyn Schmitt', 'champlin.hortense@example.org', NULL, '$2y$12$XSQm8lHGlERvp3rILhanOOVU.DJ6TRZSkmEXjRywP/r6Uu5gpEdZC', NULL, NULL, NULL, NULL, NULL, NULL, NULL, NULL, NULL, NULL, NULL, NULL, NULL, '2024-12-13 03:03:47', '2024-12-13 03:03:47'),
(355, 'Sarai Kiehn', 'kade07@example.com', NULL, '$2y$12$Cwvw1tFpvYmFK1aI8GihYOJk3OvgsbMvHcsNwsfBFNVk5CvArpSIK', NULL, NULL, NULL, NULL, NULL, NULL, NULL, NULL, NULL, NULL, NULL, NULL, NULL, '2024-12-13 03:03:48', '2024-12-13 03:03:48'),
(356, 'Alec Quitzon', 'fcrist@example.net', NULL, '$2y$12$s4vn0Kmdcw6vN0V26wOEteeJV3co5qYkKAVXdwPH7N8JvriDRjYWq', NULL, NULL, NULL, NULL, NULL, NULL, NULL, NULL, NULL, NULL, NULL, NULL, NULL, '2024-12-13 03:03:48', '2024-12-13 03:03:48'),
(357, 'Kaya Kuvalis', 'pink.gottlieb@example.org', NULL, '$2y$12$jH4R0TM80QdM5NL1XWULreWugXYsNjbcURrvXC0CGP0o8IpbCG3FO', NULL, NULL, NULL, NULL, NULL, NULL, NULL, NULL, NULL, NULL, NULL, NULL, NULL, '2024-12-13 03:03:48', '2024-12-13 03:03:48'),
(358, 'Ruthie Nicolas V', 'joanny84@example.net', NULL, '$2y$12$KRAel427x/hMeaoQR1n6TuAkNEAQDDeT4ItHrnKalGwrBaJiLq1Zm', NULL, NULL, NULL, NULL, NULL, NULL, NULL, NULL, NULL, NULL, NULL, NULL, NULL, '2024-12-13 03:03:48', '2024-12-13 03:03:48'),
(359, 'Delphia Cassin V', 'rodriguez.remington@example.com', NULL, '$2y$12$J3BUbPjja.NRHsAE17A58OILlxy7MGgOi9g3E3.Yg5eaBrJKh.ZLO', NULL, NULL, NULL, NULL, NULL, NULL, NULL, NULL, NULL, NULL, NULL, NULL, NULL, '2024-12-13 03:03:49', '2024-12-13 03:03:49'),
(360, 'Ryley Cassin', 'carroll.barrett@example.com', NULL, '$2y$12$VHEDaQrypcE9.vQFrO5dReyb4jRt9VvlcKjPUDGI9tJGeAtPRzN8u', NULL, NULL, NULL, NULL, NULL, NULL, NULL, NULL, NULL, NULL, NULL, NULL, NULL, '2024-12-13 03:03:49', '2024-12-13 03:03:49'),
(361, 'Alaina Gorczany IV', 'candace10@example.net', NULL, '$2y$12$1patyCFP/uyI00WIvftSPekhKCeBji7ScTsp44/IBGxRFUbfc3mW2', NULL, NULL, NULL, NULL, NULL, NULL, NULL, NULL, NULL, NULL, NULL, NULL, NULL, '2024-12-13 03:03:49', '2024-12-13 03:03:49'),
(362, 'Dr. Rosalinda Moen', 'scot.morar@example.org', NULL, '$2y$12$Nahkuabg8pWB9SmJF/WjNeoS.I0iq.U8.w8GZt.kX1FJa0SpvLQfi', NULL, NULL, NULL, NULL, NULL, NULL, NULL, NULL, NULL, NULL, NULL, NULL, NULL, '2024-12-13 03:03:49', '2024-12-13 03:03:49'),
(363, 'Savanah Koss', 'alanis90@example.com', NULL, '$2y$12$G83OfRZV0FNFFA0PHIlAze5sGMCtzsM6uAz1TgUpx2AULTttRBeAa', NULL, NULL, NULL, NULL, NULL, NULL, NULL, NULL, NULL, NULL, NULL, NULL, NULL, '2024-12-13 03:03:49', '2024-12-13 03:03:49'),
(364, 'Vanessa Spinka', 'lang.roberta@example.com', NULL, '$2y$12$Cc8F2aqPCsOqLVAqKw9opOXh/StzfW6E0A62bnjFjlWk6wwe4l5Cq', NULL, NULL, NULL, NULL, NULL, NULL, NULL, NULL, NULL, NULL, NULL, NULL, NULL, '2024-12-13 03:03:50', '2024-12-13 03:03:50'),
(365, 'Skye Konopelski', 'maverick.treutel@example.net', NULL, '$2y$12$2y3unY8qkF.UxbKgPTG.eOXHCuxeQ6p0i29xO5glbNidCy6EW/8Xe', NULL, NULL, NULL, NULL, NULL, NULL, NULL, NULL, NULL, NULL, NULL, NULL, NULL, '2024-12-13 03:03:50', '2024-12-13 03:03:50'),
(366, 'Ken Schimmel I', 'reina11@example.org', NULL, '$2y$12$Spp8JWlU8ywsnkEHt1pqUuPcCNgRvQHPEnN9XLilsfAE682623GQq', NULL, NULL, NULL, NULL, NULL, NULL, NULL, NULL, NULL, NULL, NULL, NULL, NULL, '2024-12-13 03:03:50', '2024-12-13 03:03:50'),
(367, 'Jamarcus O\'Conner', 'oconner.marisol@example.net', NULL, '$2y$12$qDAR1v6hAvaKs4DoU0af0ONq2n0XLwyzD4eEK7juZQZeAZi0QZUKC', NULL, NULL, NULL, NULL, NULL, NULL, NULL, NULL, NULL, NULL, NULL, NULL, NULL, '2024-12-13 03:03:50', '2024-12-13 03:03:50'),
(368, 'Ms. Liana Feest', 'padberg.kiera@example.net', NULL, '$2y$12$ookmylvVXAK1I/L5iHLxr.Ez4PGzK5CTOwOewtEweM260ssB0cAKy', NULL, NULL, NULL, NULL, NULL, NULL, NULL, NULL, NULL, NULL, NULL, NULL, NULL, '2024-12-13 03:03:51', '2024-12-13 03:03:51'),
(369, 'Vance Waters', 'jennie73@example.net', NULL, '$2y$12$8vw49vQHhNTcR6WyrvfvoeOaO.RyODXm0Nhgbx0qb4k0emXkv4/RG', NULL, NULL, NULL, NULL, NULL, NULL, NULL, NULL, NULL, NULL, NULL, NULL, NULL, '2024-12-13 03:03:51', '2024-12-13 03:03:51'),
(370, 'Stephania Becker', 'okeefe.trycia@example.com', NULL, '$2y$12$84ESZpXX9uXhIJOMAWiqr.EVyB7xkBcHxifG1Zy6/h5bSpD5UOmzi', NULL, NULL, NULL, NULL, NULL, NULL, NULL, NULL, NULL, NULL, NULL, NULL, NULL, '2024-12-13 03:03:51', '2024-12-13 03:03:51'),
(371, 'Dr. Khalil Ankunding III', 'brandyn70@example.net', NULL, '$2y$12$loIfnVQ7q21EiyLvsZL9puPJu2AakUgtQwPldcGBNb6pnEF0ccNGm', NULL, NULL, NULL, NULL, NULL, NULL, NULL, NULL, NULL, NULL, NULL, NULL, NULL, '2024-12-13 03:03:51', '2024-12-13 03:03:51'),
(372, 'Mr. Dustin Buckridge', 'marley34@example.net', NULL, '$2y$12$IJRjAnNOdLrloAzPh3WWf.RDAhXMVxdSIXS78jePoR.lQCRVUCE0K', NULL, NULL, NULL, NULL, NULL, NULL, NULL, NULL, NULL, NULL, NULL, NULL, NULL, '2024-12-13 03:03:52', '2024-12-13 03:03:52'),
(373, 'Reba Okuneva IV', 'heathcote.dessie@example.com', NULL, '$2y$12$5OFYUj.ZnhNo9paqjLBnleSPja1dwQ0kwoPz2lINXY9W1wGp/9Avm', NULL, NULL, NULL, NULL, NULL, NULL, NULL, NULL, NULL, NULL, NULL, NULL, NULL, '2024-12-13 03:03:52', '2024-12-13 03:03:52'),
(374, 'Dr. Raymond Kunde Sr.', 'fay.cassandra@example.net', NULL, '$2y$12$A4.kQnf4ys12nPRwJDVxVufIYEtydlQAVrkqS8VZRPgVCfLcsGaYW', NULL, NULL, NULL, NULL, NULL, NULL, NULL, NULL, NULL, NULL, NULL, NULL, NULL, '2024-12-13 03:03:52', '2024-12-13 03:03:52'),
(375, 'Cloyd Feil', 'gtreutel@example.com', NULL, '$2y$12$PbWhRwGgQCsDqxXxE8Qr1eQBAbdqiE8TWnYnc90eJvczUFELzGvWm', NULL, NULL, NULL, NULL, NULL, NULL, NULL, NULL, NULL, NULL, NULL, NULL, NULL, '2024-12-13 03:03:52', '2024-12-13 03:03:52'),
(376, 'Luna Stroman', 'keeling.kaia@example.com', NULL, '$2y$12$m3/m/CeFzPkMB0yNjRBC3e8s4XweNXeIie9k8ijaUtbBnVvPYbfyu', NULL, NULL, NULL, NULL, NULL, NULL, NULL, NULL, NULL, NULL, NULL, NULL, NULL, '2024-12-13 03:03:52', '2024-12-13 03:03:52'),
(377, 'Gilberto Sanford', 'natalie88@example.org', NULL, '$2y$12$4FoLOciTGE7fRFnqbuMoYuf1RfW56X.7DdZrINh5ts9qc9OWC.C1u', NULL, NULL, NULL, NULL, NULL, NULL, NULL, NULL, NULL, NULL, NULL, NULL, NULL, '2024-12-13 03:03:53', '2024-12-13 03:03:53'),
(378, 'Tobin Lang', 'mmarvin@example.net', NULL, '$2y$12$rIejYc7YhLfidCbBzb4yX.w2wSYg8hku2S8wXM6gKTVQq5xymdi/S', NULL, NULL, NULL, NULL, NULL, NULL, NULL, NULL, NULL, NULL, NULL, NULL, NULL, '2024-12-13 03:03:53', '2024-12-13 03:03:53'),
(379, 'Ottilie McDermott', 'meffertz@example.com', NULL, '$2y$12$3h3budIPIpTbFNdiiT2EQ.ODRWR1itm/UNYzP2fH2dr0VG0dWnEvO', NULL, NULL, NULL, NULL, NULL, NULL, NULL, NULL, NULL, NULL, NULL, NULL, NULL, '2024-12-13 03:03:53', '2024-12-13 03:03:53'),
(380, 'Tatum Romaguera', 'shaylee25@example.org', NULL, '$2y$12$d4N11uZ8MOt01g3WriElXu2yGKVwnXbZCjVTq.vQFPgRkQw.ZbOUu', NULL, NULL, NULL, NULL, NULL, NULL, NULL, NULL, NULL, NULL, NULL, NULL, NULL, '2024-12-13 03:03:53', '2024-12-13 03:03:53'),
(381, 'Amari Gorczany', 'thea23@example.org', NULL, '$2y$12$djUqXVNWBTQSuXXNIMBcTeRDb4qubBcQYzdnnPsFb7IRuVfHBlK36', NULL, NULL, NULL, NULL, NULL, NULL, NULL, NULL, NULL, NULL, NULL, NULL, NULL, '2024-12-13 03:03:54', '2024-12-13 03:03:54'),
(382, 'Arlene Gaylord', 'halvorson.candelario@example.org', NULL, '$2y$12$7IInRZ3psvJp7yzD8z4TbuCSu7LrprPpWji5KqMVn.O1OZ9WJXWLe', NULL, NULL, NULL, NULL, NULL, NULL, NULL, NULL, NULL, NULL, NULL, NULL, NULL, '2024-12-13 03:03:54', '2024-12-13 03:03:54'),
(383, 'Candace Thompson PhD', 'kcollins@example.net', NULL, '$2y$12$KAobFfwsZoLtT1m.lrbaD.lx9VN/4209V1lUmw42ef4MOr4G1vUGi', NULL, NULL, NULL, NULL, NULL, NULL, NULL, NULL, NULL, NULL, NULL, NULL, NULL, '2024-12-13 03:03:54', '2024-12-13 03:03:54'),
(384, 'Toy Bernier', 'borer.hadley@example.net', NULL, '$2y$12$MzUPECUmuijNDMcGgJHMDuop4/xymLs0u6PqG4OnNpMFxbjGB3Sh.', NULL, NULL, NULL, NULL, NULL, NULL, NULL, NULL, NULL, NULL, NULL, NULL, NULL, '2024-12-13 03:03:54', '2024-12-13 03:03:54'),
(385, 'Jacquelyn Carroll', 'johns.ramiro@example.net', NULL, '$2y$12$SXsSPfZoMeN9MpKYA8VGmuxyjLNAUN4pNPA8GDrMQsWkJ6H9gBemO', NULL, NULL, NULL, NULL, NULL, NULL, NULL, NULL, NULL, NULL, NULL, NULL, NULL, '2024-12-13 03:03:54', '2024-12-13 03:03:54'),
(386, 'Dr. Angelina Torp', 'mack.pollich@example.com', NULL, '$2y$12$WfxIldkq5gUVABi1/DnkuuXxN7atZonkWOlgCZoX8DOsHQ3Lk4yqe', NULL, NULL, NULL, NULL, NULL, NULL, NULL, NULL, NULL, NULL, NULL, NULL, NULL, '2024-12-13 03:03:55', '2024-12-13 03:03:55'),
(387, 'Kristin McCullough', 'dsipes@example.com', NULL, '$2y$12$vGgX.I866D4u198ZHiAoT.J5XAqMpQ4VaxJ/vkrc4TSdQS61aGP4i', NULL, NULL, NULL, NULL, NULL, NULL, NULL, NULL, NULL, NULL, NULL, NULL, NULL, '2024-12-13 03:03:55', '2024-12-13 03:03:55'),
(388, 'Rosetta Frami DVM', 'jveum@example.net', NULL, '$2y$12$BncUZh6/KNLMs2B1L9K.iO2GqEKzhGHPF3D.Wo5u1VXwjqMcuOzU2', NULL, NULL, NULL, NULL, NULL, NULL, NULL, NULL, NULL, NULL, NULL, NULL, NULL, '2024-12-13 03:03:55', '2024-12-13 03:03:55'),
(389, 'Prof. Nat Raynor', 'iliana05@example.org', NULL, '$2y$12$Ahjp/dNvumCZ1ALST.paR.BSlCm5tG3J8G4nd/xfzYWmmN49K0k/m', NULL, NULL, NULL, NULL, NULL, NULL, NULL, NULL, NULL, NULL, NULL, NULL, NULL, '2024-12-13 03:03:55', '2024-12-13 03:03:55'),
(390, 'Mr. Eli Ruecker', 'dan.quitzon@example.net', NULL, '$2y$12$17IuUr/LQZpGqVUHQXIQNuAlbGpHC8iNokYjmWEOvRBbNWwep5P0S', NULL, NULL, NULL, NULL, NULL, NULL, NULL, NULL, NULL, NULL, NULL, NULL, NULL, '2024-12-13 03:03:56', '2024-12-13 03:03:56'),
(391, 'Dorothy Harris', 'alan.collins@example.org', NULL, '$2y$12$8xaeUysA1beayfZSFlHSJeTk9PYIjDavnR18bVj.oUuFNeiKecJ7q', NULL, NULL, NULL, NULL, NULL, NULL, NULL, NULL, NULL, NULL, NULL, NULL, NULL, '2024-12-13 03:03:56', '2024-12-13 03:03:56'),
(392, 'Leanne Rolfson DDS', 'rosalind.ullrich@example.org', NULL, '$2y$12$SYARSDm2Al3tZh34wqBm2./bpgNvSSsA6PhroAXTantQdmP2cf8WK', NULL, NULL, NULL, NULL, NULL, NULL, NULL, NULL, NULL, NULL, NULL, NULL, NULL, '2024-12-13 03:03:56', '2024-12-13 03:03:56'),
(393, 'Janice Bradtke', 'phowell@example.org', NULL, '$2y$12$GAb.VAPSfJkcUCnsifN80eQ2HfRvlmkpCsKtzWeK9CxOH0oL9btZG', NULL, NULL, NULL, NULL, NULL, NULL, NULL, NULL, NULL, NULL, NULL, NULL, NULL, '2024-12-13 03:03:56', '2024-12-13 03:03:56'),
(394, 'Mr. Jabari Farrell Sr.', 'ckihn@example.org', NULL, '$2y$12$6C34ZoDJwM01MjRiE6s/A.MaC6o5LAbtAYq0p6bC4JexcPZ1m.m1S', NULL, NULL, NULL, NULL, NULL, NULL, NULL, NULL, NULL, NULL, NULL, NULL, NULL, '2024-12-13 03:03:57', '2024-12-13 03:03:57'),
(395, 'Hassan Shanahan', 'torrey93@example.org', NULL, '$2y$12$Xa0DSGU6pZSZpSc.PGgg/.nQKFkWzhF6iORk4m5eEAosPft/FJdMy', NULL, NULL, NULL, NULL, NULL, NULL, NULL, NULL, NULL, NULL, NULL, NULL, NULL, '2024-12-13 03:03:57', '2024-12-13 03:03:57'),
(396, 'Ms. Christine McLaughlin', 'kshlerin.eino@example.org', NULL, '$2y$12$kLDFo7t3ECX2/w9xaobtR.wr0VLskUgy2hsemNTGhmkSKeqbGP5ja', NULL, NULL, NULL, NULL, NULL, NULL, NULL, NULL, NULL, NULL, NULL, NULL, NULL, '2024-12-13 03:03:57', '2024-12-13 03:03:57'),
(397, 'Jamar Cronin III', 'rkoelpin@example.org', NULL, '$2y$12$FwZnRYXG3QgRiJxSHIbs.OoNFX7cRzmhWCFezk61vmcDRjYb5UAlG', NULL, NULL, NULL, NULL, NULL, NULL, NULL, NULL, NULL, NULL, NULL, NULL, NULL, '2024-12-13 03:03:57', '2024-12-13 03:03:57'),
(398, 'Isom Kirlin', 'earline.nolan@example.net', NULL, '$2y$12$D26uQ.ZyosoDIq/PTd0EOOu7WoGLOZ7dfS3ULarDl3LC8rW1SKaVS', NULL, NULL, NULL, NULL, NULL, NULL, NULL, NULL, NULL, NULL, NULL, NULL, NULL, '2024-12-13 03:03:58', '2024-12-13 03:03:58'),
(399, 'Dr. Hulda Pfannerstill', 'ebert.kurtis@example.net', NULL, '$2y$12$AToSsTPs.PvAO5I6X34QNOnTFl3zwU2llfNqhm7aKgknNaDDEdjiG', NULL, NULL, NULL, NULL, NULL, NULL, NULL, NULL, NULL, NULL, NULL, NULL, NULL, '2024-12-13 03:03:58', '2024-12-13 03:03:58'),
(400, 'Prof. Dell Mann MD', 'maud56@example.org', NULL, '$2y$12$6Ah3YJ3TEHTmz.g3JdJJCuW9gBRy5C/X0lR48HB3A/gr7yWgnh0uK', NULL, NULL, NULL, NULL, NULL, NULL, NULL, NULL, NULL, NULL, NULL, NULL, NULL, '2024-12-13 03:03:58', '2024-12-13 03:03:58'),
(401, 'Hollis Cremin', 'auer.max@example.org', NULL, '$2y$12$zWP6G6gYglFcJAl8MWJaX.PkMtcj4o1HjqSU65M7T1bxkY4Eetsu.', NULL, NULL, NULL, NULL, NULL, NULL, NULL, NULL, NULL, NULL, NULL, NULL, NULL, '2024-12-13 03:03:59', '2024-12-13 03:03:59'),
(402, 'Dr. Edythe Heller MD', 'writchie@example.org', NULL, '$2y$12$AJAhgGF0IQoSr9ekKoCz1.8OsDCG7vAuE6mCgC1gbYh5jQSYGZ2yO', NULL, NULL, NULL, NULL, NULL, NULL, NULL, NULL, NULL, NULL, NULL, NULL, NULL, '2024-12-13 03:03:59', '2024-12-13 03:03:59'),
(403, 'Prof. Cristobal Hane PhD', 'gullrich@example.net', NULL, '$2y$12$6DSH3C/IwNgEaQn4CRr8Vep7ouHUfDqZ8Gzkbi8VszuW/SfiGO1ZC', NULL, NULL, NULL, NULL, NULL, NULL, NULL, NULL, NULL, NULL, NULL, NULL, NULL, '2024-12-13 03:04:00', '2024-12-13 03:04:00'),
(404, 'Miss Providenci Reichel IV', 'hritchie@example.net', NULL, '$2y$12$SPQvpMovaCvRpQnPBEHuR.n2Xv2wFklc5TPHZFcvoKhfvxfbgML2G', NULL, NULL, NULL, NULL, NULL, NULL, NULL, NULL, NULL, NULL, NULL, NULL, NULL, '2024-12-13 03:04:00', '2024-12-13 03:04:00'),
(405, 'Oswald Kessler', 'storphy@example.net', NULL, '$2y$12$nCWSb89gYUzyRag8RnCG5OYVPZxPpTLYpar.IPGQff/9ifzoUJH5i', NULL, NULL, NULL, NULL, NULL, NULL, NULL, NULL, NULL, NULL, NULL, NULL, NULL, '2024-12-13 03:04:01', '2024-12-13 03:04:01');
INSERT INTO `users` (`id`, `name`, `email`, `email_verified_at`, `password`, `two_factor_secret`, `two_factor_recovery_codes`, `two_factor_confirmed_at`, `date_of_birth`, `phone_number`, `address`, `city`, `state`, `zip_code`, `remember_token`, `current_team_id`, `profile_photo_path`, `deleted_at`, `created_at`, `updated_at`) VALUES
(406, 'Robyn Altenwerth', 'breitenberg.albert@example.org', NULL, '$2y$12$fj0Bo0qOhR6NY9MPsz.m.uiaemJexpC1c4JEHhnpxgJPk0IAcJOxm', NULL, NULL, NULL, NULL, NULL, NULL, NULL, NULL, NULL, NULL, NULL, NULL, NULL, '2024-12-13 03:04:02', '2024-12-13 03:04:02'),
(407, 'Hershel Auer Jr.', 'adell.hoppe@example.org', NULL, '$2y$12$Lj13Oc9KqXKZG0gb0Qkr0OqCP7PtP/cWgzmsWCqA9oWclU6HUHFge', NULL, NULL, NULL, NULL, NULL, NULL, NULL, NULL, NULL, NULL, NULL, NULL, NULL, '2024-12-13 03:04:02', '2024-12-13 03:04:02'),
(408, 'Josh Hoeger', 'stiedemann.matilda@example.net', NULL, '$2y$12$L.V7pg87z2DDE6hX6BhjFO0zYkfgwcDjQcdj2p67uMI64WX402eoy', NULL, NULL, NULL, NULL, NULL, NULL, NULL, NULL, NULL, NULL, NULL, NULL, NULL, '2024-12-13 03:04:03', '2024-12-13 03:04:03'),
(409, 'Greyson Little', 'xstroman@example.org', NULL, '$2y$12$/EiKCBqFX/GT/S.6JyXUP.Mhb0PL4/mMSuvb1oyWJ0WWLS6Kflki6', NULL, NULL, NULL, NULL, NULL, NULL, NULL, NULL, NULL, NULL, NULL, NULL, NULL, '2024-12-13 03:04:04', '2024-12-13 03:04:04'),
(410, 'Megane Swaniawski', 'sreichert@example.com', NULL, '$2y$12$k40tbjRkTHjxrhEjwmkxxupsKObbRCIZI8Z/zOBHOEgcnNAcen0Pq', NULL, NULL, NULL, NULL, NULL, NULL, NULL, NULL, NULL, NULL, NULL, NULL, NULL, '2024-12-13 03:04:04', '2024-12-13 03:04:04'),
(411, 'Nathanial Wolff', 'morton44@example.net', NULL, '$2y$12$Uwb67VqkMUfykWrroUBSE.4ZY5UW5Z4gkw6lv0/4RZOykVtTEloSe', NULL, NULL, NULL, NULL, NULL, NULL, NULL, NULL, NULL, NULL, NULL, NULL, NULL, '2024-12-13 03:04:05', '2024-12-13 03:04:05'),
(412, 'Mr. Emmitt Franecki', 'ymckenzie@example.org', NULL, '$2y$12$RRDwah1SwDcafYY/4EjoSe6d6/V7LKQy6bpJQ2TwS/sECeSvPeACG', NULL, NULL, NULL, NULL, NULL, NULL, NULL, NULL, NULL, NULL, NULL, NULL, NULL, '2024-12-13 03:04:05', '2024-12-13 03:04:05'),
(413, 'Carlo Kirlin', 'rodriguez.dorian@example.com', NULL, '$2y$12$oOkGgz60/fNdVGpnrdsI7ObLgn/JWoDu9LHR7gftzFoVmQGbkHiqK', NULL, NULL, NULL, NULL, NULL, NULL, NULL, NULL, NULL, NULL, NULL, NULL, NULL, '2024-12-13 03:04:06', '2024-12-13 03:04:06'),
(414, 'Pinkie Dietrich PhD', 'ashton18@example.net', NULL, '$2y$12$qqnuVQRSY8hskbmJqU3jg.ZzV5wh8ESAM0INxXrb5WAToU5AATbuO', NULL, NULL, NULL, NULL, NULL, NULL, NULL, NULL, NULL, NULL, NULL, NULL, NULL, '2024-12-13 03:04:06', '2024-12-13 03:04:06'),
(415, 'Penelope Collier', 'anabel.murazik@example.com', NULL, '$2y$12$oUZgPumrf/DfEQLP1z4aB.ckA9rQ2rwymou32m3Quxupe6JvEIT/y', NULL, NULL, NULL, NULL, NULL, NULL, NULL, NULL, NULL, NULL, NULL, NULL, NULL, '2024-12-13 03:04:07', '2024-12-13 03:04:07'),
(416, 'Justine Jakubowski V', 'crooks.lauriane@example.com', NULL, '$2y$12$olPmnldMEHh1tDXcGVSRIOXlV76f8ckqjjf8TvfyzM6.ex8iK5luC', NULL, NULL, NULL, NULL, NULL, NULL, NULL, NULL, NULL, NULL, NULL, NULL, NULL, '2024-12-13 03:04:07', '2024-12-13 03:04:07'),
(417, 'Judson Padberg', 'parisian.garland@example.com', NULL, '$2y$12$28qr.XqdHL96Ug65I.7FG.sJ9Hftz7r1BootLqbV9rSd9Mc9kYz7C', NULL, NULL, NULL, NULL, NULL, NULL, NULL, NULL, NULL, NULL, NULL, NULL, NULL, '2024-12-13 03:04:07', '2024-12-13 03:04:07'),
(418, 'Dr. Rashad Lebsack', 'roma39@example.org', NULL, '$2y$12$yRDy2HCGWDteDM78j6uXCu0LBNdsLFlyTZ4YAgPoXCFFmBu3n.VDK', NULL, NULL, NULL, NULL, NULL, NULL, NULL, NULL, NULL, NULL, NULL, NULL, NULL, '2024-12-13 03:04:07', '2024-12-13 03:04:07'),
(419, 'Eudora Weimann', 'hermiston.grant@example.net', NULL, '$2y$12$zyCoVv1j1L69kCJEHi/Cx./1Ukml5ozoOWbcAN1hThrINXwG3uCI2', NULL, NULL, NULL, NULL, NULL, NULL, NULL, NULL, NULL, NULL, NULL, NULL, NULL, '2024-12-13 03:04:08', '2024-12-13 03:04:08'),
(420, 'Khalil Hahn', 'ltrantow@example.com', NULL, '$2y$12$XFEI6ls3D6WtEF6ee7isWOcaZXH8dkrAKz0GWnNcXq17AmQGn7c.y', NULL, NULL, NULL, NULL, NULL, NULL, NULL, NULL, NULL, NULL, NULL, NULL, NULL, '2024-12-13 03:04:08', '2024-12-13 03:04:08'),
(421, 'Agustina Franecki V', 'turner48@example.net', NULL, '$2y$12$GR2wWFNWH03i1kn7/d1vOOZEO/zidLhUQOAhV4wptpwxaYQnQF.im', NULL, NULL, NULL, NULL, NULL, NULL, NULL, NULL, NULL, NULL, NULL, NULL, NULL, '2024-12-13 03:04:08', '2024-12-13 03:04:08'),
(422, 'Liana Morissette', 'winnifred.kris@example.org', NULL, '$2y$12$Btll5N2OF1TP97ZNAlhfzevyxp42RoliwPmWNLKD8wWblw9nTMi7i', NULL, NULL, NULL, NULL, NULL, NULL, NULL, NULL, NULL, NULL, NULL, NULL, NULL, '2024-12-13 03:04:09', '2024-12-13 03:04:09'),
(423, 'Gussie Torphy IV', 'ratke.rhianna@example.net', NULL, '$2y$12$3aZ692rSnVL5T3pEFzlNJ.5hX.91bX37Zybp2Md./siFogLZnr0jq', NULL, NULL, NULL, NULL, NULL, NULL, NULL, NULL, NULL, NULL, NULL, NULL, NULL, '2024-12-13 03:04:09', '2024-12-13 03:04:09'),
(424, 'Jadon Doyle', 'aliza17@example.com', NULL, '$2y$12$eLEs9hnVcgRJiyp4j.yvs.HloR7PdcuvyY/Ml8uqzYg.OFLeDEtim', NULL, NULL, NULL, NULL, NULL, NULL, NULL, NULL, NULL, NULL, NULL, NULL, NULL, '2024-12-13 03:04:09', '2024-12-13 03:04:09'),
(425, 'Prof. Jamel Davis DDS', 'aklein@example.net', NULL, '$2y$12$PH1yhbrucO300b.2C4moOeqGb0S8TD1QjPmzmB5OwYauJtIpOophO', NULL, NULL, NULL, NULL, NULL, NULL, NULL, NULL, NULL, NULL, NULL, NULL, NULL, '2024-12-13 03:04:09', '2024-12-13 03:04:09'),
(426, 'Stanford Borer', 'nmitchell@example.org', NULL, '$2y$12$7l8UUsGire1AucyUf2Eqae0HxMyphXJAwz1cvIpTd2opkfjTD5cyW', NULL, NULL, NULL, NULL, NULL, NULL, NULL, NULL, NULL, NULL, NULL, NULL, NULL, '2024-12-13 03:04:10', '2024-12-13 03:04:10'),
(427, 'Burley Sauer', 'kody99@example.org', NULL, '$2y$12$19jj4VRH3agEuJ8CvqTbIugNZKuQiqqK5tCmrI2foNZaNENaE2sQm', NULL, NULL, NULL, NULL, NULL, NULL, NULL, NULL, NULL, NULL, NULL, NULL, NULL, '2024-12-13 03:04:10', '2024-12-13 03:04:10'),
(428, 'Keith Monahan', 'horace82@example.org', NULL, '$2y$12$hTI3SuGPLv1Mk6BodXwBE.cCY4aWkcpcws2JDJOkCWMyKkZeXSJyu', NULL, NULL, NULL, NULL, NULL, NULL, NULL, NULL, NULL, NULL, NULL, NULL, NULL, '2024-12-13 03:04:10', '2024-12-13 03:04:10'),
(429, 'Dr. Orie Kuhic', 'medhurst.fermin@example.net', NULL, '$2y$12$gefctO8ZE66ehg6Bwv/wUe38LJoTccHVXRFQ9y/F8uOkXJstqwdKe', NULL, NULL, NULL, NULL, NULL, NULL, NULL, NULL, NULL, NULL, NULL, NULL, NULL, '2024-12-13 03:04:10', '2024-12-13 03:04:10'),
(430, 'Khalid Hoppe', 'runte.janis@example.org', NULL, '$2y$12$XxCGUzAM2HHx1JWmQbI9Z..BL1YwpT50iSfmldDeh8mjJ5a8.CHgW', NULL, NULL, NULL, NULL, NULL, NULL, NULL, NULL, NULL, NULL, NULL, NULL, NULL, '2024-12-13 03:04:11', '2024-12-13 03:04:11'),
(431, 'Consuelo Feeney', 'amy13@example.net', NULL, '$2y$12$dZBFAw9f0xi5pKRbPVb4beqtuTSBdj47Is2Lv1CqOcrbUwprDaQOK', NULL, NULL, NULL, NULL, NULL, NULL, NULL, NULL, NULL, NULL, NULL, NULL, NULL, '2024-12-13 03:04:11', '2024-12-13 03:04:11'),
(432, 'Zackary Bogan Sr.', 'mfeil@example.com', NULL, '$2y$12$EIBoDFNQPsMYjS0RAMsThOkDlk5fq3mUQ8R5Ks1XS/vhLff7JvZiu', NULL, NULL, NULL, NULL, NULL, NULL, NULL, NULL, NULL, NULL, NULL, NULL, NULL, '2024-12-13 03:04:11', '2024-12-13 03:04:11'),
(433, 'Ms. Shaniya Feil I', 'alene.schmitt@example.com', NULL, '$2y$12$XoKjhCtJgq4bZS9osktFX.SNlLZSE.Z9.L56GT9DgOwaHcD0Jn1zG', NULL, NULL, NULL, NULL, NULL, NULL, NULL, NULL, NULL, NULL, NULL, NULL, NULL, '2024-12-13 03:04:11', '2024-12-13 03:04:11'),
(434, 'Enrique Prohaska', 'boyer.precious@example.org', NULL, '$2y$12$6z6FFpph6D7IQyDK3VEo0upHKxAshH6HZF9r9b98WUFYPJ5SJhqjC', NULL, NULL, NULL, NULL, NULL, NULL, NULL, NULL, NULL, NULL, NULL, NULL, NULL, '2024-12-13 03:04:11', '2024-12-13 03:04:11'),
(435, 'Miss Retta Brekke III', 'laura.koch@example.com', NULL, '$2y$12$Tv0qZ/ehDmb0NXb8bnvCWuAomMoHCnJ8GOpgP2Hc80BaFj11kgZvW', NULL, NULL, NULL, NULL, NULL, NULL, NULL, NULL, NULL, NULL, NULL, NULL, NULL, '2024-12-13 03:04:12', '2024-12-13 03:04:12'),
(436, 'Nova Fritsch', 'cjacobs@example.net', NULL, '$2y$12$m3rm1ZRmZvWr6CX0KB/WWOaXGKpUhSphCKBu1FEQisC6VVr.UTZqW', NULL, NULL, NULL, NULL, NULL, NULL, NULL, NULL, NULL, NULL, NULL, NULL, NULL, '2024-12-13 03:04:12', '2024-12-13 03:04:12'),
(437, 'Hazel Abernathy', 'oconnell.hipolito@example.com', NULL, '$2y$12$lUAT9myKSkFSQsXG0ItOauq0L7.tPxiaYSX2LtJ2Vqc07Z1CQUIZ.', NULL, NULL, NULL, NULL, NULL, NULL, NULL, NULL, NULL, NULL, NULL, NULL, NULL, '2024-12-13 03:04:12', '2024-12-13 03:04:12'),
(438, 'Wilber Douglas', 'lavinia33@example.org', NULL, '$2y$12$l8E8MqfHTC4TJNRwX1Vu6Oq.BU4l/zJBH8Y3vnOBZefXj4HDlAGG6', NULL, NULL, NULL, NULL, NULL, NULL, NULL, NULL, NULL, NULL, NULL, NULL, NULL, '2024-12-13 03:04:12', '2024-12-13 03:04:12'),
(439, 'Mrs. Wendy Schuppe MD', 'nnicolas@example.com', NULL, '$2y$12$EQiKaMc3Hqx6T0XqkK54D.R.fpQrY9cpQ7BIwy6cNhWL4IlmYQJ.W', NULL, NULL, NULL, NULL, NULL, NULL, NULL, NULL, NULL, NULL, NULL, NULL, NULL, '2024-12-13 03:04:13', '2024-12-13 03:04:13'),
(440, 'Friedrich Buckridge', 'ishanahan@example.com', NULL, '$2y$12$kpkvV53RXAzlPJohauhEMubh42JX358JTryHGZQscRTwBvelS8mca', NULL, NULL, NULL, NULL, NULL, NULL, NULL, NULL, NULL, NULL, NULL, NULL, NULL, '2024-12-13 03:04:13', '2024-12-13 03:04:13'),
(441, 'Luciano Lockman', 'white.hertha@example.com', NULL, '$2y$12$T5KEK0jpg5mb7NL8VGTVM.pgXB1hsLA57uZN6Im4kcap7HEwVl.Sy', NULL, NULL, NULL, NULL, NULL, NULL, NULL, NULL, NULL, NULL, NULL, NULL, NULL, '2024-12-13 03:04:13', '2024-12-13 03:04:13'),
(442, 'Bonnie Wolf', 'alexander.hirthe@example.com', NULL, '$2y$12$6FYd8y8Zhiz4mx0rwV.t6OO9O5fg4DlH0/ceIrvXIxRT.ZYIvMJ0q', NULL, NULL, NULL, NULL, NULL, NULL, NULL, NULL, NULL, NULL, NULL, NULL, NULL, '2024-12-13 03:04:13', '2024-12-13 03:04:13'),
(443, 'Dr. Eden Heller I', 'jerald.hackett@example.net', NULL, '$2y$12$mCds9sMA.vfiIAXpYrHfSuWkilFvqDFYEWRNSfmd9K1dF6pOP6Fru', NULL, NULL, NULL, NULL, NULL, NULL, NULL, NULL, NULL, NULL, NULL, NULL, NULL, '2024-12-13 03:04:13', '2024-12-13 03:04:13'),
(444, 'Dr. Raheem Connelly', 'emmanuel.heathcote@example.com', NULL, '$2y$12$cGJZTAe5QfqGUYJrO.C5zek4yUBhst054aNP5RCGXphx78wqwkX4S', NULL, NULL, NULL, NULL, NULL, NULL, NULL, NULL, NULL, NULL, NULL, NULL, NULL, '2024-12-13 03:04:14', '2024-12-13 03:04:14'),
(445, 'Leanne Runte', 'onicolas@example.com', NULL, '$2y$12$GVQdg3bZOUn0ZoZ/7tz/4.RaoxN.c3W2.pJ5b1vwgudlRGr56ISyK', NULL, NULL, NULL, NULL, NULL, NULL, NULL, NULL, NULL, NULL, NULL, NULL, NULL, '2024-12-13 03:04:14', '2024-12-13 03:04:14'),
(446, 'Mr. Chet Mayer III', 'ottis.damore@example.org', NULL, '$2y$12$DXd.5H.92eyHk5kVXt17t.YPEEKERvQ5Ki0ikCYV4wfjG.0PE.QMS', NULL, NULL, NULL, NULL, NULL, NULL, NULL, NULL, NULL, NULL, NULL, NULL, NULL, '2024-12-13 03:04:14', '2024-12-13 03:04:14'),
(447, 'Prof. Clyde Leffler II', 'jany57@example.com', NULL, '$2y$12$e0GguEJ1V3NTaI4lmjL0IuPfmOzI0QKTvN82uM5FHJV./bpF.6qfK', NULL, NULL, NULL, NULL, NULL, NULL, NULL, NULL, NULL, NULL, NULL, NULL, NULL, '2024-12-13 03:04:14', '2024-12-13 03:04:14'),
(448, 'Andreane Rogahn', 'dimitri69@example.net', NULL, '$2y$12$u.mr/YQrqfoLuwDeP5O.cuxchNMaJ58ZkYjrnhgbGWfTPuJxCr3Im', NULL, NULL, NULL, NULL, NULL, NULL, NULL, NULL, NULL, NULL, NULL, NULL, NULL, '2024-12-13 03:04:15', '2024-12-13 03:04:15'),
(449, 'Brant Boyle', 'xemmerich@example.net', NULL, '$2y$12$HkAYqMcAqf1bbvIYlL0Cvu.Z0Wj.ShaXvUBAvR8C37w/42pT..5mG', NULL, NULL, NULL, NULL, NULL, NULL, NULL, NULL, NULL, NULL, NULL, NULL, NULL, '2024-12-13 03:04:15', '2024-12-13 03:04:15'),
(450, 'Buddy Lakin', 'tillman.napoleon@example.org', NULL, '$2y$12$lb4KHthv517Sb794hXXzOObjOuvraoOjG20SCkDe/XKVSdGtK5Wu.', NULL, NULL, NULL, NULL, NULL, NULL, NULL, NULL, NULL, NULL, NULL, NULL, NULL, '2024-12-13 03:04:15', '2024-12-13 03:04:15'),
(451, 'Ms. Eda Rice', 'hyman.schneider@example.org', NULL, '$2y$12$U5cd8Vm6Y1IDPaVJmbseteq2v4jtZfj0uanw81Y11/h3w3Ks9oE8.', NULL, NULL, NULL, NULL, NULL, NULL, NULL, NULL, NULL, NULL, NULL, NULL, NULL, '2024-12-13 03:04:15', '2024-12-13 03:04:15'),
(452, 'Mr. London Cremin', 'wilburn65@example.org', NULL, '$2y$12$hBFW6xpPGPQEsswe3yGyrOd.9E6td4kT0/zq2ahkoVMfEGXp5kURW', NULL, NULL, NULL, NULL, NULL, NULL, NULL, NULL, NULL, NULL, NULL, NULL, NULL, '2024-12-13 03:04:16', '2024-12-13 03:04:16'),
(453, 'Monique Altenwerth', 'alyce09@example.com', NULL, '$2y$12$x5WvnY2lweDQto/QrPCQ8uD8mR0Gq2kHlI6oRvaGnaRZ0wjZrdKFS', NULL, NULL, NULL, NULL, NULL, NULL, NULL, NULL, NULL, NULL, NULL, NULL, NULL, '2024-12-13 03:04:16', '2024-12-13 03:04:16'),
(454, 'Gayle Ferry', 'myron.stehr@example.net', NULL, '$2y$12$krg.bmYzYjuEB0eYIeE5c.6jmU5VdM1ySWAP4OXf7lCZnA4qsxYpa', NULL, NULL, NULL, NULL, NULL, NULL, NULL, NULL, NULL, NULL, NULL, NULL, NULL, '2024-12-13 03:04:16', '2024-12-13 03:04:16'),
(455, 'Miss Lelia Harvey PhD', 'alaina.terry@example.com', NULL, '$2y$12$Pckps1ZscjZCVhtOohSVc.YzRMBJIGqE9U4K7mu7w9bPA.2bOozLW', NULL, NULL, NULL, NULL, NULL, NULL, NULL, NULL, NULL, NULL, NULL, NULL, NULL, '2024-12-13 03:04:16', '2024-12-13 03:04:16'),
(456, 'Mrs. Tess Greenfelder DDS', 'oran71@example.net', NULL, '$2y$12$0DsAJCC7iLDrHNTjBD0hmOI6RyMpCguYmInMA3Yh.EXYOEH5L.hrC', NULL, NULL, NULL, NULL, NULL, NULL, NULL, NULL, NULL, NULL, NULL, NULL, NULL, '2024-12-13 03:04:16', '2024-12-13 03:04:16'),
(457, 'Ms. Pat Walter', 'nbauch@example.net', NULL, '$2y$12$N5MWTP3k4NX8KVF43.wbrOav.FtFOJzm8Fx4HmWKR65s4Q/is4Txe', NULL, NULL, NULL, NULL, NULL, NULL, NULL, NULL, NULL, NULL, NULL, NULL, NULL, '2024-12-13 03:04:17', '2024-12-13 03:04:17'),
(458, 'Sibyl Rolfson', 'iledner@example.org', NULL, '$2y$12$vJb0APR.r58dVcF932hcKOg15m7igyLNkoXb7QJKn0EOjJ9RucJNW', NULL, NULL, NULL, NULL, NULL, NULL, NULL, NULL, NULL, NULL, NULL, NULL, NULL, '2024-12-13 03:04:17', '2024-12-13 03:04:17'),
(459, 'Rashad Lakin', 'bnienow@example.org', NULL, '$2y$12$vaKB1YF/CjPEup23OVO5ceXlixm8lopm2sVt6LujNYMfcNTiIbznG', NULL, NULL, NULL, NULL, NULL, NULL, NULL, NULL, NULL, NULL, NULL, NULL, NULL, '2024-12-13 03:04:17', '2024-12-13 03:04:17'),
(460, 'Imani Zemlak V', 'markus.oreilly@example.net', NULL, '$2y$12$T3kTZkBsLaScLdq.NRwvtez0x.J7wbv5.wS9Ru7/DQzuWiTQSVVbK', NULL, NULL, NULL, NULL, NULL, NULL, NULL, NULL, NULL, NULL, NULL, NULL, NULL, '2024-12-13 03:04:17', '2024-12-13 03:04:17'),
(461, 'Mrs. Carmella Rolfson MD', 'wisoky.lora@example.net', NULL, '$2y$12$GgCZlUEGvVeeWUUABOOvWe1evHzx4Jdg.R8tdF8Rwbpgej2KllaHq', NULL, NULL, NULL, NULL, NULL, NULL, NULL, NULL, NULL, NULL, NULL, NULL, NULL, '2024-12-13 03:04:18', '2024-12-13 03:04:18'),
(462, 'Letha Gibson', 'dejah.mayer@example.net', NULL, '$2y$12$VZThju6chDB4a1.WEu4hmewJe5QWZLnWq4VQ2oJaHHXB2GGj3M5w6', NULL, NULL, NULL, NULL, NULL, NULL, NULL, NULL, NULL, NULL, NULL, NULL, NULL, '2024-12-13 03:04:18', '2024-12-13 03:04:18'),
(463, 'Brody Bechtelar', 'cletus.okon@example.org', NULL, '$2y$12$P5n5OvwU1c2mYpeR8GeMzu5jpSpGx/G8s0eh1QQ344YTac/h5Ghzm', NULL, NULL, NULL, NULL, NULL, NULL, NULL, NULL, NULL, NULL, NULL, NULL, NULL, '2024-12-13 03:04:18', '2024-12-13 03:04:18'),
(464, 'Dr. Andy Gleichner PhD', 'kris.muhammad@example.org', NULL, '$2y$12$PTFpozUia/hrbh0SC1Ks.ebsPb0TUIkgsU9nUGYJEqoN2334pYSeu', NULL, NULL, NULL, NULL, NULL, NULL, NULL, NULL, NULL, NULL, NULL, NULL, NULL, '2024-12-13 03:04:18', '2024-12-13 03:04:18'),
(465, 'Keaton Reichel', 'kohler.yasmine@example.com', NULL, '$2y$12$uOQxvP1QNNrnPTUaPRZHXuWXJDhcG4ynkeMI/3N2sF489Rjx/OLwW', NULL, NULL, NULL, NULL, NULL, NULL, NULL, NULL, NULL, NULL, NULL, NULL, NULL, '2024-12-13 03:04:19', '2024-12-13 03:04:19'),
(466, 'Miss Antonina Schmitt PhD', 'erdman.sibyl@example.net', NULL, '$2y$12$4Wk4OZVcLuo2fSe4yit/WuDMZ6pdtD/zxHfFgC.AmvPjT6A5uDbSS', NULL, NULL, NULL, NULL, NULL, NULL, NULL, NULL, NULL, NULL, NULL, NULL, NULL, '2024-12-13 03:04:19', '2024-12-13 03:04:19'),
(467, 'Rollin Kub', 'enid79@example.net', NULL, '$2y$12$4xG11mTQTHRog0nf3eOx7e2KQX5ooakDp8vsSk0OuLS3.Ee5xRSC.', NULL, NULL, NULL, NULL, NULL, NULL, NULL, NULL, NULL, NULL, NULL, NULL, NULL, '2024-12-13 03:04:19', '2024-12-13 03:04:19'),
(468, 'Sam Nader', 'umueller@example.org', NULL, '$2y$12$pRMxazLk4G5KGM5CLEqs9.Owafj40UhMS41a0hofehyYRg60U5AxS', NULL, NULL, NULL, NULL, NULL, NULL, NULL, NULL, NULL, NULL, NULL, NULL, NULL, '2024-12-13 03:04:19', '2024-12-13 03:04:19'),
(469, 'Macie Klocko', 'eswaniawski@example.com', NULL, '$2y$12$Ak2rcT.MLap2WXze7.wMCuxGU15J.IsDDzUtQgGUmLltlxPGwpBEC', NULL, NULL, NULL, NULL, NULL, NULL, NULL, NULL, NULL, NULL, NULL, NULL, NULL, '2024-12-13 03:04:19', '2024-12-13 03:04:19'),
(470, 'Glenna Bailey', 'gayle97@example.com', NULL, '$2y$12$qRUuw6nAMHIrCWiDY/SH3uHV.IrBwWsnlhAmfo.BiVStEr6HuhO3q', NULL, NULL, NULL, NULL, NULL, NULL, NULL, NULL, NULL, NULL, NULL, NULL, NULL, '2024-12-13 03:04:20', '2024-12-13 03:04:20'),
(471, 'Dr. Pierce Corwin', 'hpouros@example.org', NULL, '$2y$12$EXHOfc5woE9lYwahtQaH3.89FhorPLMhZpxLoHeIREcAb6CWeJ23u', NULL, NULL, NULL, NULL, NULL, NULL, NULL, NULL, NULL, NULL, NULL, NULL, NULL, '2024-12-13 03:04:20', '2024-12-13 03:04:20'),
(472, 'Dr. Rossie Bernier', 'brady52@example.com', NULL, '$2y$12$cRlYNRzASnVBEIvHfP0I9eURUCQDbUPgkTM7UEIJF4As3DeEKYizS', NULL, NULL, NULL, NULL, NULL, NULL, NULL, NULL, NULL, NULL, NULL, NULL, NULL, '2024-12-13 03:04:20', '2024-12-13 03:04:20'),
(473, 'Athena Green', 'trantow.candace@example.com', NULL, '$2y$12$IHWusyl62lIKvD7RHEAh7O/2MuzgJW1LTOi66wIgPbgae0e2MzyeC', NULL, NULL, NULL, NULL, NULL, NULL, NULL, NULL, NULL, NULL, NULL, NULL, NULL, '2024-12-13 03:04:20', '2024-12-13 03:04:20'),
(474, 'Casey Runte DDS', 'fziemann@example.org', NULL, '$2y$12$B2UUMzOmJ/jXv0lNJKEteuZbhlp5aBGyRn7Ms7xEmyIn4xjOF5szq', NULL, NULL, NULL, NULL, NULL, NULL, NULL, NULL, NULL, NULL, NULL, NULL, NULL, '2024-12-13 03:04:21', '2024-12-13 03:04:21'),
(475, 'Stephanie Kshlerin', 'hschowalter@example.org', NULL, '$2y$12$JtV2OcJkDHkfaxsK2ROuX.C1y8MOq3hWoNLSedvf2JlWFDfgR7sG.', NULL, NULL, NULL, NULL, NULL, NULL, NULL, NULL, NULL, NULL, NULL, NULL, NULL, '2024-12-13 03:04:21', '2024-12-13 03:04:21'),
(476, 'Tara Wilkinson', 'cmedhurst@example.com', NULL, '$2y$12$GGw/d98/TwdIRfkt59MLA.vOM8z5bJLNxe7j9tzw1YpwRvEn7K95e', NULL, NULL, NULL, NULL, NULL, NULL, NULL, NULL, NULL, NULL, NULL, NULL, NULL, '2024-12-13 03:04:21', '2024-12-13 03:04:21'),
(477, 'Dr. Hazel Ratke', 'jaylan03@example.org', NULL, '$2y$12$sI10MpgajiJE0psb6Hyx9OOuhzyfBrToUX4kPKZ/UvOs51JBnv8T.', NULL, NULL, NULL, NULL, NULL, NULL, NULL, NULL, NULL, NULL, NULL, NULL, NULL, '2024-12-13 03:04:21', '2024-12-13 03:04:21'),
(478, 'Rubye Sanford I', 'frami.samanta@example.com', NULL, '$2y$12$7m9796cCgS5H/JP9dDKIfenylgKlgswhyemBoxacK8rk9aDoDI9lS', NULL, NULL, NULL, NULL, NULL, NULL, NULL, NULL, NULL, NULL, NULL, NULL, NULL, '2024-12-13 03:04:21', '2024-12-13 03:04:21'),
(479, 'Dell Braun DDS', 'newell.ullrich@example.net', NULL, '$2y$12$MptnXBzrT8Vs54kHSsvS8eN2SEYfwaFee1skyuOttcJeUr5ZOQeiu', NULL, NULL, NULL, NULL, NULL, NULL, NULL, NULL, NULL, NULL, NULL, NULL, NULL, '2024-12-13 03:04:22', '2024-12-13 03:04:22'),
(480, 'Mina Feeney', 'estevan.schuster@example.org', NULL, '$2y$12$TI0r5khZefzSX5Hv9n9/dOOZk7NEx.FkwJV3hKQhuXMESaGkfdDFC', NULL, NULL, NULL, NULL, NULL, NULL, NULL, NULL, NULL, NULL, NULL, NULL, NULL, '2024-12-13 03:04:22', '2024-12-13 03:04:22'),
(481, 'Sydnee Welch', 'kolby.thiel@example.net', NULL, '$2y$12$Y4sXoFKmheyPd2K/FEWWB.606RmWPggV0kifDHEIt0IVtyXbhOzLW', NULL, NULL, NULL, NULL, NULL, NULL, NULL, NULL, NULL, NULL, NULL, NULL, NULL, '2024-12-13 03:04:22', '2024-12-13 03:04:22'),
(482, 'Dr. Kay Leuschke', 'karolann84@example.com', NULL, '$2y$12$/X1BTyrxdPADjELxPQvWC.pNuoDb9bT5YPPBzz/Om3I6U.79ErJEq', NULL, NULL, NULL, NULL, NULL, NULL, NULL, NULL, NULL, NULL, NULL, NULL, NULL, '2024-12-13 03:04:22', '2024-12-13 03:04:22'),
(483, 'Mr. Lorenz Williamson DVM', 'gusikowski.flossie@example.com', NULL, '$2y$12$EqohGJGdEJ5wSFuc7yepje8qlQBsEoWR5Rv9nyK0tUhI3AOwKk3bu', NULL, NULL, NULL, NULL, NULL, NULL, NULL, NULL, NULL, NULL, NULL, NULL, NULL, '2024-12-13 03:04:23', '2024-12-13 03:04:23'),
(484, 'Cleora Ratke', 'erika.lang@example.net', NULL, '$2y$12$FQLs4aBxyJvAV/.vrGy/ke6P8NGMu0CMhsPyE4Zuk.hnLzRSNnsU2', NULL, NULL, NULL, NULL, NULL, NULL, NULL, NULL, NULL, NULL, NULL, NULL, NULL, '2024-12-13 03:04:23', '2024-12-13 03:04:23'),
(485, 'Miss Magdalena Bailey PhD', 'dakota49@example.org', NULL, '$2y$12$NYxdHNBaD9Rtn2v97lMKDuwebIeM8tRMWgbbAd0soz4PoMvGYEjhq', NULL, NULL, NULL, NULL, NULL, NULL, NULL, NULL, NULL, NULL, NULL, NULL, NULL, '2024-12-13 03:04:23', '2024-12-13 03:04:23'),
(486, 'Talon Treutel', 'jdonnelly@example.com', NULL, '$2y$12$3sDQKKitlqkQ0/l638lm3..qpRV.6RFNFJb0y278IjLRD0rYDw7ZK', NULL, NULL, NULL, NULL, NULL, NULL, NULL, NULL, NULL, NULL, NULL, NULL, NULL, '2024-12-13 03:04:23', '2024-12-13 03:04:23'),
(487, 'Lenny Weber', 'jschamberger@example.com', NULL, '$2y$12$cEgDROmjIbuXj9YZX0CaQu.NUqqQc.RN3Mildu0Yy12c4dNt7RJxW', NULL, NULL, NULL, NULL, NULL, NULL, NULL, NULL, NULL, NULL, NULL, NULL, NULL, '2024-12-13 03:04:23', '2024-12-13 03:04:23'),
(488, 'Ms. Berneice Reichert', 'britney.bailey@example.org', NULL, '$2y$12$JmvTWajGoAdrO/eiamVeluwITXd0PAHKjOSscKNQN/g01w4Vp6Cdq', NULL, NULL, NULL, NULL, NULL, NULL, NULL, NULL, NULL, NULL, NULL, NULL, NULL, '2024-12-13 03:04:24', '2024-12-13 03:04:24'),
(489, 'Davon Schultz', 'frodriguez@example.net', NULL, '$2y$12$RulgxOEvsTRKHEHsYbjuvucxOP1trM0.mKK6FL.yA9ukXu0bbYg/m', NULL, NULL, NULL, NULL, NULL, NULL, NULL, NULL, NULL, NULL, NULL, NULL, NULL, '2024-12-13 03:04:24', '2024-12-13 03:04:24'),
(490, 'Miss Lenora Hammes I', 'winifred.rogahn@example.org', NULL, '$2y$12$Wvq7fjEmyd0rv20XLHd6v.cbo1i.PduYLIo8R0N6fNnlg8xzlZuFC', NULL, NULL, NULL, NULL, NULL, NULL, NULL, NULL, NULL, NULL, NULL, NULL, NULL, '2024-12-13 03:04:24', '2024-12-13 03:04:24'),
(491, 'Moises Kub', 'ruecker.donavon@example.com', NULL, '$2y$12$slzqc1ZlT9Ayqhgtc3oMFOxORm90u6PRctbmmQ74z.D.hK13yqukS', NULL, NULL, NULL, NULL, NULL, NULL, NULL, NULL, NULL, NULL, NULL, NULL, NULL, '2024-12-13 03:04:24', '2024-12-13 03:04:24'),
(492, 'Lily Powlowski', 'gwen03@example.net', NULL, '$2y$12$yslwu5QZPiisEbRUX0CPyOFb2U.V5iG9jH6NkC7nq9z4OxmPmoH5i', NULL, NULL, NULL, NULL, NULL, NULL, NULL, NULL, NULL, NULL, NULL, NULL, NULL, '2024-12-13 03:04:25', '2024-12-13 03:04:25'),
(493, 'Lloyd Thompson', 'danika.turner@example.org', NULL, '$2y$12$JSuOEtJH6QtT7Hc2g51uJOxALVubefZxciP7UtEL/AKWR0o55IX8O', NULL, NULL, NULL, NULL, NULL, NULL, NULL, NULL, NULL, NULL, NULL, NULL, NULL, '2024-12-13 03:04:25', '2024-12-13 03:04:25'),
(494, 'Abraham Howe', 'alene22@example.com', NULL, '$2y$12$mhx62euCFfl5y0grkWSHS.BSloBRrwkI4hOPNQEJ4V8qvY8YZegmS', NULL, NULL, NULL, NULL, NULL, NULL, NULL, NULL, NULL, NULL, NULL, NULL, NULL, '2024-12-13 03:04:25', '2024-12-13 03:04:25'),
(495, 'Sincere Bergnaum', 'erdman.braeden@example.net', NULL, '$2y$12$ZSgOlY6niHLkaqko5RV4eeYWKXmaNPQFu2y6dPNQRhuVH3FvkBiPi', NULL, NULL, NULL, NULL, NULL, NULL, NULL, NULL, NULL, NULL, NULL, NULL, NULL, '2024-12-13 03:04:25', '2024-12-13 03:04:25'),
(496, 'Elenora Connelly', 'jolie71@example.net', NULL, '$2y$12$0MUMpGsu4lHLC79QScD22uezik8n9FGhN0FH2GR1aWZch9SouRPqi', NULL, NULL, NULL, NULL, NULL, NULL, NULL, NULL, NULL, NULL, NULL, NULL, NULL, '2024-12-13 03:04:26', '2024-12-13 03:04:26'),
(497, 'Jarrett Effertz', 'bruen.andreanne@example.net', NULL, '$2y$12$0ArLCciDMQdafFm0slsFvOJJh.NZ8mJWbamIc018.7Hqi4X7l0lES', NULL, NULL, NULL, NULL, NULL, NULL, NULL, NULL, NULL, NULL, NULL, NULL, NULL, '2024-12-13 03:04:26', '2024-12-13 03:04:26'),
(498, 'Ashlee Rempel', 'ebba54@example.net', NULL, '$2y$12$vIA6eei8lOvgXUYOrFzHruAcW6JfYGjdHAIk.QqpxzCONBEx4/ZF.', NULL, NULL, NULL, NULL, NULL, NULL, NULL, NULL, NULL, NULL, NULL, NULL, NULL, '2024-12-13 03:04:26', '2024-12-13 03:04:26'),
(499, 'Dorris Dibbert', 'edmond.rutherford@example.net', NULL, '$2y$12$gCTGqI1JhnZv1jV2JWWrTOHjFmsO13fx.NtWD7iYJuEOTHfrzMFf.', NULL, NULL, NULL, NULL, NULL, NULL, NULL, NULL, NULL, NULL, NULL, NULL, NULL, '2024-12-13 03:04:26', '2024-12-13 03:04:26'),
(500, 'Vivian Kutch V', 'bobby26@example.net', NULL, '$2y$12$IbVylAd5HgWgn2AauTPFmuqYxEVUXECSSf/bwWOLaIBHqI8ZBmlZG', NULL, NULL, NULL, NULL, NULL, NULL, NULL, NULL, NULL, NULL, NULL, NULL, NULL, '2024-12-13 03:04:26', '2024-12-13 03:04:26'),
(501, 'Ernest Hamill DDS', 'lorna64@example.com', NULL, '$2y$12$1F7HbusyYAC.ID6KSUHTuOS6YyjGpATr6PvQqtBqyDntRTP.zJp/u', NULL, NULL, NULL, NULL, NULL, NULL, NULL, NULL, NULL, NULL, NULL, NULL, NULL, '2024-12-13 03:04:27', '2024-12-13 03:04:27'),
(502, 'Dr. Freida Goodwin MD', 'theresa.kunze@example.net', NULL, '$2y$12$Ix1vTZq4JJ7up5t/YQOqI.lBbzN8yljWPO0csTKtrE/f5y936HPka', NULL, NULL, NULL, NULL, NULL, NULL, NULL, NULL, NULL, NULL, NULL, NULL, NULL, '2024-12-13 03:04:27', '2024-12-13 03:04:27'),
(503, 'Chesley Kozey', 'jwill@example.org', NULL, '$2y$12$JLcB49PKcwbvtQBOExxOf.VncNjK4AefldXf.06lac3J691KWl6Tm', NULL, NULL, NULL, NULL, NULL, NULL, NULL, NULL, NULL, NULL, NULL, NULL, NULL, '2024-12-13 03:04:27', '2024-12-13 03:04:27'),
(504, 'Prof. Tyson Hoppe', 'brycen31@example.net', NULL, '$2y$12$.Z0S1S4LbYJ8hrq9lcfItei4yF5Wk6CQxHY7nAMym6bL2pEE4PYum', NULL, NULL, NULL, NULL, NULL, NULL, NULL, NULL, NULL, NULL, NULL, NULL, NULL, '2024-12-13 03:04:27', '2024-12-13 03:04:27'),
(505, 'Imelda Pfeffer', 'aklocko@example.net', NULL, '$2y$12$rc20N/j0c9GpCDcdHlh2XOy74Iwt7INFdXj8MnKMcxzqhy0PFLDQO', NULL, NULL, NULL, NULL, NULL, NULL, NULL, NULL, NULL, NULL, NULL, NULL, NULL, '2024-12-13 03:04:28', '2024-12-13 03:04:28'),
(506, 'Veda Gutmann', 'niko.kuvalis@example.com', NULL, '$2y$12$5Q9RfPIiksWxvSNo2eO72uFF35lz0t6S4RXugyQctVutLy3sMK.Bq', NULL, NULL, NULL, NULL, NULL, NULL, NULL, NULL, NULL, NULL, NULL, NULL, NULL, '2024-12-13 03:04:28', '2024-12-13 03:04:28'),
(507, 'Stan Heidenreich', 'aheathcote@example.org', NULL, '$2y$12$u.v.tE2QBbHuEzwk7B2U.OaHZH7i2DHGiHQZqZH2mRSQU81kOvxMG', NULL, NULL, NULL, NULL, NULL, NULL, NULL, NULL, NULL, NULL, NULL, NULL, NULL, '2024-12-13 03:04:28', '2024-12-13 03:04:28'),
(508, 'Miss Naomie Hickle DVM', 'beer.otis@example.com', NULL, '$2y$12$b0fgOTxAGXVLnlqIvRM7W.o6/OuhlWZE9yvPvtcFuU1.0trQvDn5K', NULL, NULL, NULL, NULL, NULL, NULL, NULL, NULL, NULL, NULL, NULL, NULL, NULL, '2024-12-13 03:04:28', '2024-12-13 03:04:28'),
(509, 'Mrs. Kendra Cassin', 'gulgowski.ottilie@example.net', NULL, '$2y$12$rdMpt2VipWLVrkZg9sK/kOQrhS4KL7BJBbTNxdcS3YqbXFAR6a9zG', NULL, NULL, NULL, NULL, NULL, NULL, NULL, NULL, NULL, NULL, NULL, NULL, NULL, '2024-12-13 03:04:29', '2024-12-13 03:04:29'),
(510, 'Tobin Rutherford', 'kswaniawski@example.org', NULL, '$2y$12$M4JVOefPglK2rrzC171Huu4I00Ukxiut.QtQeKR6CnrEfMreMwYKO', NULL, NULL, NULL, NULL, NULL, NULL, NULL, NULL, NULL, NULL, NULL, NULL, NULL, '2024-12-13 03:04:29', '2024-12-13 03:04:29'),
(511, 'Sarah Bashirian', 'qweimann@example.com', NULL, '$2y$12$4ynRCC7LhQbt44XzVu3dRuxnQHDaVrX4vR9YdqNS5n7TQKGbfucIu', NULL, NULL, NULL, NULL, NULL, NULL, NULL, NULL, NULL, NULL, NULL, NULL, NULL, '2024-12-13 03:04:29', '2024-12-13 03:04:29'),
(512, 'Mohammad Heathcote', 'wyman.hildegard@example.com', NULL, '$2y$12$lvFHUSKbMozneZqFvKmKSuH8YX0uZxnAtu0Kj2aTBi4.smdop3YUi', NULL, NULL, NULL, NULL, NULL, NULL, NULL, NULL, NULL, NULL, NULL, NULL, NULL, '2024-12-13 03:04:29', '2024-12-13 03:04:29'),
(513, 'Tremaine Deckow Jr.', 'tito.hoppe@example.net', NULL, '$2y$12$sEZP4LLk8Zd.qaLcWeQMh.3FGba5TVsl7L8UrL5ijjC9dzKJboycG', NULL, NULL, NULL, NULL, NULL, NULL, NULL, NULL, NULL, NULL, NULL, NULL, NULL, '2024-12-13 03:04:29', '2024-12-13 03:04:29'),
(514, 'Ms. Emelia Hessel V', 'emilio17@example.org', NULL, '$2y$12$zEstxKsyPPWZgK9NVgtArONrCNo8Z6qX0QGWTk3iLRQlJcXDmGvJq', NULL, NULL, NULL, NULL, NULL, NULL, NULL, NULL, NULL, NULL, NULL, NULL, NULL, '2024-12-13 03:04:30', '2024-12-13 03:04:30'),
(515, 'Juvenal Moen', 'alexys70@example.org', NULL, '$2y$12$Satf1ZiSRJ/Ry0Q7AJ/hpe70B5nUVXQTY9B/QqdvWe7vIBSwGJnsa', NULL, NULL, NULL, NULL, NULL, NULL, NULL, NULL, NULL, NULL, NULL, NULL, NULL, '2024-12-13 03:04:30', '2024-12-13 03:04:30'),
(516, 'Queen Raynor', 'zturcotte@example.com', NULL, '$2y$12$WS2pFICSsx/ORgyuORthz.sG0MwMMW20r9Cd5hqCg2f4pTqE2egAW', NULL, NULL, NULL, NULL, NULL, NULL, NULL, NULL, NULL, NULL, NULL, NULL, NULL, '2024-12-13 03:04:30', '2024-12-13 03:04:30'),
(517, 'Chyna Watsica Jr.', 'anderson.vivienne@example.org', NULL, '$2y$12$n5/A9tzH/x8PE.KnGJT5Y.ajkO/OW6q4xHJXSKaFthKr.ChD5pkye', NULL, NULL, NULL, NULL, NULL, NULL, NULL, NULL, NULL, NULL, NULL, NULL, NULL, '2024-12-13 03:04:30', '2024-12-13 03:04:30'),
(518, 'Ernestina Bogisich', 'elody63@example.net', NULL, '$2y$12$tbvIbMYBs1HtqSGE/BSove7l7e2ZJOA/Rc1WAXf8zxerLiBUEmEyi', NULL, NULL, NULL, NULL, NULL, NULL, NULL, NULL, NULL, NULL, NULL, NULL, NULL, '2024-12-13 03:04:31', '2024-12-13 03:04:31'),
(519, 'Elias Nader', 'malinda.russel@example.net', NULL, '$2y$12$YkgcF3UXXif3uORLt.vWHeX14k/kcgNONXE72abc2stVzT/F8Plki', NULL, NULL, NULL, NULL, NULL, NULL, NULL, NULL, NULL, NULL, NULL, NULL, NULL, '2024-12-13 03:04:31', '2024-12-13 03:04:31'),
(520, 'Clinton Eichmann', 'brown.josephine@example.com', NULL, '$2y$12$mBTAzdylsC3y.KCmKxifGurpUuUquQVQXbFGFDDdcFDzu9HU5R1RW', NULL, NULL, NULL, NULL, NULL, NULL, NULL, NULL, NULL, NULL, NULL, NULL, NULL, '2024-12-13 03:04:31', '2024-12-13 03:04:31'),
(521, 'Caitlyn Kub', 'ldavis@example.net', NULL, '$2y$12$gW7LmGcEU8qom5rrylJPc.w2zN5yv3FSF5.bxZWRsr6LdFD2a7KDC', NULL, NULL, NULL, NULL, NULL, NULL, NULL, NULL, NULL, NULL, NULL, NULL, NULL, '2024-12-13 03:04:31', '2024-12-13 03:04:31'),
(522, 'Alfredo Bartell', 'meagan.kilback@example.net', NULL, '$2y$12$3ZfdYhbb8A5ycV7MiCfojuxluKfvQFTWVoeoqnX0NoozSBzKpkha2', NULL, NULL, NULL, NULL, NULL, NULL, NULL, NULL, NULL, NULL, NULL, NULL, NULL, '2024-12-13 03:04:32', '2024-12-13 03:04:32'),
(523, 'Earl Schmitt', 'bruen.emerald@example.com', NULL, '$2y$12$BQ.17lK73vNxzPnVxneuC.5O4MPc.FiqD9O4PmFgmoUJDk.y5dixy', NULL, NULL, NULL, NULL, NULL, NULL, NULL, NULL, NULL, NULL, NULL, NULL, NULL, '2024-12-13 03:04:32', '2024-12-13 03:04:32'),
(524, 'Alek Strosin', 'baby.jacobson@example.com', NULL, '$2y$12$D7.RZfyvyiL38b1l9Md2e.cBDqQauj63hn3cijobvh8V6ad.VOhgK', NULL, NULL, NULL, NULL, NULL, NULL, NULL, NULL, NULL, NULL, NULL, NULL, NULL, '2024-12-13 03:04:32', '2024-12-13 03:04:32'),
(525, 'Norval Medhurst', 'huel.brielle@example.net', NULL, '$2y$12$bF4A6UF.Aq9WuHPK4GOjbe6kyeluEZICmvxNy70VB7oVnKHTJMGyu', NULL, NULL, NULL, NULL, NULL, NULL, NULL, NULL, NULL, NULL, NULL, NULL, NULL, '2024-12-13 03:04:32', '2024-12-13 03:04:32'),
(526, 'Perry Fahey', 'kayla.wolf@example.net', NULL, '$2y$12$jQL04n.7csSTQr7N5KEgueM4HA11LVNV70MS8CCJ7ifVipryAnB9W', NULL, NULL, NULL, NULL, NULL, NULL, NULL, NULL, NULL, NULL, NULL, NULL, NULL, '2024-12-13 03:04:32', '2024-12-13 03:04:32'),
(527, 'Wilber Stiedemann', 'alayna92@example.org', NULL, '$2y$12$vmIE9NeNjABoM0ZtQ/4tkOUu2SJdVvIkF5CQgXBB2/Ha852AoHYHi', NULL, NULL, NULL, NULL, NULL, NULL, NULL, NULL, NULL, NULL, NULL, NULL, NULL, '2024-12-13 03:04:33', '2024-12-13 03:04:33'),
(528, 'Jennifer Bruen', 'marisol31@example.com', NULL, '$2y$12$26Fr2tr6yChTAIyi2Hn3PeU1wTy.M7CCxxrnrfoWM/tfre7g0GC7q', NULL, NULL, NULL, NULL, NULL, NULL, NULL, NULL, NULL, NULL, NULL, NULL, NULL, '2024-12-13 03:04:33', '2024-12-13 03:04:33'),
(529, 'Aracely Schultz', 'chaya75@example.net', NULL, '$2y$12$R3t0epGxWUX7l4G.n.cReOswGzX5qs6YAfKWTMgP7m7KRO2.k9hGO', NULL, NULL, NULL, NULL, NULL, NULL, NULL, NULL, NULL, NULL, NULL, NULL, NULL, '2024-12-13 03:04:33', '2024-12-13 03:04:33'),
(530, 'Tremaine Goldner', 'gislason.tommie@example.com', NULL, '$2y$12$pjP0GH9pVYUZRhooLBaDc.adX/E/JuOAVWSl8RE/kkCCOhS5wI92G', NULL, NULL, NULL, NULL, NULL, NULL, NULL, NULL, NULL, NULL, NULL, NULL, NULL, '2024-12-13 03:04:33', '2024-12-13 03:04:33'),
(531, 'Chanelle Wehner I', 'shields.abdiel@example.com', NULL, '$2y$12$8AupeRnZAVIikO3C5itJf.Of4HMAAefnrrPoz1wOULcsoO3yZDPLW', NULL, NULL, NULL, NULL, NULL, NULL, NULL, NULL, NULL, NULL, NULL, NULL, NULL, '2024-12-13 03:04:34', '2024-12-13 03:04:34'),
(532, 'Mrs. Yvette Carroll', 'cwaters@example.org', NULL, '$2y$12$DV9T97Yba.nzNRuDi6YXeex9TExLlclcm0taT.2N9/yVdaoUgF2My', NULL, NULL, NULL, NULL, NULL, NULL, NULL, NULL, NULL, NULL, NULL, NULL, NULL, '2024-12-13 03:04:34', '2024-12-13 03:04:34'),
(533, 'Henri Feil', 'gbernier@example.com', NULL, '$2y$12$SY7ty1sD8Tte3dGaLw5T1uaJSW3wcAi.VBrTVzKUNrg0QAqBGXeCS', NULL, NULL, NULL, NULL, NULL, NULL, NULL, NULL, NULL, NULL, NULL, NULL, NULL, '2024-12-13 03:04:34', '2024-12-13 03:04:34'),
(534, 'Prof. Favian Grady', 'oconner.hardy@example.org', NULL, '$2y$12$6g4Vc7Oir2aovzGxp6klqOfcARYg2vx/UBqFMa8i.T6WJYWFCfMBK', NULL, NULL, NULL, NULL, NULL, NULL, NULL, NULL, NULL, NULL, NULL, NULL, NULL, '2024-12-13 03:04:34', '2024-12-13 03:04:34'),
(535, 'Toni Johnson', 'fgoldner@example.org', NULL, '$2y$12$8bgnS2g9TCZuwkzqJnJqfe8/Co/9OGCrewDykf7MwtPUPuHNVyC62', NULL, NULL, NULL, NULL, NULL, NULL, NULL, NULL, NULL, NULL, NULL, NULL, NULL, '2024-12-13 03:04:35', '2024-12-13 03:04:35'),
(536, 'Christy Bosco MD', 'noble81@example.org', NULL, '$2y$12$sZkfxYlQuateHsCZlgD7KeXLBtkGn7jXJMLHT0.aXa1m8bXsvhaJe', NULL, NULL, NULL, NULL, NULL, NULL, NULL, NULL, NULL, NULL, NULL, NULL, NULL, '2024-12-13 03:04:35', '2024-12-13 03:04:35'),
(537, 'Anthony Waters', 'lebsack.shany@example.net', NULL, '$2y$12$ioCHl3/jv61nh29E.PtlBONGH4HvV3TmZF.Ts/VYqPxk6eTM0rmue', NULL, NULL, NULL, NULL, NULL, NULL, NULL, NULL, NULL, NULL, NULL, NULL, NULL, '2024-12-13 03:04:35', '2024-12-13 03:04:35'),
(538, 'Sam Buckridge', 'aerdman@example.com', NULL, '$2y$12$ksBFPUaAYp/mAQQzHYbbRuncvhayOW0Z1KoUechIBE/.wEcG1TZb.', NULL, NULL, NULL, NULL, NULL, NULL, NULL, NULL, NULL, NULL, NULL, NULL, NULL, '2024-12-13 03:04:35', '2024-12-13 03:04:35'),
(539, 'Dr. Lawrence Renner DDS', 'wheaney@example.org', NULL, '$2y$12$OnaMSR9s/eetves2KU3LE.1EO8.9LJ82coQIUg.H63TFEW11fle72', NULL, NULL, NULL, NULL, NULL, NULL, NULL, NULL, NULL, NULL, NULL, NULL, NULL, '2024-12-13 03:04:35', '2024-12-13 03:04:35'),
(540, 'Ms. Brisa Robel Jr.', 'simonis.damien@example.com', NULL, '$2y$12$uEKC4cI9Mb3aMdnO6Oo/0uB5dhAszhFQCbFSeXncd.NTsZT3Eztt6', NULL, NULL, NULL, NULL, NULL, NULL, NULL, NULL, NULL, NULL, NULL, NULL, NULL, '2024-12-13 03:04:36', '2024-12-13 03:04:36'),
(541, 'Ian Rempel', 'wbins@example.net', NULL, '$2y$12$zJRB6cj0pADsT9q6oGI.xu6NEHMLuyU1C2d89UyI.0N0JUzlBkoHe', NULL, NULL, NULL, NULL, NULL, NULL, NULL, NULL, NULL, NULL, NULL, NULL, NULL, '2024-12-13 03:04:36', '2024-12-13 03:04:36'),
(542, 'Melody Fritsch', 'daisha73@example.org', NULL, '$2y$12$sz3oRZyUIHGDR9eA9ZHP3emTnvSERGew7wGnV9r1dsu02lnHgoc8K', NULL, NULL, NULL, NULL, NULL, NULL, NULL, NULL, NULL, NULL, NULL, NULL, NULL, '2024-12-13 03:04:36', '2024-12-13 03:04:36'),
(543, 'Prof. Russ Powlowski', 'ritchie.barney@example.net', NULL, '$2y$12$ab4DJ3VHadMkl.13CLZ7L.CnzCXGQQ0xNurNG8tniMgEy5bCcXGV2', NULL, NULL, NULL, NULL, NULL, NULL, NULL, NULL, NULL, NULL, NULL, NULL, NULL, '2024-12-13 03:04:36', '2024-12-13 03:04:36'),
(544, 'Bernita Frami', 'brain.hahn@example.com', NULL, '$2y$12$JbXzh9E0LdWD4XkG3BxP7er142tgC/oJzIx1wjJDNS8Dmxm8pARcq', NULL, NULL, NULL, NULL, NULL, NULL, NULL, NULL, NULL, NULL, NULL, NULL, NULL, '2024-12-13 03:04:37', '2024-12-13 03:04:37'),
(545, 'Rhianna Wisozk', 'brock.murazik@example.com', NULL, '$2y$12$tgRBTvkiS1n6qcpSE6GnGeZj3lVtrtUF8Ba2o4Y7geSPZp5FMg60W', NULL, NULL, NULL, NULL, NULL, NULL, NULL, NULL, NULL, NULL, NULL, NULL, NULL, '2024-12-13 03:04:37', '2024-12-13 03:04:37'),
(546, 'Zelda Haley', 'sgleason@example.com', NULL, '$2y$12$6T6et5X5gbUnhG.hYflWxeRTy9EzNe/VFe075nSIGEls8AYxJ/zrm', NULL, NULL, NULL, NULL, NULL, NULL, NULL, NULL, NULL, NULL, NULL, NULL, NULL, '2024-12-13 03:04:37', '2024-12-13 03:04:37'),
(547, 'Lolita Predovic MD', 'udurgan@example.com', NULL, '$2y$12$p5xm3/LGi3cnaYN8M9tYfe0GdowpRuiLoyY4NjUO76dFYszpAJd6S', NULL, NULL, NULL, NULL, NULL, NULL, NULL, NULL, NULL, NULL, NULL, NULL, NULL, '2024-12-13 03:04:37', '2024-12-13 03:04:37'),
(548, 'Dr. Gregg Huels DVM', 'prohaska.david@example.org', NULL, '$2y$12$Mv5jBHa7Eq.d38nPyLfWqu.tejlTRpwcn9LQ/f1EJdxRU/xb.JCNa', NULL, NULL, NULL, NULL, NULL, NULL, NULL, NULL, NULL, NULL, NULL, NULL, NULL, '2024-12-13 03:04:38', '2024-12-13 03:04:38'),
(549, 'Evert Anderson', 'dzemlak@example.com', NULL, '$2y$12$uYQ1X61gT0g6VpkqgV.lNu6mg8EOBHkRiXXhBYmGW9k8LGcRxadjS', NULL, NULL, NULL, NULL, NULL, NULL, NULL, NULL, NULL, NULL, NULL, NULL, NULL, '2024-12-13 03:04:38', '2024-12-13 03:04:38'),
(550, 'Treva Walter', 'kris.pietro@example.net', NULL, '$2y$12$fNrQFafQqndpMBc4DLsGF.lw/947HCeC1xXubNw.DNdh.jmAZrZsS', NULL, NULL, NULL, NULL, NULL, NULL, NULL, NULL, NULL, NULL, NULL, NULL, NULL, '2024-12-13 03:04:38', '2024-12-13 03:04:38'),
(551, 'Merlin Aufderhar', 'stroman.trenton@example.com', NULL, '$2y$12$IXei2DrBLXKI2RQRlPA4XuO9D9pF7irfxqaojb/5QyfkrzJdZY8Mi', NULL, NULL, NULL, NULL, NULL, NULL, NULL, NULL, NULL, NULL, NULL, NULL, NULL, '2024-12-13 03:04:38', '2024-12-13 03:04:38'),
(552, 'Prof. Randall Lemke', 'spinka.carter@example.com', NULL, '$2y$12$v8ZHKxKgKDzj4iUHrMqWQOIlgWyFob5hKt.UNHdry0pdjh/8QlW0m', NULL, NULL, NULL, NULL, NULL, NULL, NULL, NULL, NULL, NULL, NULL, NULL, NULL, '2024-12-13 03:04:38', '2024-12-13 03:04:38'),
(553, 'Hayley Rolfson', 'tyrese00@example.com', NULL, '$2y$12$Bc46HRdpwc5k7VzAK57eEOlHyj6YahkoRg4kicHJYRJDIl1OsGH72', NULL, NULL, NULL, NULL, NULL, NULL, NULL, NULL, NULL, NULL, NULL, NULL, NULL, '2024-12-13 03:04:39', '2024-12-13 03:04:39'),
(554, 'Arthur Kohler', 'yvolkman@example.com', NULL, '$2y$12$kJNyUx9z1RwhbOapBQIpe.DDsJegPuSXoMLvwNpGMIrJlrPGwnRsu', NULL, NULL, NULL, NULL, NULL, NULL, NULL, NULL, NULL, NULL, NULL, NULL, NULL, '2024-12-13 03:04:39', '2024-12-13 03:04:39'),
(555, 'Sterling Hegmann', 'jessica68@example.net', NULL, '$2y$12$Dqwd0ioEgz7hK.H4JcxMt.19Qax4eyTwn4a6oWClD/3v8F5UQwJra', NULL, NULL, NULL, NULL, NULL, NULL, NULL, NULL, NULL, NULL, NULL, NULL, NULL, '2024-12-13 03:04:39', '2024-12-13 03:04:39'),
(556, 'Sonya Veum', 'jbecker@example.org', NULL, '$2y$12$Lcyefr3lau4bkrvq424hi.xDr1vlHNjuseYjm1jevo4U2PplfgfEC', NULL, NULL, NULL, NULL, NULL, NULL, NULL, NULL, NULL, NULL, NULL, NULL, NULL, '2024-12-13 03:04:39', '2024-12-13 03:04:39'),
(557, 'Amaya Hansen IV', 'tod.cremin@example.net', NULL, '$2y$12$q/hyuut0lR/980bP8lxHs.FQOy8GjbEOOlWv0YA7FF4DZsi6NyjA2', NULL, NULL, NULL, NULL, NULL, NULL, NULL, NULL, NULL, NULL, NULL, NULL, NULL, '2024-12-13 03:04:40', '2024-12-13 03:04:40'),
(558, 'Mrs. Delphia Breitenberg', 'brandyn36@example.org', NULL, '$2y$12$.jR5/4cnm3BaKHkJLGv72.aLSx/7J528D0KHtmuzFHfhXaofpBm6y', NULL, NULL, NULL, NULL, NULL, NULL, NULL, NULL, NULL, NULL, NULL, NULL, NULL, '2024-12-13 03:04:40', '2024-12-13 03:04:40'),
(559, 'Felipa Ondricka', 'holly60@example.org', NULL, '$2y$12$fGo8I9NKsA0xPtETx6WGuu6U52OOh6AnFr/IvCBkbRvFLwlSlTD7i', NULL, NULL, NULL, NULL, NULL, NULL, NULL, NULL, NULL, NULL, NULL, NULL, NULL, '2024-12-13 03:04:40', '2024-12-13 03:04:40'),
(560, 'Dorris Monahan', 'hackett.martin@example.net', NULL, '$2y$12$iqU6/fX7h59kFPPWZTFGHOJPRUcgJSR7W8mTMcy7KVeOIlzBX1mbe', NULL, NULL, NULL, NULL, NULL, NULL, NULL, NULL, NULL, NULL, NULL, NULL, NULL, '2024-12-13 03:04:40', '2024-12-13 03:04:40'),
(561, 'Mrs. Lavonne Bins', 'breitenberg.glennie@example.net', NULL, '$2y$12$Ci35f1vvsizlj8JWi76j6.CyqWc6V7DxtBAWLwe7tmydlTT7iJjm2', NULL, NULL, NULL, NULL, NULL, NULL, NULL, NULL, NULL, NULL, NULL, NULL, NULL, '2024-12-13 03:04:41', '2024-12-13 03:04:41'),
(562, 'Clotilde Pagac', 'altenwerth.julian@example.net', NULL, '$2y$12$v.MbGY9AssJklYnpFR55l.TUub1b1Q3etOKAok6dpYX0drZJpLDs6', NULL, NULL, NULL, NULL, NULL, NULL, NULL, NULL, NULL, NULL, NULL, NULL, NULL, '2024-12-13 03:04:41', '2024-12-13 03:04:41'),
(563, 'Karley Veum', 'austyn.yundt@example.com', NULL, '$2y$12$89324F7mkZublLK93aNhw.UTZhuR3cvQEeZwegbbOVV9WpNakWsuu', NULL, NULL, NULL, NULL, NULL, NULL, NULL, NULL, NULL, NULL, NULL, NULL, NULL, '2024-12-13 03:04:41', '2024-12-13 03:04:41'),
(564, 'Florian Friesen', 'tom95@example.net', NULL, '$2y$12$nph4dgSYiX4MWVq/qKJszeKy1qRpumKVPOmtXWDahozTpp1ZJxJ/y', NULL, NULL, NULL, NULL, NULL, NULL, NULL, NULL, NULL, NULL, NULL, NULL, NULL, '2024-12-13 03:04:41', '2024-12-13 03:04:41'),
(565, 'Mrs. Sierra Hansen', 'spencer.lila@example.com', NULL, '$2y$12$HIqgCdSxbIVEW4TE3G3R0uiR34K9JYZbYfWrWBpUEvLySUPZsxLv6', NULL, NULL, NULL, NULL, NULL, NULL, NULL, NULL, NULL, NULL, NULL, NULL, NULL, '2024-12-13 03:04:42', '2024-12-13 03:04:42'),
(566, 'Darwin Nitzsche', 'mitchel06@example.com', NULL, '$2y$12$IWXAWr0zf4LKELtCABf.tea4TyHVERhDsWY8g2T5S5OwKT2w1U7/K', NULL, NULL, NULL, NULL, NULL, NULL, NULL, NULL, NULL, NULL, NULL, NULL, NULL, '2024-12-13 03:04:42', '2024-12-13 03:04:42'),
(567, 'Dr. Tianna Lynch', 'kirstin.altenwerth@example.org', NULL, '$2y$12$1PS7aeLlSuRoU5LgLq6wVutTvtpxYIZOGhVA2IWm0rUZyEaB8V03e', NULL, NULL, NULL, NULL, NULL, NULL, NULL, NULL, NULL, NULL, NULL, NULL, NULL, '2024-12-13 03:04:42', '2024-12-13 03:04:42'),
(568, 'Genevieve Reinger', 'johanna17@example.com', NULL, '$2y$12$Ix/kDHW9dmMQHgh/3d0caeSP9bwb1SArApvWd5b5bmBBvfBvXV9NK', NULL, NULL, NULL, NULL, NULL, NULL, NULL, NULL, NULL, NULL, NULL, NULL, NULL, '2024-12-13 03:04:42', '2024-12-13 03:04:42'),
(569, 'Cristina Schuster II', 'serena.lang@example.net', NULL, '$2y$12$TWqaXaRV55xE4ntqAR6oy.NH0bgknzJe.MqJy155mxu8g95o8PG.a', NULL, NULL, NULL, NULL, NULL, NULL, NULL, NULL, NULL, NULL, NULL, NULL, NULL, '2024-12-13 03:04:43', '2024-12-13 03:04:43'),
(570, 'Scotty Mertz', 'hoyt.predovic@example.net', NULL, '$2y$12$LK9seWWrTxI6Pqa9AkyRmO7Wu0K/Z8cWmz7KPegn2wGMwCUH/YgyC', NULL, NULL, NULL, NULL, NULL, NULL, NULL, NULL, NULL, NULL, NULL, NULL, NULL, '2024-12-13 03:04:43', '2024-12-13 03:04:43'),
(571, 'Dr. Archibald Lebsack MD', 'katherine.romaguera@example.org', NULL, '$2y$12$LjUuLNPv/dwuOXxDLsaBluXLkNBakjfb9jWxMBYQFEARVHQ6.nFze', NULL, NULL, NULL, NULL, NULL, NULL, NULL, NULL, NULL, NULL, NULL, NULL, NULL, '2024-12-13 03:04:43', '2024-12-13 03:04:43'),
(572, 'Mose Champlin', 'tommie97@example.com', NULL, '$2y$12$GjHVadryDdLT0kjF8LlK0OE0yGfFuzXWQi5tzzK.dq7uxUe2YBlVK', NULL, NULL, NULL, NULL, NULL, NULL, NULL, NULL, NULL, NULL, NULL, NULL, NULL, '2024-12-13 03:04:44', '2024-12-13 03:04:44'),
(573, 'Jovanny Tremblay DVM', 'jacobi.emerson@example.com', NULL, '$2y$12$SB/lO.7k9XXUUYV6.fhEPe9I.iaqgsBcOSCET.nwM/oePZYO8O2QG', NULL, NULL, NULL, NULL, NULL, NULL, NULL, NULL, NULL, NULL, NULL, NULL, NULL, '2024-12-13 03:04:44', '2024-12-13 03:04:44'),
(574, 'Hope Franecki', 'aziemann@example.org', NULL, '$2y$12$qnmurBjSrbV336uezxRTueTzJYmLwkVqHWd.L.hHkefSjDeXU.bxC', NULL, NULL, NULL, NULL, NULL, NULL, NULL, NULL, NULL, NULL, NULL, NULL, NULL, '2024-12-13 03:04:45', '2024-12-13 03:04:45'),
(575, 'Scarlett Sauer MD', 'grimes.presley@example.com', NULL, '$2y$12$nN/.Y0LJc9EODtXf4ot5i.FDkqhq646Q7vQye/dpiXzhP8PKo828K', NULL, NULL, NULL, NULL, NULL, NULL, NULL, NULL, NULL, NULL, NULL, NULL, NULL, '2024-12-13 03:04:45', '2024-12-13 03:04:45'),
(576, 'River Hammes', 'wiley32@example.com', NULL, '$2y$12$Wpc3Tm/NNfE3oNpnr3mSoegep/UTMZgdkcRRWstrkAgtRx8kFkg7q', NULL, NULL, NULL, NULL, NULL, NULL, NULL, NULL, NULL, NULL, NULL, NULL, NULL, '2024-12-13 03:04:45', '2024-12-13 03:04:45'),
(577, 'Serena Williamson', 'liam90@example.com', NULL, '$2y$12$2IkilBx/2WQv9s9is7okweoisrAfGHB9hkHxbzJot2hqnhjK15ify', NULL, NULL, NULL, NULL, NULL, NULL, NULL, NULL, NULL, NULL, NULL, NULL, NULL, '2024-12-13 03:04:46', '2024-12-13 03:04:46'),
(578, 'Dorothy McClure', 'rickey.langosh@example.net', NULL, '$2y$12$lrg455EI21voOilT8F8j7OiWtfNy6yYSInzWc/b45xZUk942P9EO6', NULL, NULL, NULL, NULL, NULL, NULL, NULL, NULL, NULL, NULL, NULL, NULL, NULL, '2024-12-13 03:04:46', '2024-12-13 03:04:46'),
(579, 'Otilia Brown', 'lschinner@example.net', NULL, '$2y$12$QbOqRJU2sE146m.tBhSWkuG11dpGlTPFFqt8lvFl3GXyw947uUsa6', NULL, NULL, NULL, NULL, NULL, NULL, NULL, NULL, NULL, NULL, NULL, NULL, NULL, '2024-12-13 03:04:46', '2024-12-13 03:04:46'),
(580, 'Clara Gleason', 'thompson.adela@example.com', NULL, '$2y$12$Qi9pQyMIOjSSzWt7m9GgROlEWpVe6w9Wwi2FoHr15.fi7q50h.x9.', NULL, NULL, NULL, NULL, NULL, NULL, NULL, NULL, NULL, NULL, NULL, NULL, NULL, '2024-12-13 03:04:46', '2024-12-13 03:04:46'),
(581, 'Miss Lessie Walker MD', 'eladio.cartwright@example.org', NULL, '$2y$12$FaU01damOcjwfiKtw2op/Oe6VRM.kNfSkC3XJJA8EFtOIFgM7gpi.', NULL, NULL, NULL, NULL, NULL, NULL, NULL, NULL, NULL, NULL, NULL, NULL, NULL, '2024-12-13 03:04:47', '2024-12-13 03:04:47'),
(582, 'Christopher Wuckert', 'zarmstrong@example.net', NULL, '$2y$12$A4Am1jwmYi/Mgne.w0Oep.glc1mnFEUvJVVoefjfRTZ9L1QQrLouG', NULL, NULL, NULL, NULL, NULL, NULL, NULL, NULL, NULL, NULL, NULL, NULL, NULL, '2024-12-13 03:04:47', '2024-12-13 03:04:47'),
(583, 'Kylee Quitzon V', 'boyer.anya@example.net', NULL, '$2y$12$wmW/oV2JH2lkShUvyPcqROa18h3YO3S5t.TavSpAIpv4P0xWhCs1m', NULL, NULL, NULL, NULL, NULL, NULL, NULL, NULL, NULL, NULL, NULL, NULL, NULL, '2024-12-13 03:04:47', '2024-12-13 03:04:47'),
(584, 'Mr. Foster Streich III', 'zspencer@example.com', NULL, '$2y$12$LgSzUwPAxfgiJnc2URzhW.gphD7Y7zWhoWsmfElERHOMSJKHQL1Wq', NULL, NULL, NULL, NULL, NULL, NULL, NULL, NULL, NULL, NULL, NULL, NULL, NULL, '2024-12-13 03:04:47', '2024-12-13 03:04:47'),
(585, 'Mr. Paris Doyle II', 'herman.annetta@example.net', NULL, '$2y$12$T8R9eq2dbRjcFIvFJGSRCub12DLhd6sCMIhlv15C9Lvt1yFnB6MpG', NULL, NULL, NULL, NULL, NULL, NULL, NULL, NULL, NULL, NULL, NULL, NULL, NULL, '2024-12-13 03:04:47', '2024-12-13 03:04:47'),
(586, 'Sadie Rempel', 'ronny.waters@example.com', NULL, '$2y$12$TVaFFHRSrVNlZphlKmD0d.43M5tVgMJiha2tyv2SUZF/NsR9khQny', NULL, NULL, NULL, NULL, NULL, NULL, NULL, NULL, NULL, NULL, NULL, NULL, NULL, '2024-12-13 03:04:48', '2024-12-13 03:04:48'),
(587, 'Berneice Boyer', 'emmy17@example.com', NULL, '$2y$12$VDOdqYSuA0dtti.oOgoapuzinW2KgIIib9V7hrFtKyrp9HVhlZJ5W', NULL, NULL, NULL, NULL, NULL, NULL, NULL, NULL, NULL, NULL, NULL, NULL, NULL, '2024-12-13 03:04:48', '2024-12-13 03:04:48'),
(588, 'Caden Quitzon Sr.', 'hstoltenberg@example.net', NULL, '$2y$12$rhUxMUwb9IT0qftQp1K8iuF5yaYlqOpo.NMXT4MN2ylnSWFOAmy1u', NULL, NULL, NULL, NULL, NULL, NULL, NULL, NULL, NULL, NULL, NULL, NULL, NULL, '2024-12-13 03:04:48', '2024-12-13 03:04:48'),
(589, 'Georgette Price', 'shawna77@example.org', NULL, '$2y$12$capLkA0q3RyZB2.//haRdeVOzpv3lk9BlcikgzM8uahu3/XDSGIuO', NULL, NULL, NULL, NULL, NULL, NULL, NULL, NULL, NULL, NULL, NULL, NULL, NULL, '2024-12-13 03:04:48', '2024-12-13 03:04:48'),
(590, 'Dewayne Nienow', 'derek.kuphal@example.net', NULL, '$2y$12$lVClcpwI5p2tAfuoY8Y5nO9ZY8yi0KkEO5x025ioc7ZKIi2HoKAa6', NULL, NULL, NULL, NULL, NULL, NULL, NULL, NULL, NULL, NULL, NULL, NULL, NULL, '2024-12-13 03:04:49', '2024-12-13 03:04:49'),
(591, 'Earnestine Heathcote', 'theron89@example.net', NULL, '$2y$12$XmmGjFkl.OfnQp0l51ou6.JeB.axwaYQQHJRC1a.mGv1SuM6/hAzG', NULL, NULL, NULL, NULL, NULL, NULL, NULL, NULL, NULL, NULL, NULL, NULL, NULL, '2024-12-13 03:04:49', '2024-12-13 03:04:49'),
(592, 'Mr. Earnest Lemke', 'rosalia35@example.org', NULL, '$2y$12$lYWLAAjxyD0lbUXnemF1hOhig2Z6DjU02DnGykFFhag.4RhFiSJQ.', NULL, NULL, NULL, NULL, NULL, NULL, NULL, NULL, NULL, NULL, NULL, NULL, NULL, '2024-12-13 03:04:49', '2024-12-13 03:04:49'),
(593, 'Angelita Gorczany', 'schamberger.rodrick@example.org', NULL, '$2y$12$j7IPyOQBoTQkde76EkBz8eiuLyXJVBeq7nVoUY33LDYtTeOewpFmW', NULL, NULL, NULL, NULL, NULL, NULL, NULL, NULL, NULL, NULL, NULL, NULL, NULL, '2024-12-13 03:04:49', '2024-12-13 03:04:49'),
(594, 'Dr. Buddy Friesen V', 'bennie.schultz@example.com', NULL, '$2y$12$mBzFxJA7dRkbkwnVQPEvwuLvnTmlTZ2aNuchtOnsGakfAJR2jHq8K', NULL, NULL, NULL, NULL, NULL, NULL, NULL, NULL, NULL, NULL, NULL, NULL, NULL, '2024-12-13 03:04:50', '2024-12-13 03:04:50'),
(595, 'Allene Denesik', 'toberbrunner@example.com', NULL, '$2y$12$AHykI5MEoV37LXJAyHxH3Oi.8dzb6ShEdgWQvd.LmQjXwFLJ7oPqq', NULL, NULL, NULL, NULL, NULL, NULL, NULL, NULL, NULL, NULL, NULL, NULL, NULL, '2024-12-13 03:04:50', '2024-12-13 03:04:50'),
(596, 'Krista Quitzon', 'egusikowski@example.org', NULL, '$2y$12$d9bUGRqUriJ8towkWGTe/e3ZEAH.wRfSC0c66ym924s5ieDVZHs22', NULL, NULL, NULL, NULL, NULL, NULL, NULL, NULL, NULL, NULL, NULL, NULL, NULL, '2024-12-13 03:04:50', '2024-12-13 03:04:50'),
(597, 'Danielle Von', 'deckow.reina@example.org', NULL, '$2y$12$UuLd30oETbNd19dvYZaBQOfT5nQ.pBZN7zkh4jzIRmZOexAi8Hyp6', NULL, NULL, NULL, NULL, NULL, NULL, NULL, NULL, NULL, NULL, NULL, NULL, NULL, '2024-12-13 03:04:50', '2024-12-13 03:04:50'),
(598, 'Velda Nader', 'harmony.walker@example.com', NULL, '$2y$12$H/18aXg5J7tk5dDPTIxhsesKTFY9LT90W8C2ZfuDFBaEdbers7hia', NULL, NULL, NULL, NULL, NULL, NULL, NULL, NULL, NULL, NULL, NULL, NULL, NULL, '2024-12-13 03:04:50', '2024-12-13 03:04:50'),
(599, 'Prof. Max Fay', 'koepp.archibald@example.com', NULL, '$2y$12$XYPOrUdLDmfT6rW68yVE3em/te7V5ZdQweu3DIFQc14nUnc3JYie2', NULL, NULL, NULL, NULL, NULL, NULL, NULL, NULL, NULL, NULL, NULL, NULL, NULL, '2024-12-13 03:04:51', '2024-12-13 03:04:51'),
(600, 'Willa Stehr DVM', 'flatley.derek@example.com', NULL, '$2y$12$Ix.HI.H911XuTPpoQTNPPurUN8QNs7J8pdBrJBun7hPF.AuVYEINe', NULL, NULL, NULL, NULL, NULL, NULL, NULL, NULL, NULL, NULL, NULL, NULL, NULL, '2024-12-13 03:04:51', '2024-12-13 03:04:51'),
(601, 'Paolo Konopelski', 'gregory.mcdermott@example.com', NULL, '$2y$12$hjgYO5B8DH9TAcl5LKprFOiX4YXckwUEacavkH2xtE/4P5ubWgZXC', NULL, NULL, NULL, NULL, NULL, NULL, NULL, NULL, NULL, NULL, NULL, NULL, NULL, '2024-12-13 03:04:51', '2024-12-13 03:04:51'),
(602, 'Nels Kertzmann', 'marquise12@example.net', NULL, '$2y$12$QwipvdW59KBdHSkKq9lxXeNavk1qa7uEDYqEgEoeuNR97NN2UFJS.', NULL, NULL, NULL, NULL, NULL, NULL, NULL, NULL, NULL, NULL, NULL, NULL, NULL, '2024-12-13 03:04:51', '2024-12-13 03:04:51'),
(603, 'Mervin Schamberger', 'jazmyn.mcdermott@example.net', NULL, '$2y$12$QJpSRJ63lfDIJd83Gr.uZ.X6aXgdxWbdOepgWukLqF.B/6B6PNoQ.', NULL, NULL, NULL, NULL, NULL, NULL, NULL, NULL, NULL, NULL, NULL, NULL, NULL, '2024-12-13 03:04:52', '2024-12-13 03:04:52'),
(604, 'Dr. Arvilla Kemmer', 'summer.erdman@example.org', NULL, '$2y$12$.mDJdJeqB8CxgDx9iXRjwOQhVIidMCKA6fyHpX4hISPAGD4/5eQ1y', NULL, NULL, NULL, NULL, NULL, NULL, NULL, NULL, NULL, NULL, NULL, NULL, NULL, '2024-12-13 03:04:52', '2024-12-13 03:04:52'),
(605, 'Brennon Hintz III', 'efrain.corwin@example.net', NULL, '$2y$12$q863z9JyQIHvaBSTwVODEuJr5gL.xRb4FCOVNRgS1bmCKBkIxvtcy', NULL, NULL, NULL, NULL, NULL, NULL, NULL, NULL, NULL, NULL, NULL, NULL, NULL, '2024-12-13 03:04:52', '2024-12-13 03:04:52'),
(606, 'Carol Schaden DDS', 'zachery.von@example.com', NULL, '$2y$12$9IJWmddexjn2JbnZfFL3BeWL/DXS1EX6pONhjNq1BwR3ADESpnX/a', NULL, NULL, NULL, NULL, NULL, NULL, NULL, NULL, NULL, NULL, NULL, NULL, NULL, '2024-12-13 03:04:52', '2024-12-13 03:04:52'),
(607, 'Dario Mertz', 'cwaelchi@example.net', NULL, '$2y$12$lEn5oMKtVJMCbkdU0u3L0OOgvsZRqG64cynicqtGR5nBwtTH8OId6', NULL, NULL, NULL, NULL, NULL, NULL, NULL, NULL, NULL, NULL, NULL, NULL, NULL, '2024-12-13 03:04:53', '2024-12-13 03:04:53');
INSERT INTO `users` (`id`, `name`, `email`, `email_verified_at`, `password`, `two_factor_secret`, `two_factor_recovery_codes`, `two_factor_confirmed_at`, `date_of_birth`, `phone_number`, `address`, `city`, `state`, `zip_code`, `remember_token`, `current_team_id`, `profile_photo_path`, `deleted_at`, `created_at`, `updated_at`) VALUES
(608, 'Rey Lang', 'swaniawski.braulio@example.net', NULL, '$2y$12$ep2XJSYre7E3GC84TLDL3OmgnD/OyB9TJForDt8OrClYZZh7BajRG', NULL, NULL, NULL, NULL, NULL, NULL, NULL, NULL, NULL, NULL, NULL, NULL, NULL, '2024-12-13 03:04:53', '2024-12-13 03:04:53'),
(609, 'Ahmad Kuhic', 'soledad36@example.org', NULL, '$2y$12$ka8wUSFNMkjz2wMMBeOAJeezUa4A41cj.jeS0q1beXzuQbR05QWL6', NULL, NULL, NULL, NULL, NULL, NULL, NULL, NULL, NULL, NULL, NULL, NULL, NULL, '2024-12-13 03:04:53', '2024-12-13 03:04:53'),
(610, 'Jensen Donnelly', 'gibson.hoyt@example.org', NULL, '$2y$12$LZd6iEhydb9pqoC7dGMonerwhn495M3qhPyHihnTcWKdjtm6OOyYe', NULL, NULL, NULL, NULL, NULL, NULL, NULL, NULL, NULL, NULL, NULL, NULL, NULL, '2024-12-13 03:04:53', '2024-12-13 03:04:53'),
(611, 'Mrs. Abby Pouros', 'lue.nader@example.net', NULL, '$2y$12$51SafmRerXxAgkHWKy4kgexXqgE1b7OGaWoZyzfE7ZblGWdoHRqHS', NULL, NULL, NULL, NULL, NULL, NULL, NULL, NULL, NULL, NULL, NULL, NULL, NULL, '2024-12-13 03:04:54', '2024-12-13 03:04:54'),
(612, 'Dr. Estella Corkery IV', 'alessandro72@example.net', NULL, '$2y$12$YZ9vL8vXJQWhVkPxyy5kBe/FOH5vI/9.YqD/nFNfUTJwxDLNLtsQe', NULL, NULL, NULL, NULL, NULL, NULL, NULL, NULL, NULL, NULL, NULL, NULL, NULL, '2024-12-13 03:04:54', '2024-12-13 03:04:54'),
(613, 'Micaela Jast', 'clementine.brakus@example.com', NULL, '$2y$12$seeK3ktLgj0jEn6Nw9FBbO8KpidZTDCdhtCC1kQHmBhQZndt/fBDa', NULL, NULL, NULL, NULL, NULL, NULL, NULL, NULL, NULL, NULL, NULL, NULL, NULL, '2024-12-13 03:04:54', '2024-12-13 03:04:54'),
(614, 'Tessie Auer', 'abrown@example.com', NULL, '$2y$12$WOHwSEuLvWsy1DJZv2LIAepDmIGiAxZistlSdPFBK8pxpcH7DNYsq', NULL, NULL, NULL, NULL, NULL, NULL, NULL, NULL, NULL, NULL, NULL, NULL, NULL, '2024-12-13 03:04:54', '2024-12-13 03:04:54'),
(615, 'Estrella Bednar I', 'gdicki@example.org', NULL, '$2y$12$N.4cYZGtfBLXW425mrgrVedq3cM8sVbN/coUIckELtEaq41SbMqyW', NULL, NULL, NULL, NULL, NULL, NULL, NULL, NULL, NULL, NULL, NULL, NULL, NULL, '2024-12-13 03:04:55', '2024-12-13 03:04:55'),
(616, 'Dr. Emilie Herzog V', 'asha42@example.com', NULL, '$2y$12$RwyGhsH3Sll63kqCnMWKNuQ4X43US5G65PcxXVM2nVaB56QPQfWla', NULL, NULL, NULL, NULL, NULL, NULL, NULL, NULL, NULL, NULL, NULL, NULL, NULL, '2024-12-13 03:04:55', '2024-12-13 03:04:55'),
(617, 'Emerson Hodkiewicz', 'camren70@example.net', NULL, '$2y$12$eHRzGyAK8wPrJdKFggnpUeUz3rfX6vWGPrCFotXtem8gLjRfHqS9.', NULL, NULL, NULL, NULL, NULL, NULL, NULL, NULL, NULL, NULL, NULL, NULL, NULL, '2024-12-13 03:04:55', '2024-12-13 03:04:55'),
(618, 'Kiley Hauck', 'hazel94@example.net', NULL, '$2y$12$3I9ee21JCvEPX/SJpJfJd.P7Frgs4wFeWtZXnzyUWspamJjKDPrVq', NULL, NULL, NULL, NULL, NULL, NULL, NULL, NULL, NULL, NULL, NULL, NULL, NULL, '2024-12-13 03:04:55', '2024-12-13 03:04:55'),
(619, 'Zakary Hane IV', 'jon55@example.net', NULL, '$2y$12$ReSUWC8o8GQr9utnX9iYpO3NVzWcbduMdT//5AzTgQ9NXuEAzcfqW', NULL, NULL, NULL, NULL, NULL, NULL, NULL, NULL, NULL, NULL, NULL, NULL, NULL, '2024-12-13 03:04:56', '2024-12-13 03:04:56'),
(620, 'Gudrun Franecki II', 'nigel07@example.org', NULL, '$2y$12$6R6GnsJlXtPV8z4LSl8t9O5lKUktyYLIy78FzzE8qwGXm1D0dJEZm', NULL, NULL, NULL, NULL, NULL, NULL, NULL, NULL, NULL, NULL, NULL, NULL, NULL, '2024-12-13 03:04:56', '2024-12-13 03:04:56'),
(621, 'Griffin Sipes', 'nash02@example.com', NULL, '$2y$12$7oSNNreM6TTDe6HN2P0pfOrPXClPxq4VMLN9kIoetpC.1pCZnHuHO', NULL, NULL, NULL, NULL, NULL, NULL, NULL, NULL, NULL, NULL, NULL, NULL, NULL, '2024-12-13 03:04:56', '2024-12-13 03:04:56'),
(622, 'Maxwell Von', 'zakary.von@example.net', NULL, '$2y$12$eIpG0Pe.Vm99ulb2r2csAu5nTVicAqPk8fz0o0sXuntT57TKYVAnW', NULL, NULL, NULL, NULL, NULL, NULL, NULL, NULL, NULL, NULL, NULL, NULL, NULL, '2024-12-13 03:04:56', '2024-12-13 03:04:56'),
(623, 'Esperanza Deckow', 'reichert.gideon@example.com', NULL, '$2y$12$oYqB4HgLrm9vX.HPnfiu/.OvscZ1aP9kh79aOsOyGs78GZaEkFM8a', NULL, NULL, NULL, NULL, NULL, NULL, NULL, NULL, NULL, NULL, NULL, NULL, NULL, '2024-12-13 03:04:56', '2024-12-13 03:04:56'),
(624, 'Mrs. Camilla Koepp', 'yrippin@example.org', NULL, '$2y$12$Xe1YFi7ysMUPZQap/nBak.e7i4NjToYT4q3rWAjWjgi5xTi9dmIeG', NULL, NULL, NULL, NULL, NULL, NULL, NULL, NULL, NULL, NULL, NULL, NULL, NULL, '2024-12-13 03:04:57', '2024-12-13 03:04:57'),
(625, 'Trudie Green', 'fjohnson@example.com', NULL, '$2y$12$9taKIvlp/cIcmo0A75ofL.MSqH1i4715xl3b2SkR4rb23jQxeZQPy', NULL, NULL, NULL, NULL, NULL, NULL, NULL, NULL, NULL, NULL, NULL, NULL, NULL, '2024-12-13 03:04:57', '2024-12-13 03:04:57'),
(626, 'Prof. Kenyon Bruen I', 'hickle.nella@example.net', NULL, '$2y$12$pjD2KjR11O0351NG6ddE/OwTAT9r8oPGee0pUQ0kcMFh6aLXtqfQK', NULL, NULL, NULL, NULL, NULL, NULL, NULL, NULL, NULL, NULL, NULL, NULL, NULL, '2024-12-13 03:04:57', '2024-12-13 03:04:57'),
(627, 'Anais Roberts', 'leland.berge@example.com', NULL, '$2y$12$Qdu5DplsRS.4z0jMcYMqVug76OCtc6oPB26ClZE87vgqhmiqYYMg6', NULL, NULL, NULL, NULL, NULL, NULL, NULL, NULL, NULL, NULL, NULL, NULL, NULL, '2024-12-13 03:04:57', '2024-12-13 03:04:57'),
(628, 'Lula Lubowitz', 'terrance.medhurst@example.org', NULL, '$2y$12$IWLbbqbPp2gUtobAS1gRVOQDcVLrchKsxRAL5ZBCUfliS41uLWG0S', NULL, NULL, NULL, NULL, NULL, NULL, NULL, NULL, NULL, NULL, NULL, NULL, NULL, '2024-12-13 03:04:58', '2024-12-13 03:04:58'),
(629, 'Ramon Schimmel', 'corbin00@example.com', NULL, '$2y$12$m/vxY.JZFudAId3fEa9uqeLDikvgYZB/No5sJ/CoklDEk9LGgdjCS', NULL, NULL, NULL, NULL, NULL, NULL, NULL, NULL, NULL, NULL, NULL, NULL, NULL, '2024-12-13 03:04:58', '2024-12-13 03:04:58'),
(630, 'Leonard Ondricka PhD', 'rjerde@example.net', NULL, '$2y$12$pZRTE1Y3FH4jhrj1XYrzfO3LSQl2tzMkUygCQ3OX6hJwyNctrqvNO', NULL, NULL, NULL, NULL, NULL, NULL, NULL, NULL, NULL, NULL, NULL, NULL, NULL, '2024-12-13 03:04:58', '2024-12-13 03:04:58'),
(631, 'Clotilde Ruecker', 'jaden.mosciski@example.net', NULL, '$2y$12$VJQIyNTVISIPWMr/M7OrPeYvqZr.tsXgBjiCsO5lhAvGf3LIT493C', NULL, NULL, NULL, NULL, NULL, NULL, NULL, NULL, NULL, NULL, NULL, NULL, NULL, '2024-12-13 03:04:58', '2024-12-13 03:04:58'),
(632, 'Ms. Sandrine Tromp III', 'bkassulke@example.net', NULL, '$2y$12$rBmjUdUbyv5XHxagJHSN4ePIjXMZAqPwXwWQaxT5fC040cyTKJ7.C', NULL, NULL, NULL, NULL, NULL, NULL, NULL, NULL, NULL, NULL, NULL, NULL, NULL, '2024-12-13 03:04:58', '2024-12-13 03:04:58'),
(633, 'Isaac Parker III', 'bettie.wunsch@example.com', NULL, '$2y$12$haKmZ6rpv3HSTlJQwxD5p.lC.rJ5hhoMfKLzE5jdDVVAj6thwtptu', NULL, NULL, NULL, NULL, NULL, NULL, NULL, NULL, NULL, NULL, NULL, NULL, NULL, '2024-12-13 03:04:59', '2024-12-13 03:04:59'),
(634, 'Colten Eichmann', 'ignatius02@example.org', NULL, '$2y$12$v3w0YjgnCcbWgq7zrhioE.2LtE8qqd/Mdk/.oEoEXz499g59.OZTu', NULL, NULL, NULL, NULL, NULL, NULL, NULL, NULL, NULL, NULL, NULL, NULL, NULL, '2024-12-13 03:04:59', '2024-12-13 03:04:59'),
(635, 'Mr. Keon Johns', 'rickie88@example.net', NULL, '$2y$12$zOq.SAizCZASuTFBS8Ond.v5h/pzKppenTfXErVnZdOwcgBIsG2Nm', NULL, NULL, NULL, NULL, NULL, NULL, NULL, NULL, NULL, NULL, NULL, NULL, NULL, '2024-12-13 03:04:59', '2024-12-13 03:04:59'),
(636, 'Mr. Tre Bernier V', 'earnest61@example.org', NULL, '$2y$12$OtjBtnX952uFWh80jOaZXeoFBeMIS3hNTkjK6Ypy0D1Aqh/XsPB6e', NULL, NULL, NULL, NULL, NULL, NULL, NULL, NULL, NULL, NULL, NULL, NULL, NULL, '2024-12-13 03:04:59', '2024-12-13 03:04:59'),
(637, 'Eudora Gleason MD', 'elabadie@example.org', NULL, '$2y$12$02HdoadxsvqStkSfQax0X.cBeGiti0N5cVWS9Gy4Rt8RgYDLUFs9W', NULL, NULL, NULL, NULL, NULL, NULL, NULL, NULL, NULL, NULL, NULL, NULL, NULL, '2024-12-13 03:05:00', '2024-12-13 03:05:00'),
(638, 'Chyna Barrows', 'xhomenick@example.org', NULL, '$2y$12$KBGdpJs2iaOTtjjE5UhYoesZeY8AMvq.P.4QXkBh3tlM89dFsP5Ja', NULL, NULL, NULL, NULL, NULL, NULL, NULL, NULL, NULL, NULL, NULL, NULL, NULL, '2024-12-13 03:05:00', '2024-12-13 03:05:00'),
(639, 'Prof. Trenton Dietrich DVM', 'echamplin@example.com', NULL, '$2y$12$FKtazhJZzHz8u6PeQ7VTGuyzmBUlaedi0pFeRdgypSffF4.YmeGsy', NULL, NULL, NULL, NULL, NULL, NULL, NULL, NULL, NULL, NULL, NULL, NULL, NULL, '2024-12-13 03:05:00', '2024-12-13 03:05:00'),
(640, 'Issac Keebler II', 'bhaag@example.net', NULL, '$2y$12$ejQaY8o2sjTTSGFUdix8Ku7quYOF1YmBzQhOHKR0pbgnzAitBDNyO', NULL, NULL, NULL, NULL, NULL, NULL, NULL, NULL, NULL, NULL, NULL, NULL, NULL, '2024-12-13 03:05:00', '2024-12-13 03:05:00'),
(641, 'Johanna Wuckert V', 'alvera.hansen@example.com', NULL, '$2y$12$0tmWBLk9QK0npBRC7YzuxuCp58/eElfh/62G37oWAycW2egJuLRsm', NULL, NULL, NULL, NULL, NULL, NULL, NULL, NULL, NULL, NULL, NULL, NULL, NULL, '2024-12-13 03:05:01', '2024-12-13 03:05:01'),
(642, 'Alessandra Abbott', 'wsmith@example.net', NULL, '$2y$12$10sKGacLRDLmSQAUiTiyCe0I6MBCtF21r8hLiEIvTVrGjqoNda6YW', NULL, NULL, NULL, NULL, NULL, NULL, NULL, NULL, NULL, NULL, NULL, NULL, NULL, '2024-12-13 03:05:01', '2024-12-13 03:05:01'),
(643, 'Kirsten Christiansen PhD', 'elijah86@example.com', NULL, '$2y$12$0fl1M93VVvEprooTugNAaeKQR9l8f279svn0gFWKQf0hMU60Apikm', NULL, NULL, NULL, NULL, NULL, NULL, NULL, NULL, NULL, NULL, NULL, NULL, NULL, '2024-12-13 03:05:01', '2024-12-13 03:05:01'),
(644, 'Kavon Willms', 'batz.dovie@example.net', NULL, '$2y$12$IgfH7X1ny7kiCNeGHnB2Feyl2pfSQpK5l43nfNNjSvw6y3aL5U2d.', NULL, NULL, NULL, NULL, NULL, NULL, NULL, NULL, NULL, NULL, NULL, NULL, NULL, '2024-12-13 03:05:01', '2024-12-13 03:05:01'),
(645, 'Audrey Steuber IV', 'cassin.erwin@example.org', NULL, '$2y$12$YVd/lBU3Pm5jsvG9CEzeeO5xu6NwXCPOZIjmss.qJvbj7bC9qUnMG', NULL, NULL, NULL, NULL, NULL, NULL, NULL, NULL, NULL, NULL, NULL, NULL, NULL, '2024-12-13 03:05:01', '2024-12-13 03:05:01'),
(646, 'Floyd Mayer', 'sylvester10@example.net', NULL, '$2y$12$Z0N9jDSvuKIsCSI8JhBqgu/DS4KSKzdjfaUQAfPmGln03WG4wyM7O', NULL, NULL, NULL, NULL, NULL, NULL, NULL, NULL, NULL, NULL, NULL, NULL, NULL, '2024-12-13 03:05:02', '2024-12-13 03:05:02'),
(647, 'Prof. Jesse Koch', 'cummerata.trenton@example.com', NULL, '$2y$12$csCLFzsRpx1DWRe5ZAI4/eKrWln299tW3IUmzTs0S7xkC/zQZxXCm', NULL, NULL, NULL, NULL, NULL, NULL, NULL, NULL, NULL, NULL, NULL, NULL, NULL, '2024-12-13 03:05:02', '2024-12-13 03:05:02'),
(648, 'Chad Bartoletti', 'ohara.brycen@example.org', NULL, '$2y$12$gfpDILaqN9jq3nFuGff8VuQyfDSTZRyB7OBgjLCM/YDUOwl7sGRs.', NULL, NULL, NULL, NULL, NULL, NULL, NULL, NULL, NULL, NULL, NULL, NULL, NULL, '2024-12-13 03:05:02', '2024-12-13 03:05:02'),
(649, 'Zane Upton', 'stephanie.schoen@example.org', NULL, '$2y$12$PfyF3rJEBI9PKxYZCJmEK.NKzirSPQIIAoJcj9vUxsD53ZwR0IMy2', NULL, NULL, NULL, NULL, NULL, NULL, NULL, NULL, NULL, NULL, NULL, NULL, NULL, '2024-12-13 03:05:03', '2024-12-13 03:05:03'),
(650, 'Prof. Collin Cassin Sr.', 'gorczany.vern@example.com', NULL, '$2y$12$CqHP/9ZXIqdpjKDk861Qeu.aPFnyd9F3UKGTjKjt5YwhdhdRsHlim', NULL, NULL, NULL, NULL, NULL, NULL, NULL, NULL, NULL, NULL, NULL, NULL, NULL, '2024-12-13 03:05:03', '2024-12-13 03:05:03'),
(651, 'Ms. Sadie Kunze', 'friedrich.muller@example.net', NULL, '$2y$12$IOsbiMxhz14fif9Pe0aZQueXZmgcjEWD62u5m49ubKB3xjsrrXc2G', NULL, NULL, NULL, NULL, NULL, NULL, NULL, NULL, NULL, NULL, NULL, NULL, NULL, '2024-12-13 03:05:03', '2024-12-13 03:05:03'),
(652, 'Miss Shirley Toy PhD', 'mosciski.oral@example.com', NULL, '$2y$12$3l54dUFvouroYe4mY2Z5Tusgz.J1NrabWX78ou3nCfxjLo40ohtXq', NULL, NULL, NULL, NULL, NULL, NULL, NULL, NULL, NULL, NULL, NULL, NULL, NULL, '2024-12-13 03:05:03', '2024-12-13 03:05:03'),
(653, 'Kole Boyle', 'howe.modesto@example.org', NULL, '$2y$12$VmDttsmXI03TqJkjX9nQ0ecpZmy184Q3tXcI9RggBok5PPeFkdHr2', NULL, NULL, NULL, NULL, NULL, NULL, NULL, NULL, NULL, NULL, NULL, NULL, NULL, '2024-12-13 03:05:03', '2024-12-13 03:05:03'),
(654, 'Dr. Victor Brakus', 'hschaefer@example.com', NULL, '$2y$12$6gL1uFGHbk85UuLYmWVTTeTJjP9caBkCLQY/OFCWr82Zq6bnMclre', NULL, NULL, NULL, NULL, NULL, NULL, NULL, NULL, NULL, NULL, NULL, NULL, NULL, '2024-12-13 03:05:04', '2024-12-13 03:05:04'),
(655, 'Patricia Rau', 'lilliana92@example.org', NULL, '$2y$12$UfOJ1t8SxCDNuMxmNBgeSu/uO8nBc4hez60FzgFcoXK9UiF6KwdBG', NULL, NULL, NULL, NULL, NULL, NULL, NULL, NULL, NULL, NULL, NULL, NULL, NULL, '2024-12-13 03:05:04', '2024-12-13 03:05:04'),
(656, 'Ottis Crona', 'braulio23@example.com', NULL, '$2y$12$sv6LgsjcthidE13Gb2ItQuu5fgxbPYxoYvyr5WqeujC.waGGJ2Z16', NULL, NULL, NULL, NULL, NULL, NULL, NULL, NULL, NULL, NULL, NULL, NULL, NULL, '2024-12-13 03:05:04', '2024-12-13 03:05:04'),
(657, 'Ruthe Langosh', 'dashawn21@example.com', NULL, '$2y$12$w55obqgZzBTaTAKvFb3FhupreS2qNNE9zzdgcYcD5Qyay0yGMM3nq', NULL, NULL, NULL, NULL, NULL, NULL, NULL, NULL, NULL, NULL, NULL, NULL, NULL, '2024-12-13 03:05:04', '2024-12-13 03:05:04'),
(658, 'Jewell Ernser', 'winona.konopelski@example.com', NULL, '$2y$12$aFMCalEaV2JOaK52.gVwVu3kLoTFgYquJKOem3q9AfS6oRzn8p0li', NULL, NULL, NULL, NULL, NULL, NULL, NULL, NULL, NULL, NULL, NULL, NULL, NULL, '2024-12-13 03:05:05', '2024-12-13 03:05:05'),
(659, 'Axel Schuppe Sr.', 'stanton.darrel@example.com', NULL, '$2y$12$kvbINDUtuCaC7Nkdy29BO.HhltzSSMDVhMegxLyV5kqwZXh88PPfK', NULL, NULL, NULL, NULL, NULL, NULL, NULL, NULL, NULL, NULL, NULL, NULL, NULL, '2024-12-13 03:05:05', '2024-12-13 03:05:05'),
(660, 'Cody Sporer', 'kohler.evalyn@example.net', NULL, '$2y$12$mxy/DdsAZ/PICihuwMpO9ekxL4kAwbRupxuTU7xj5cMl3zoAlIhj2', NULL, NULL, NULL, NULL, NULL, NULL, NULL, NULL, NULL, NULL, NULL, NULL, NULL, '2024-12-13 03:05:05', '2024-12-13 03:05:05'),
(661, 'Kira Keeling', 'xdicki@example.org', NULL, '$2y$12$YlDej4E15ah2dG8zQqmt2e6CjydeEIUo0MCUWno8CGH4e3mDucJ46', NULL, NULL, NULL, NULL, NULL, NULL, NULL, NULL, NULL, NULL, NULL, NULL, NULL, '2024-12-13 03:05:05', '2024-12-13 03:05:05'),
(662, 'Dr. Maximo O\'Keefe', 'hans.abernathy@example.net', NULL, '$2y$12$6Ahn4BzY.6utwTxFDbLjc.sovg5i8FQnKm77sfyF91ARTf84pVeNC', NULL, NULL, NULL, NULL, NULL, NULL, NULL, NULL, NULL, NULL, NULL, NULL, NULL, '2024-12-13 03:05:06', '2024-12-13 03:05:06'),
(663, 'Prof. Benny Wolf PhD', 'sturcotte@example.com', NULL, '$2y$12$pZ8sY13Sp9Yf8wTxQaW/A.WHVphFsYx8Ja.ONf13hyEVq9m9IGrAW', NULL, NULL, NULL, NULL, NULL, NULL, NULL, NULL, NULL, NULL, NULL, NULL, NULL, '2024-12-13 03:05:06', '2024-12-13 03:05:06'),
(664, 'Prof. Adelia Kertzmann IV', 'maybelle98@example.net', NULL, '$2y$12$PJ4LnmCwZv0nQ3nSeuNb1.hYoKGAB56Jl1Qo/2ZjYVRh0b33MlHpG', NULL, NULL, NULL, NULL, NULL, NULL, NULL, NULL, NULL, NULL, NULL, NULL, NULL, '2024-12-13 03:05:06', '2024-12-13 03:05:06'),
(665, 'Dr. Citlalli Connelly', 'nlegros@example.net', NULL, '$2y$12$H/dfNIncO523rZUnjVTgP.wLBD9WBOQOz7wmUko/zR8kj18b6R86a', NULL, NULL, NULL, NULL, NULL, NULL, NULL, NULL, NULL, NULL, NULL, NULL, NULL, '2024-12-13 03:05:06', '2024-12-13 03:05:06'),
(666, 'Skye Ullrich', 'quinton.bartell@example.org', NULL, '$2y$12$zYzi2OooNNXlcCDGyCUST.uD2k9q.KzfhW2lXuo/WJmskuNjEprFq', NULL, NULL, NULL, NULL, NULL, NULL, NULL, NULL, NULL, NULL, NULL, NULL, NULL, '2024-12-13 03:05:07', '2024-12-13 03:05:07'),
(667, 'Adolfo Schamberger', 'efadel@example.com', NULL, '$2y$12$1HAaVS3DNmfsGmFfjSrOC.UTScICVdjJn1RThpYniARUd/FNC73eu', NULL, NULL, NULL, NULL, NULL, NULL, NULL, NULL, NULL, NULL, NULL, NULL, NULL, '2024-12-13 03:05:07', '2024-12-13 03:05:07'),
(668, 'Jabari Howe', 'skiles.alexys@example.com', NULL, '$2y$12$dZrCrZJIJOj.sqZx7QOxAe.XIZdSMI21WzJDDiBtdTaqf2e8sCAfK', NULL, NULL, NULL, NULL, NULL, NULL, NULL, NULL, NULL, NULL, NULL, NULL, NULL, '2024-12-13 03:05:07', '2024-12-13 03:05:07'),
(669, 'Ernestine Weber', 'nikolaus.meghan@example.net', NULL, '$2y$12$714ujf/eEdyqyFMsZzfSEOX2TrV5ntZoniLFNeaJdeS.7dZOIQ.pC', NULL, NULL, NULL, NULL, NULL, NULL, NULL, NULL, NULL, NULL, NULL, NULL, NULL, '2024-12-13 03:05:07', '2024-12-13 03:05:07'),
(670, 'Dr. Joanie Buckridge IV', 'terry.gisselle@example.com', NULL, '$2y$12$kCcaPr489ptrQDu35mUec.Z.uLv.3mAE8gDBz0bx65H3VEV0im7Ba', NULL, NULL, NULL, NULL, NULL, NULL, NULL, NULL, NULL, NULL, NULL, NULL, NULL, '2024-12-13 03:05:07', '2024-12-13 03:05:07'),
(671, 'Dr. Ursula Greenfelder', 'qnicolas@example.org', NULL, '$2y$12$ig4Y2SrT0U5EdClxkTqdeOM/JCa0oedXBdu8F4DJI5nseJO37TNNS', NULL, NULL, NULL, NULL, NULL, NULL, NULL, NULL, NULL, NULL, NULL, NULL, NULL, '2024-12-13 03:05:08', '2024-12-13 03:05:08'),
(672, 'Prof. Elsie Lowe', 'boehm.tomas@example.com', NULL, '$2y$12$QG.LjkwgOYbynqbAtNCZluxyPuNKn6AhNGk5ncio4lgVyfYCl0TYy', NULL, NULL, NULL, NULL, NULL, NULL, NULL, NULL, NULL, NULL, NULL, NULL, NULL, '2024-12-13 03:05:08', '2024-12-13 03:05:08'),
(673, 'Lazaro Gusikowski', 'dwill@example.com', NULL, '$2y$12$LGF4Xwm1qK1z8DK0Ko6HKuV87/7H7AC.Srgq1IEfe4O.lEdC3wid6', NULL, NULL, NULL, NULL, NULL, NULL, NULL, NULL, NULL, NULL, NULL, NULL, NULL, '2024-12-13 03:05:08', '2024-12-13 03:05:08'),
(674, 'Clyde Auer DVM', 'ruecker.emory@example.net', NULL, '$2y$12$T/EG0fc7Pja55chAIvu65uvu1EnPDbWb/lZ95ovGCpkS7uEg.KON.', NULL, NULL, NULL, NULL, NULL, NULL, NULL, NULL, NULL, NULL, NULL, NULL, NULL, '2024-12-13 03:05:08', '2024-12-13 03:05:08'),
(675, 'Prof. Sonny Koelpin DVM', 'wyman.christian@example.net', NULL, '$2y$12$s2CnMYklwlzBPqUMBIks1.nyi31rt.OszWobkMBIPdSeZE7BVsDMG', NULL, NULL, NULL, NULL, NULL, NULL, NULL, NULL, NULL, NULL, NULL, NULL, NULL, '2024-12-13 03:05:09', '2024-12-13 03:05:09'),
(676, 'Misael Boehm', 'randal72@example.net', NULL, '$2y$12$/f/Il1.OhwoDxfRiDO.xQOlRPdgYiLlr.mGg/OYKyD0HuaU7R8udy', NULL, NULL, NULL, NULL, NULL, NULL, NULL, NULL, NULL, NULL, NULL, NULL, NULL, '2024-12-13 03:05:09', '2024-12-13 03:05:09'),
(677, 'Davin Lubowitz Sr.', 'nwaelchi@example.com', NULL, '$2y$12$GfA9uEmfQ6iTcHJkAOCWfOWM0FeNybt.ilPBCk6fXCiJNG9eYOKZq', NULL, NULL, NULL, NULL, NULL, NULL, NULL, NULL, NULL, NULL, NULL, NULL, NULL, '2024-12-13 03:05:09', '2024-12-13 03:05:09'),
(678, 'Dr. Arely Huels', 'white.noemie@example.com', NULL, '$2y$12$cdbUacF0N55IqU7OEw0B8.oG0/DuWaIts4j0R07p8Y6duybZYXGMK', NULL, NULL, NULL, NULL, NULL, NULL, NULL, NULL, NULL, NULL, NULL, NULL, NULL, '2024-12-13 03:05:09', '2024-12-13 03:05:09'),
(679, 'Mr. Crawford Von Jr.', 'serenity17@example.net', NULL, '$2y$12$nzE8mP3DT4tSLP75.6uBWeh9/WFBFLt/kyMn9AMEp4FbteIAP71VO', NULL, NULL, NULL, NULL, NULL, NULL, NULL, NULL, NULL, NULL, NULL, NULL, NULL, '2024-12-13 03:05:10', '2024-12-13 03:05:10'),
(680, 'Casey Schmidt', 'deron46@example.net', NULL, '$2y$12$sneRFUyRfLvf.VNg84g.yOfGzXoh6E2CPGIVgC/0GpLuv35XnDdqO', NULL, NULL, NULL, NULL, NULL, NULL, NULL, NULL, NULL, NULL, NULL, NULL, NULL, '2024-12-13 03:05:10', '2024-12-13 03:05:10'),
(681, 'Juliana Ratke', 'qhamill@example.org', NULL, '$2y$12$JqgIt291sIpOVVm2K1l63.zIyBeO5dUmJocrLL3qkfmAqdLv4wPjy', NULL, NULL, NULL, NULL, NULL, NULL, NULL, NULL, NULL, NULL, NULL, NULL, NULL, '2024-12-13 03:05:10', '2024-12-13 03:05:10'),
(682, 'Ari Steuber', 'nstokes@example.org', NULL, '$2y$12$Mp5L7CbE1/sRLGlSnasPk.4ayag.zYTZ/xW0IND7PqFMqV6kgYsLO', NULL, NULL, NULL, NULL, NULL, NULL, NULL, NULL, NULL, NULL, NULL, NULL, NULL, '2024-12-13 03:05:10', '2024-12-13 03:05:10'),
(683, 'Dr. Citlalli Monahan Jr.', 'candida.walsh@example.net', NULL, '$2y$12$D0AsiEy75cgGacOu5/3kI.Cq.8KzvAqYCz5.AYHmswzzvRPg32Gj.', NULL, NULL, NULL, NULL, NULL, NULL, NULL, NULL, NULL, NULL, NULL, NULL, NULL, '2024-12-13 03:05:11', '2024-12-13 03:05:11'),
(684, 'Dr. Katharina Hodkiewicz', 'wilderman.delilah@example.net', NULL, '$2y$12$Ac8hb2HHV2NPS0QglC96nO7md6TkvCghdffBZSIUQPLv0cH/7mR.O', NULL, NULL, NULL, NULL, NULL, NULL, NULL, NULL, NULL, NULL, NULL, NULL, NULL, '2024-12-13 03:05:11', '2024-12-13 03:05:11'),
(685, 'Berenice Stroman', 'jrath@example.com', NULL, '$2y$12$UJj2cb1WcboPzgl/ZBiIpeUMdChihE.xa/8JE.1X0v2S1rgqcQxS6', NULL, NULL, NULL, NULL, NULL, NULL, NULL, NULL, NULL, NULL, NULL, NULL, NULL, '2024-12-13 03:05:11', '2024-12-13 03:05:11'),
(686, 'Georgette Mosciski Sr.', 'abode@example.org', NULL, '$2y$12$.7PQo31phI50O84YJ60th.KxLmqpH4c/103PKh2yHc4uHQBg0NdM2', NULL, NULL, NULL, NULL, NULL, NULL, NULL, NULL, NULL, NULL, NULL, NULL, NULL, '2024-12-13 03:05:11', '2024-12-13 03:05:11'),
(687, 'Dr. Stanford Kling', 'rachelle.reinger@example.net', NULL, '$2y$12$qZqP54E/MMm56ZC.bsnHme60OZENO1I6VWMkExEZUSGqAjilAuloO', NULL, NULL, NULL, NULL, NULL, NULL, NULL, NULL, NULL, NULL, NULL, NULL, NULL, '2024-12-13 03:05:11', '2024-12-13 03:05:11'),
(688, 'Velva Kerluke', 'madison93@example.com', NULL, '$2y$12$aNZ.IzGcikTlPPV4TqCjnejtrRpclPJpppmO2VHLSYQ4l.jjHDN.q', NULL, NULL, NULL, NULL, NULL, NULL, NULL, NULL, NULL, NULL, NULL, NULL, NULL, '2024-12-13 03:05:12', '2024-12-13 03:05:12'),
(689, 'Corine Heidenreich', 'spencer.aimee@example.net', NULL, '$2y$12$77yji3RE3aSgkQL5CxzldeWbMx/zRAkNK6tgFxYOufyvSELmxI5uK', NULL, NULL, NULL, NULL, NULL, NULL, NULL, NULL, NULL, NULL, NULL, NULL, NULL, '2024-12-13 03:05:12', '2024-12-13 03:05:12'),
(690, 'Prof. Mariah Wiegand Jr.', 'kole.dubuque@example.net', NULL, '$2y$12$1fS9dr55Oez0uxXnrXdD2egKBqawRaChUFFrG5Z4t0oMsWJ6D84wW', NULL, NULL, NULL, NULL, NULL, NULL, NULL, NULL, NULL, NULL, NULL, NULL, NULL, '2024-12-13 03:05:12', '2024-12-13 03:05:12'),
(691, 'Randy Schuppe', 'grimes.adolphus@example.com', NULL, '$2y$12$pQGoaQ8IVbsj1cNC.CunmeSgnf2mngr2Nxo1nCl7Iee9tZpwRAwyS', NULL, NULL, NULL, NULL, NULL, NULL, NULL, NULL, NULL, NULL, NULL, NULL, NULL, '2024-12-13 03:05:12', '2024-12-13 03:05:12'),
(692, 'Ms. Clarabelle Rice', 'lynch.jessy@example.net', NULL, '$2y$12$joBk4Z1V8wozN/3CkmUPp.SOaCFDyWW97ZT8B/6JftBm8wBXgEJh6', NULL, NULL, NULL, NULL, NULL, NULL, NULL, NULL, NULL, NULL, NULL, NULL, NULL, '2024-12-13 03:05:13', '2024-12-13 03:05:13'),
(693, 'Dr. Rocio Wisozk', 'cronin.arnold@example.org', NULL, '$2y$12$6HdE0KvX6u/vnCNHmIZqn.FT0TP153qpy28tQR70aCqYstseCY.jm', NULL, NULL, NULL, NULL, NULL, NULL, NULL, NULL, NULL, NULL, NULL, NULL, NULL, '2024-12-13 03:05:13', '2024-12-13 03:05:13'),
(694, 'Cortez Ratke Sr.', 'odenesik@example.com', NULL, '$2y$12$F9W2gic6n7Q7qg18nQfwhu18TBV3hwXpGOPuw2.JlFWU8vDfepDPu', NULL, NULL, NULL, NULL, NULL, NULL, NULL, NULL, NULL, NULL, NULL, NULL, NULL, '2024-12-13 03:05:13', '2024-12-13 03:05:13'),
(695, 'Madyson Wilderman', 'clark.murazik@example.org', NULL, '$2y$12$LFvhDDA4LUg/5IXPsNdiTOlHuhaKZEh0k/f3Zl/H3cLVV1SW1zvXG', NULL, NULL, NULL, NULL, NULL, NULL, NULL, NULL, NULL, NULL, NULL, NULL, NULL, '2024-12-13 03:05:13', '2024-12-13 03:05:13'),
(696, 'Mr. Freddy Schaefer Sr.', 'charity06@example.net', NULL, '$2y$12$PN469t9.oEA0raNtR0w2C.aZv7LXnKVrDIiM0PhyysDcFtWPbyKAm', NULL, NULL, NULL, NULL, NULL, NULL, NULL, NULL, NULL, NULL, NULL, NULL, NULL, '2024-12-13 03:05:14', '2024-12-13 03:05:14'),
(697, 'Katheryn Ferry', 'nolan.catalina@example.com', NULL, '$2y$12$707Qhgmq.BFxaEsoMShzYuqstlCeoKwL8MZCLqprxOQg.NUSgKNCC', NULL, NULL, NULL, NULL, NULL, NULL, NULL, NULL, NULL, NULL, NULL, NULL, NULL, '2024-12-13 03:05:14', '2024-12-13 03:05:14'),
(698, 'Shanel Von', 'iokon@example.net', NULL, '$2y$12$aLtdI5I.lcbnIsiZF.WVo.Lrt/m4lb6PPlGGbvsixiyv5oWNWkNNm', NULL, NULL, NULL, NULL, NULL, NULL, NULL, NULL, NULL, NULL, NULL, NULL, NULL, '2024-12-13 03:05:14', '2024-12-13 03:05:14'),
(699, 'Guillermo Dach', 'rickey.beatty@example.org', NULL, '$2y$12$0PZUkrNFvpvuagCiyRtZr.5KDVwYqb4tZ/L0rXdPmpUffhjTTVJme', NULL, NULL, NULL, NULL, NULL, NULL, NULL, NULL, NULL, NULL, NULL, NULL, NULL, '2024-12-13 03:05:14', '2024-12-13 03:05:14'),
(700, 'Mr. Brennan McGlynn', 'theresa.zemlak@example.net', NULL, '$2y$12$NElwaM.J7jEQrFDRAnUJOeSxba0sHRO7qFV67RjQ6I0/TxzCJPB0m', NULL, NULL, NULL, NULL, NULL, NULL, NULL, NULL, NULL, NULL, NULL, NULL, NULL, '2024-12-13 03:05:14', '2024-12-13 03:05:14'),
(701, 'Dr. Declan Kunde DVM', 'carole.streich@example.com', NULL, '$2y$12$gBZylhwINd3tRP1U6/03Xeoz4E4CRW2kV2pZXWfGtWUkW6KYgzcT6', NULL, NULL, NULL, NULL, NULL, NULL, NULL, NULL, NULL, NULL, NULL, NULL, NULL, '2024-12-13 03:05:15', '2024-12-13 03:05:15'),
(702, 'Mrs. Sarai Mertz Sr.', 'bethel31@example.org', NULL, '$2y$12$v2FFVyyASOKYiFAl.tdyMuYgJg5auyvbZnPt.3rsZsnceXuc1Eiti', NULL, NULL, NULL, NULL, NULL, NULL, NULL, NULL, NULL, NULL, NULL, NULL, NULL, '2024-12-13 03:05:15', '2024-12-13 03:05:15'),
(703, 'Charity Kuvalis', 'hrath@example.net', NULL, '$2y$12$74W8wpm4LaHdBm.eFGshHOE6njSkukmg0W3oGETKFmwEaFAyvXK82', NULL, NULL, NULL, NULL, NULL, NULL, NULL, NULL, NULL, NULL, NULL, NULL, NULL, '2024-12-13 03:05:15', '2024-12-13 03:05:15'),
(704, 'Dr. Terrill Robel Jr.', 'veum.alivia@example.com', NULL, '$2y$12$wK4cQX5ekKhzwVCoX4ufBu0BKKIIH2B11sYPfM7AxXi6AvESmrHm.', NULL, NULL, NULL, NULL, NULL, NULL, NULL, NULL, NULL, NULL, NULL, NULL, NULL, '2024-12-13 03:05:15', '2024-12-13 03:05:15'),
(705, 'Dr. Jovani Abernathy DVM', 'destin22@example.net', NULL, '$2y$12$X1AXmJsKv07ApOpM8WpJn.tufD0ZkUOATCAkhfxJH5Vx7/UOwO7Qm', NULL, NULL, NULL, NULL, NULL, NULL, NULL, NULL, NULL, NULL, NULL, NULL, NULL, '2024-12-13 03:05:16', '2024-12-13 03:05:16'),
(706, 'Maureen Marks', 'gbosco@example.com', NULL, '$2y$12$fqrfuFoOtnofKSdWxknZGeo6sLs8PjocqJXJQ0kvIM.LTi3mnqTEa', NULL, NULL, NULL, NULL, NULL, NULL, NULL, NULL, NULL, NULL, NULL, NULL, NULL, '2024-12-13 03:05:16', '2024-12-13 03:05:16'),
(707, 'Zechariah Littel', 'sgreen@example.org', NULL, '$2y$12$qNVCQHgRikSg4/ZcTXQ1BuQXdezkkCyn.s02JPQMGNVabXprxE186', NULL, NULL, NULL, NULL, NULL, NULL, NULL, NULL, NULL, NULL, NULL, NULL, NULL, '2024-12-13 03:05:16', '2024-12-13 03:05:16'),
(708, 'Brandy Heathcote', 'pohara@example.org', NULL, '$2y$12$L4TrEeumpeOyGO5yk8JU4eKHuklFXXgVfiPKTYnn9902tH.jx8DDq', NULL, NULL, NULL, NULL, NULL, NULL, NULL, NULL, NULL, NULL, NULL, NULL, NULL, '2024-12-13 03:05:16', '2024-12-13 03:05:16'),
(709, 'Jaqueline Oberbrunner', 'lowe.ashton@example.net', NULL, '$2y$12$rOHvSICTenN6eP9onTEtdOyVFAN7..BXEGvP53k02Ri5yE7vAFRg6', NULL, NULL, NULL, NULL, NULL, NULL, NULL, NULL, NULL, NULL, NULL, NULL, NULL, '2024-12-13 03:05:17', '2024-12-13 03:05:17'),
(710, 'Brown Waelchi', 'donnie52@example.net', NULL, '$2y$12$tR.ASE8mxHVnS6X.NLL/s.ai9OLdF.IXS.dUc/br4G5Pp9DRa8goO', NULL, NULL, NULL, NULL, NULL, NULL, NULL, NULL, NULL, NULL, NULL, NULL, NULL, '2024-12-13 03:05:17', '2024-12-13 03:05:17'),
(711, 'Maida Romaguera', 'mitchell.holly@example.com', NULL, '$2y$12$dxjxDJukCuf/0.9U5S29X.OGGrkPgoDFr0p0.oGcLVkIGrKxh8Any', NULL, NULL, NULL, NULL, NULL, NULL, NULL, NULL, NULL, NULL, NULL, NULL, NULL, '2024-12-13 03:05:17', '2024-12-13 03:05:17'),
(712, 'Ms. Hailie O\'Kon Jr.', 'yundt.gilberto@example.org', NULL, '$2y$12$H6Uo6X4dM1Pn2IEDBu0ZceNxG6nHrgP.sMdfBJ2fLLOQEDHoR1..y', NULL, NULL, NULL, NULL, NULL, NULL, NULL, NULL, NULL, NULL, NULL, NULL, NULL, '2024-12-13 03:05:17', '2024-12-13 03:05:17'),
(713, 'Ward Erdman', 'elizabeth72@example.org', NULL, '$2y$12$Njrd0Keb1YWN6aQrGebWje3sprWIgmwAAzcr2rrdGMW/vpjSvWfBG', NULL, NULL, NULL, NULL, NULL, NULL, NULL, NULL, NULL, NULL, NULL, NULL, NULL, '2024-12-13 03:05:18', '2024-12-13 03:05:18'),
(714, 'Mollie Cruickshank', 'maye.batz@example.net', NULL, '$2y$12$N.Ed7KVA7QZX.Y1egA4M9eR5NR3UmI37NnV.RxaRd8xJHmTZVXF/C', NULL, NULL, NULL, NULL, NULL, NULL, NULL, NULL, NULL, NULL, NULL, NULL, NULL, '2024-12-13 03:05:18', '2024-12-13 03:05:18'),
(715, 'Dr. Wilhelmine Kemmer Sr.', 'francesca19@example.com', NULL, '$2y$12$TMGNhgMc/ZKyo9l17tZ.du/jXp6RfYyHhTXQcw5pfXzgRaBo0n2yq', NULL, NULL, NULL, NULL, NULL, NULL, NULL, NULL, NULL, NULL, NULL, NULL, NULL, '2024-12-13 03:05:18', '2024-12-13 03:05:18'),
(716, 'Albin Feest DDS', 'gaylord.bertrand@example.org', NULL, '$2y$12$pClGOyxQeV1yc4K6.BeCmugjM8ydPeFG/fEAEF54zdUnxZ66ClXtW', NULL, NULL, NULL, NULL, NULL, NULL, NULL, NULL, NULL, NULL, NULL, NULL, NULL, '2024-12-13 03:05:18', '2024-12-13 03:05:18'),
(717, 'Alverta Keebler', 'sabina.jacobson@example.com', NULL, '$2y$12$IuGHez4C61CwVUnA2IhXzOnDgXw0wpsGOlV9eaR50SH5pe3defvFi', NULL, NULL, NULL, NULL, NULL, NULL, NULL, NULL, NULL, NULL, NULL, NULL, NULL, '2024-12-13 03:05:19', '2024-12-13 03:05:19'),
(718, 'Brian Kertzmann', 'sigrid.thiel@example.com', NULL, '$2y$12$WLTDLuFmxtpQAtkv3MFvy.BeXt63W1c/scseG/nIRXzGOQ9DdCpQ6', NULL, NULL, NULL, NULL, NULL, NULL, NULL, NULL, NULL, NULL, NULL, NULL, NULL, '2024-12-13 03:05:19', '2024-12-13 03:05:19'),
(719, 'Mayra Dietrich', 'kuhlman.bianka@example.org', NULL, '$2y$12$ydzbdZzKzVzzFeYh2ru/HeFJYDcFXshrYjLeh83gEfoFhrBvWVf7i', NULL, NULL, NULL, NULL, NULL, NULL, NULL, NULL, NULL, NULL, NULL, NULL, NULL, '2024-12-13 03:05:19', '2024-12-13 03:05:19'),
(720, 'Miss Odie Blick', 'auer.liam@example.org', NULL, '$2y$12$bufeU5/Z5T3gzPvDL11t0.IkRKYJCyGWl2zp/5eQY6xLO7EQbMpL2', NULL, NULL, NULL, NULL, NULL, NULL, NULL, NULL, NULL, NULL, NULL, NULL, NULL, '2024-12-13 03:05:19', '2024-12-13 03:05:19'),
(721, 'Wayne Langworth II', 'iabshire@example.com', NULL, '$2y$12$WIRu0Kj/IPO6NTc6kVeYBe5TJIingPgHUmZjBsnxVeaAV6lfTv.Jy', NULL, NULL, NULL, NULL, NULL, NULL, NULL, NULL, NULL, NULL, NULL, NULL, NULL, '2024-12-13 03:05:20', '2024-12-13 03:05:20'),
(722, 'Felicia Prohaska', 'marcelina65@example.net', NULL, '$2y$12$zmv4RASQMtvrsEmUuCfUP.CF8JV.qKvkE01TFr0kDe79ljA9deJcS', NULL, NULL, NULL, NULL, NULL, NULL, NULL, NULL, NULL, NULL, NULL, NULL, NULL, '2024-12-13 03:05:20', '2024-12-13 03:05:20'),
(723, 'Prof. Blake Simonis', 'nmckenzie@example.com', NULL, '$2y$12$n2uKn3J5ZGiQ515Ne6fi1OCQF05Tnnw.JkrRXln9/T37NJ844Oy.G', NULL, NULL, NULL, NULL, NULL, NULL, NULL, NULL, NULL, NULL, NULL, NULL, NULL, '2024-12-13 03:05:20', '2024-12-13 03:05:20'),
(724, 'Ms. Theresia Jenkins', 'elouise.hahn@example.com', NULL, '$2y$12$UdMlYSbtwWGeHGxeJ3dN2OgsFCjB.yuubgL0IXkJoY/Uy1f2o7Zoi', NULL, NULL, NULL, NULL, NULL, NULL, NULL, NULL, NULL, NULL, NULL, NULL, NULL, '2024-12-13 03:05:21', '2024-12-13 03:05:21'),
(725, 'Kendall Gislason DDS', 'ilene83@example.org', NULL, '$2y$12$HTeVYPUD2cRb36eKQ/IiwOtumkERYzyp8pzDfbNuMrmu19BhHCyEK', NULL, NULL, NULL, NULL, NULL, NULL, NULL, NULL, NULL, NULL, NULL, NULL, NULL, '2024-12-13 03:05:21', '2024-12-13 03:05:21'),
(726, 'Jaquan Hackett PhD', 'ghayes@example.net', NULL, '$2y$12$zFvTxhBoxGexEzu5UIequer2kivkkor5S.6wLqVhSKwlg.H0bajqG', NULL, NULL, NULL, NULL, NULL, NULL, NULL, NULL, NULL, NULL, NULL, NULL, NULL, '2024-12-13 03:05:22', '2024-12-13 03:05:22'),
(727, 'Barton Schuster I', 'carter.doris@example.com', NULL, '$2y$12$mVzEgldUc8xnOxUXSgiYgetoeqkA0iSuhhNOQ0I91MKijHt6Xq1sW', NULL, NULL, NULL, NULL, NULL, NULL, NULL, NULL, NULL, NULL, NULL, NULL, NULL, '2024-12-13 03:05:23', '2024-12-13 03:05:23'),
(728, 'Destin Fritsch IV', 'gstroman@example.net', NULL, '$2y$12$pKlr9UFhRuLxmznzb0JflON9wey0/gusefGj1iB8dEhSwmAqG6UWi', NULL, NULL, NULL, NULL, NULL, NULL, NULL, NULL, NULL, NULL, NULL, NULL, NULL, '2024-12-13 03:05:23', '2024-12-13 03:05:23'),
(729, 'Dr. Daphney Gusikowski Jr.', 'ramona.wiza@example.net', NULL, '$2y$12$furFipAdb6l5.77izaU.pO3slcyba9sZL/JeKjxxYkVxClRb0pH9C', NULL, NULL, NULL, NULL, NULL, NULL, NULL, NULL, NULL, NULL, NULL, NULL, NULL, '2024-12-13 03:05:24', '2024-12-13 03:05:24'),
(730, 'Mabel Graham', 'kunze.blair@example.org', NULL, '$2y$12$0hSlB4u3vbi5hvEEzSsecuoIpG6lWSRhgRpgcDNhS2FWlzcS3hFRG', NULL, NULL, NULL, NULL, NULL, NULL, NULL, NULL, NULL, NULL, NULL, NULL, NULL, '2024-12-13 03:05:24', '2024-12-13 03:05:24'),
(731, 'Henderson Littel', 'guy.okeefe@example.net', NULL, '$2y$12$YOIhOxUEqbCgLOYcBSGO3eapF6PHpXANccgHcscVIhmTUWiKS/q0C', NULL, NULL, NULL, NULL, NULL, NULL, NULL, NULL, NULL, NULL, NULL, NULL, NULL, '2024-12-13 03:05:25', '2024-12-13 03:05:25'),
(732, 'Prof. Alphonso Spinka', 'jgoldner@example.net', NULL, '$2y$12$T3vMmbkVr2mAaYWpJefhGO9kDTi6XYWmlOMzCnibIfw4Oz2h8SIC2', NULL, NULL, NULL, NULL, NULL, NULL, NULL, NULL, NULL, NULL, NULL, NULL, NULL, '2024-12-13 03:05:26', '2024-12-13 03:05:26'),
(733, 'Webster Hodkiewicz', 'anya79@example.com', NULL, '$2y$12$CBH9m24EIbvPIlS1dr9ljeg4Zdc/2041y2It2fwEyr.48obfKO5O6', NULL, NULL, NULL, NULL, NULL, NULL, NULL, NULL, NULL, NULL, NULL, NULL, NULL, '2024-12-13 03:05:26', '2024-12-13 03:05:26'),
(734, 'Buster Grimes', 'schuyler67@example.net', NULL, '$2y$12$/p34os0ZE0YrHS1KGVkmMOt8BVXGdGfNTz51..MW/0KhvazevBTDO', NULL, NULL, NULL, NULL, NULL, NULL, NULL, NULL, NULL, NULL, NULL, NULL, NULL, '2024-12-13 03:05:27', '2024-12-13 03:05:27'),
(735, 'Dr. Lowell Kreiger', 'kariane64@example.net', NULL, '$2y$12$Ze5cIn5kgaKG9VgPCivH4OaXtab6wvI92t7ZK02f563zYlgrHjMCm', NULL, NULL, NULL, NULL, NULL, NULL, NULL, NULL, NULL, NULL, NULL, NULL, NULL, '2024-12-13 03:05:27', '2024-12-13 03:05:27'),
(736, 'Laron Pacocha', 'amber76@example.com', NULL, '$2y$12$NPDJo4ENqnYkCka24Vn6FukfOxiCZNHHUnNQBIbY6UpVa3YhBDgp6', NULL, NULL, NULL, NULL, NULL, NULL, NULL, NULL, NULL, NULL, NULL, NULL, NULL, '2024-12-13 03:05:27', '2024-12-13 03:05:27'),
(737, 'Mr. Adonis Bergnaum IV', 'mae.paucek@example.com', NULL, '$2y$12$y2UtkdHf/9ISBepWghKs2.CY7HFDiOa61UIoaujGLTQgQWJ1C/7yy', NULL, NULL, NULL, NULL, NULL, NULL, NULL, NULL, NULL, NULL, NULL, NULL, NULL, '2024-12-13 03:05:28', '2024-12-13 03:05:28'),
(738, 'Dr. Arjun Kerluke', 'elza32@example.com', NULL, '$2y$12$VD9uwRxLsH3i6bhg4N.cjOQQ3UVtQYIaYM4kV0ny94am1n4lucLuC', NULL, NULL, NULL, NULL, NULL, NULL, NULL, NULL, NULL, NULL, NULL, NULL, NULL, '2024-12-13 03:05:28', '2024-12-13 03:05:28'),
(739, 'Meredith Koch', 'mae.vonrueden@example.org', NULL, '$2y$12$qiRERRR9cWY2NM2uDywmEuH1tDF95J0c2LTmnBb0v/S1BmyE66fQq', NULL, NULL, NULL, NULL, NULL, NULL, NULL, NULL, NULL, NULL, NULL, NULL, NULL, '2024-12-13 03:05:28', '2024-12-13 03:05:28'),
(740, 'Mr. Antonio Corkery DVM', 'trever.walsh@example.com', NULL, '$2y$12$VWE0B3Ckz7j0Hl/04UbY5.Tvp//e1yUPOsizcAhZFCyA0E2eiRNaC', NULL, NULL, NULL, NULL, NULL, NULL, NULL, NULL, NULL, NULL, NULL, NULL, NULL, '2024-12-13 03:05:28', '2024-12-13 03:05:28'),
(741, 'Adah Kertzmann', 'slittle@example.net', NULL, '$2y$12$2QFBJqFYXBDzqcY2aYZLrOMk/0kxWBy3ursutrBqlNndXWryrU5wG', NULL, NULL, NULL, NULL, NULL, NULL, NULL, NULL, NULL, NULL, NULL, NULL, NULL, '2024-12-13 03:05:29', '2024-12-13 03:05:29'),
(742, 'Mr. Edward Koss MD', 'xschmidt@example.com', NULL, '$2y$12$5kann7ObrP/WOEeGfdTW7u49td/I.6ulLzCoCwNGoCKrrqhS0vVgi', NULL, NULL, NULL, NULL, NULL, NULL, NULL, NULL, NULL, NULL, NULL, NULL, NULL, '2024-12-13 03:05:29', '2024-12-13 03:05:29'),
(743, 'Immanuel Hermiston', 'jwest@example.com', NULL, '$2y$12$Y4avcrxRbu5AXjf/G9Hh2ee82AaYyVZ03KjAOHMl/T8wdySGGcTza', NULL, NULL, NULL, NULL, NULL, NULL, NULL, NULL, NULL, NULL, NULL, NULL, NULL, '2024-12-13 03:05:29', '2024-12-13 03:05:29'),
(744, 'Corbin Langworth Jr.', 'bfadel@example.org', NULL, '$2y$12$YihL7eGhC74uOZ.rrxB1mufOXaLYoJ.6hExlqjJHdsSZHpJhXgMyq', NULL, NULL, NULL, NULL, NULL, NULL, NULL, NULL, NULL, NULL, NULL, NULL, NULL, '2024-12-13 03:05:29', '2024-12-13 03:05:29'),
(745, 'Mr. Omer Purdy I', 'hessel.raegan@example.net', NULL, '$2y$12$eNwTY2kDL1ZYQ7nlktOyIOqqrQKDj/SAP3M2ka0JopwLzWiCXeMze', NULL, NULL, NULL, NULL, NULL, NULL, NULL, NULL, NULL, NULL, NULL, NULL, NULL, '2024-12-13 03:05:30', '2024-12-13 03:05:30'),
(746, 'Mrs. Minerva Bahringer DVM', 'nya.gleason@example.net', NULL, '$2y$12$6YnDbs3/LWks16289Zyy2.4MsZUtpXPQcxJ5zeNNXm3W2SU2iC392', NULL, NULL, NULL, NULL, NULL, NULL, NULL, NULL, NULL, NULL, NULL, NULL, NULL, '2024-12-13 03:05:30', '2024-12-13 03:05:30'),
(747, 'Perry Pouros', 'janet.gutmann@example.org', NULL, '$2y$12$esT3EmCZ6RmukMm8hY1TyO/UscmZ.MZBNOyRHu9OO6XtmXbOQpieW', NULL, NULL, NULL, NULL, NULL, NULL, NULL, NULL, NULL, NULL, NULL, NULL, NULL, '2024-12-13 03:05:30', '2024-12-13 03:05:30'),
(748, 'Dr. Willie Lehner Jr.', 'pablo84@example.net', NULL, '$2y$12$L1F0Opr4ysiGfGBDdOFu5eU3pMKQQwxc0p.Z15tGs.aOSgdqqay0S', NULL, NULL, NULL, NULL, NULL, NULL, NULL, NULL, NULL, NULL, NULL, NULL, NULL, '2024-12-13 03:05:30', '2024-12-13 03:05:30'),
(749, 'Laurine Waelchi', 'mccullough.jacey@example.net', NULL, '$2y$12$yxzHImqNCHzTYPOCsZN5F.zKUwnTqoziYA6rRvhB.H8od1ivY90sy', NULL, NULL, NULL, NULL, NULL, NULL, NULL, NULL, NULL, NULL, NULL, NULL, NULL, '2024-12-13 03:05:30', '2024-12-13 03:05:30'),
(750, 'Mekhi Fisher', 'isai81@example.org', NULL, '$2y$12$TKKqxic3vYSXeR/u/rzy/Og8.LI1BN8txUFiFu0qRzI933TjY8ynq', NULL, NULL, NULL, NULL, NULL, NULL, NULL, NULL, NULL, NULL, NULL, NULL, NULL, '2024-12-13 03:05:31', '2024-12-13 03:05:31'),
(751, 'Wilton Huel DDS', 'carlotta.boehm@example.com', NULL, '$2y$12$S0w/8oJLwnugj/sVK5oHVuGRxM9Tji0nPkfbLMDX4yigmmwRpiSNq', NULL, NULL, NULL, NULL, NULL, NULL, NULL, NULL, NULL, NULL, NULL, NULL, NULL, '2024-12-13 03:05:31', '2024-12-13 03:05:31'),
(752, 'Prof. Anjali Ernser', 'borer.jamaal@example.com', NULL, '$2y$12$sSuf7Wm2eK2fY8se2SQO/.Risv08mj/nZFPpUmFdzmBZmyAVoJ43W', NULL, NULL, NULL, NULL, NULL, NULL, NULL, NULL, NULL, NULL, NULL, NULL, NULL, '2024-12-13 03:05:31', '2024-12-13 03:05:31'),
(753, 'Mr. Grover Hessel', 'baumbach.loy@example.com', NULL, '$2y$12$/gWGE5ojbyVkl48MmdZMt.tDRpFqw9AIsNpsEAC3YyKshGCRQSpZG', NULL, NULL, NULL, NULL, NULL, NULL, NULL, NULL, NULL, NULL, NULL, NULL, NULL, '2024-12-13 03:05:31', '2024-12-13 03:05:31'),
(754, 'Leanne Bednar', 'olga.mitchell@example.net', NULL, '$2y$12$c.PbSQYc73r82zuyrTnsTOnx8E/DkUw25k4Y9oLXq0ke3s0WgNQcy', NULL, NULL, NULL, NULL, NULL, NULL, NULL, NULL, NULL, NULL, NULL, NULL, NULL, '2024-12-13 03:05:32', '2024-12-13 03:05:32'),
(755, 'Rick Spinka I', 'evangeline94@example.net', NULL, '$2y$12$iVLcVRzKvsOrxMKIZiqEFeN10kDZKdeud6k3fKWY71uvVDcButVpe', NULL, NULL, NULL, NULL, NULL, NULL, NULL, NULL, NULL, NULL, NULL, NULL, NULL, '2024-12-13 03:05:32', '2024-12-13 03:05:32'),
(756, 'Mittie Bogisich', 'wyatt.flatley@example.org', NULL, '$2y$12$NTRTMYl/o8cShSyZQbmi.eAdWuUo45dqgAvIY0JnSt3l986qOxGk.', NULL, NULL, NULL, NULL, NULL, NULL, NULL, NULL, NULL, NULL, NULL, NULL, NULL, '2024-12-13 03:05:32', '2024-12-13 03:05:32'),
(757, 'Lurline Von', 'irving14@example.net', NULL, '$2y$12$SbsCfEnI1VyMOqdevPpUCO8YcfPGwFbajO4Y0M408EAcM4qtwf25y', NULL, NULL, NULL, NULL, NULL, NULL, NULL, NULL, NULL, NULL, NULL, NULL, NULL, '2024-12-13 03:05:32', '2024-12-13 03:05:32'),
(758, 'Ms. Francesca White', 'rae.crist@example.com', NULL, '$2y$12$zQ9Vtxbd57yu7dvqteQohOD8mRIYHaXI16Mi9MdNEVHXgtbn.6wa6', NULL, NULL, NULL, NULL, NULL, NULL, NULL, NULL, NULL, NULL, NULL, NULL, NULL, '2024-12-13 03:05:33', '2024-12-13 03:05:33'),
(759, 'Ulises Kuhic', 'erippin@example.org', NULL, '$2y$12$WPjhVbOAsNZUtSOhuVaxR.oBhbNS7d6bxduQqLTLIq63guZFoE4Iy', NULL, NULL, NULL, NULL, NULL, NULL, NULL, NULL, NULL, NULL, NULL, NULL, NULL, '2024-12-13 03:05:33', '2024-12-13 03:05:33'),
(760, 'Bradford Jacobs', 'margret08@example.org', NULL, '$2y$12$lu4IU5r0I.9TF/QKOYM2QO2L2QnNvJDPLLU8/8x7RRbAquGWcVwfG', NULL, NULL, NULL, NULL, NULL, NULL, NULL, NULL, NULL, NULL, NULL, NULL, NULL, '2024-12-13 03:05:33', '2024-12-13 03:05:33'),
(761, 'Marcos Dibbert', 'gerlach.austin@example.net', NULL, '$2y$12$pSwzURD.t9omtB9nI0e7Su3JL8po9cCqllnOjtDbNarOYBSepiUzq', NULL, NULL, NULL, NULL, NULL, NULL, NULL, NULL, NULL, NULL, NULL, NULL, NULL, '2024-12-13 03:05:33', '2024-12-13 03:05:33'),
(762, 'Lee Heidenreich', 'rosario.ratke@example.org', NULL, '$2y$12$DW4lzDy1snNbfKmLRpa3We2qCl8uuG0WD.BlFEVZ1vAgwiC7VYKo6', NULL, NULL, NULL, NULL, NULL, NULL, NULL, NULL, NULL, NULL, NULL, NULL, NULL, '2024-12-13 03:05:33', '2024-12-13 03:05:33'),
(763, 'Mr. Nils Doyle', 'davis.alford@example.com', NULL, '$2y$12$WwneHglG0pzyCHD1eclWfOhqJFSle.j1bDqY15C1Wg5otGCp8mz1m', NULL, NULL, NULL, NULL, NULL, NULL, NULL, NULL, NULL, NULL, NULL, NULL, NULL, '2024-12-13 03:05:34', '2024-12-13 03:05:34'),
(764, 'Jarrell Berge', 'lemke.jude@example.org', NULL, '$2y$12$6BS6gSvjQ3yF9bpkcm9VGew1/B8eyvKc1xM9uwG3as8uOxKybQRR.', NULL, NULL, NULL, NULL, NULL, NULL, NULL, NULL, NULL, NULL, NULL, NULL, NULL, '2024-12-13 03:05:34', '2024-12-13 03:05:34'),
(765, 'Gabe Fadel II', 'angel.abbott@example.net', NULL, '$2y$12$dQ8FLubt.WI4ej8APIPuqufNHGeMNlak8/9HMoIFRDnlaCOM/HJZ2', NULL, NULL, NULL, NULL, NULL, NULL, NULL, NULL, NULL, NULL, NULL, NULL, NULL, '2024-12-13 03:05:34', '2024-12-13 03:05:34'),
(766, 'Ophelia Thompson', 'gage14@example.com', NULL, '$2y$12$jPiwaxVjanEI25iewagLSO2y.XY8Q5Co1LljsqgwFmjmOTmw4cOr.', NULL, NULL, NULL, NULL, NULL, NULL, NULL, NULL, NULL, NULL, NULL, NULL, NULL, '2024-12-13 03:05:34', '2024-12-13 03:05:34'),
(767, 'Mr. Peter Durgan Sr.', 'vivianne.stroman@example.com', NULL, '$2y$12$dZHLlMRklK76d2YKKofyOu1fVIB1cg5HawuO7QAoLVSDz3IXeMZRa', NULL, NULL, NULL, NULL, NULL, NULL, NULL, NULL, NULL, NULL, NULL, NULL, NULL, '2024-12-13 03:05:35', '2024-12-13 03:05:35'),
(768, 'Clarissa Flatley', 'annalise.lubowitz@example.com', NULL, '$2y$12$qiE4VCQFnitvQdEhI40gyevyi/9PWGcapuEruxfZ4cvu1tQWCUOB2', NULL, NULL, NULL, NULL, NULL, NULL, NULL, NULL, NULL, NULL, NULL, NULL, NULL, '2024-12-13 03:05:35', '2024-12-13 03:05:35'),
(769, 'Ms. Trudie Berge Jr.', 'linda.turcotte@example.com', NULL, '$2y$12$M7U5loBK7jtXQZf1lBdK0OLy4NV3igbgQqt7O7ve8UYYFEFkz6GJC', NULL, NULL, NULL, NULL, NULL, NULL, NULL, NULL, NULL, NULL, NULL, NULL, NULL, '2024-12-13 03:05:35', '2024-12-13 03:05:35'),
(770, 'Loyce Kirlin', 'bailey.johnathon@example.net', NULL, '$2y$12$gz4zV4wSzPwNK1dxKExJYeX9cxhNqvZGatUUCNVxinRiBMo7ThPMC', NULL, NULL, NULL, NULL, NULL, NULL, NULL, NULL, NULL, NULL, NULL, NULL, NULL, '2024-12-13 03:05:35', '2024-12-13 03:05:35'),
(771, 'Mr. Max Olson', 'wilma.crona@example.org', NULL, '$2y$12$.99z6S.lBAOvQZLclRw9Fu2MhMBBBDFl7NMwBmXh7kzOyuEXkP7zW', NULL, NULL, NULL, NULL, NULL, NULL, NULL, NULL, NULL, NULL, NULL, NULL, NULL, '2024-12-13 03:05:36', '2024-12-13 03:05:36'),
(772, 'Jaquelin Larson', 'doyle21@example.org', NULL, '$2y$12$gFOIOlo4JdKHNiH.MHtj6.TRNu1rxtLNAIuH38aZfkR7St0kAaOba', NULL, NULL, NULL, NULL, NULL, NULL, NULL, NULL, NULL, NULL, NULL, NULL, NULL, '2024-12-13 03:05:36', '2024-12-13 03:05:36'),
(773, 'Miss Frances Botsford', 'ashly.rosenbaum@example.com', NULL, '$2y$12$w7fLipb5E0lTdN.St.55SuWUHLpmtfnKSeQ5laj1PfORdYHbuGiRG', NULL, NULL, NULL, NULL, NULL, NULL, NULL, NULL, NULL, NULL, NULL, NULL, NULL, '2024-12-13 03:05:36', '2024-12-13 03:05:36'),
(774, 'Cindy Dickinson', 'jacobs.celestino@example.org', NULL, '$2y$12$nm16sBwClRKvB6UNAzmmRu6XBiKSK76r6C2x39hn7ffZ3aUHKcY5u', NULL, NULL, NULL, NULL, NULL, NULL, NULL, NULL, NULL, NULL, NULL, NULL, NULL, '2024-12-13 03:05:36', '2024-12-13 03:05:36'),
(775, 'Javonte Dibbert', 'lschumm@example.org', NULL, '$2y$12$quZ/v2msF0g5U0c1njsSe.aKEtuqAqf7jiwfmXNN.BkxZMOXIGldO', NULL, NULL, NULL, NULL, NULL, NULL, NULL, NULL, NULL, NULL, NULL, NULL, NULL, '2024-12-13 03:05:36', '2024-12-13 03:05:36'),
(776, 'Aiyana Lynch', 'catalina71@example.net', NULL, '$2y$12$hgwUWaUKkWMUY4pV3ul.ZOQmCQBaR7OBhSd/ARPm2ziNt8onfblkW', NULL, NULL, NULL, NULL, NULL, NULL, NULL, NULL, NULL, NULL, NULL, NULL, NULL, '2024-12-13 03:05:37', '2024-12-13 03:05:37'),
(777, 'Mr. Matt Mayer', 'dulce.harris@example.com', NULL, '$2y$12$REMj14XI/ddHoPT9ep4w6.yKkPrp6Z59CSCYZTXq/lws3UDPnt8ky', NULL, NULL, NULL, NULL, NULL, NULL, NULL, NULL, NULL, NULL, NULL, NULL, NULL, '2024-12-13 03:05:37', '2024-12-13 03:05:37'),
(778, 'Neha Rodriguez', 'mueller.leola@example.org', NULL, '$2y$12$YvAJn/XBVoqbRlzUg5.Ib.n/b6ahBrxzXErwbZQRFF7iObuKRH0ZS', NULL, NULL, NULL, NULL, NULL, NULL, NULL, NULL, NULL, NULL, NULL, NULL, NULL, '2024-12-13 03:05:37', '2024-12-13 03:05:37'),
(779, 'Dr. Garnett Kuhlman', 'heidenreich.ike@example.org', NULL, '$2y$12$4fHS7w5z1NvoyzNrqBBNIOtQlUgsKy2p4Tq//YwrwH8jWTiNmTaT6', NULL, NULL, NULL, NULL, NULL, NULL, NULL, NULL, NULL, NULL, NULL, NULL, NULL, '2024-12-13 03:05:37', '2024-12-13 03:05:37'),
(780, 'Elsie O\'Keefe', 'moen.misty@example.org', NULL, '$2y$12$mFfgBRYbb0DJMRXcWVW3suAd.3BgN0f7tm1u34lFBhMF0DAH4hk1S', NULL, NULL, NULL, NULL, NULL, NULL, NULL, NULL, NULL, NULL, NULL, NULL, NULL, '2024-12-13 03:05:38', '2024-12-13 03:05:38'),
(781, 'Ms. Nelda Luettgen II', 'chadrick.mccullough@example.com', NULL, '$2y$12$A5s5kRUbu2t6Q7xFK4r6hujRiEYu6Tlpkqbrc95CuE27Yvaci7fCC', NULL, NULL, NULL, NULL, NULL, NULL, NULL, NULL, NULL, NULL, NULL, NULL, NULL, '2024-12-13 03:05:38', '2024-12-13 03:05:38'),
(782, 'Dr. Arielle Terry', 'lois95@example.org', NULL, '$2y$12$Jc9vuqBxd9Yp5nW/o.OTWOjXxeX56DG6u6jBI9V1enp0GBFWATeUm', NULL, NULL, NULL, NULL, NULL, NULL, NULL, NULL, NULL, NULL, NULL, NULL, NULL, '2024-12-13 03:05:38', '2024-12-13 03:05:38'),
(783, 'Ebony Gleason DVM', 'rdach@example.net', NULL, '$2y$12$JqH.Sdb0MRBciiBSOECKqeCuGiSMWxWqhMeKXaDOdIdiSMH3eopSi', NULL, NULL, NULL, NULL, NULL, NULL, NULL, NULL, NULL, NULL, NULL, NULL, NULL, '2024-12-13 03:05:38', '2024-12-13 03:05:38'),
(784, 'Ernesto Friesen', 'danderson@example.net', NULL, '$2y$12$5phUPxzhonA/nILmSuEj.eVktVywXpuGPP24vOS8A5Z7NUcFTCkCS', NULL, NULL, NULL, NULL, NULL, NULL, NULL, NULL, NULL, NULL, NULL, NULL, NULL, '2024-12-13 03:05:39', '2024-12-13 03:05:39'),
(785, 'Korbin Hand', 'rosalia65@example.org', NULL, '$2y$12$Vxm009gxA1MK/A4gByKWo.6uhJg1YU8uB7tNF9Zoq4ySYBT4DhfrG', NULL, NULL, NULL, NULL, NULL, NULL, NULL, NULL, NULL, NULL, NULL, NULL, NULL, '2024-12-13 03:05:39', '2024-12-13 03:05:39'),
(786, 'Issac Feil I', 'liam63@example.org', NULL, '$2y$12$paD7ucukJ7QuYKqyB4ewHu6bbFD65GW7k9y.GmXAZxAesNcyGrv7q', NULL, NULL, NULL, NULL, NULL, NULL, NULL, NULL, NULL, NULL, NULL, NULL, NULL, '2024-12-13 03:05:39', '2024-12-13 03:05:39'),
(787, 'Waldo Murphy DVM', 'ostoltenberg@example.com', NULL, '$2y$12$hW.65qU5GqD1YcgaNxZwa.qyOB9dJd1Dmyi4Vi6/YNKc3mF9i4I1e', NULL, NULL, NULL, NULL, NULL, NULL, NULL, NULL, NULL, NULL, NULL, NULL, NULL, '2024-12-13 03:05:39', '2024-12-13 03:05:39'),
(788, 'Stefan Schuppe', 'nikolaus.pansy@example.org', NULL, '$2y$12$2YQwsylYtQtNaTukCPP.JeyKaxDxoOC/WblEBBgSWkl..A5WgKV.K', NULL, NULL, NULL, NULL, NULL, NULL, NULL, NULL, NULL, NULL, NULL, NULL, NULL, '2024-12-13 03:05:39', '2024-12-13 03:05:39'),
(789, 'Bonnie Reilly I', 'jacobson.sophie@example.com', NULL, '$2y$12$zT5.fMJC71HRc3WrevApo.T12XIGLPIvRZZDDH5z/ugidL2OlLJs6', NULL, NULL, NULL, NULL, NULL, NULL, NULL, NULL, NULL, NULL, NULL, NULL, NULL, '2024-12-13 03:05:40', '2024-12-13 03:05:40'),
(790, 'Mose Padberg MD', 'streich.rebekah@example.org', NULL, '$2y$12$wXyervjqFrJJGa3Vp2TO3enEX0Xi9GtSi7HVVL1vvEiOy.BysoYzO', NULL, NULL, NULL, NULL, NULL, NULL, NULL, NULL, NULL, NULL, NULL, NULL, NULL, '2024-12-13 03:05:40', '2024-12-13 03:05:40'),
(791, 'Pete Jast', 'brandi.johnson@example.com', NULL, '$2y$12$FKckn1EjpM2EmRP5SWwQIeYrhFOWSDYzqk79FHNaDyqsyUW5NF7X6', NULL, NULL, NULL, NULL, NULL, NULL, NULL, NULL, NULL, NULL, NULL, NULL, NULL, '2024-12-13 03:05:40', '2024-12-13 03:05:40'),
(792, 'Malika Yundt', 'rodriguez.camron@example.net', NULL, '$2y$12$E41.Imxa0Gs/geLnCukAUO6llab/ywIYHIQMJvWtI3QI93MP4ofne', NULL, NULL, NULL, NULL, NULL, NULL, NULL, NULL, NULL, NULL, NULL, NULL, NULL, '2024-12-13 03:05:40', '2024-12-13 03:05:40'),
(793, 'Carlo Vandervort', 'sylvan37@example.com', NULL, '$2y$12$vsAZVzdrXTK4SBgJvEg6EOvMMLrsMrKCZbKwiZtmIOGb4jSjYfkq2', NULL, NULL, NULL, NULL, NULL, NULL, NULL, NULL, NULL, NULL, NULL, NULL, NULL, '2024-12-13 03:05:41', '2024-12-13 03:05:41'),
(794, 'Eli Morissette', 'taurean.purdy@example.com', NULL, '$2y$12$8vwXzqVsxL9C0ma266GD1.lA8kt19bg57FuZFXtmrHQ6GUpsmxqJW', NULL, NULL, NULL, NULL, NULL, NULL, NULL, NULL, NULL, NULL, NULL, NULL, NULL, '2024-12-13 03:05:41', '2024-12-13 03:05:41'),
(795, 'Miss Jennie Senger', 'gutmann.cloyd@example.net', NULL, '$2y$12$NkMzzcotFbmfUceNjqCCL.3XXYNqAVy8QBfhVVq.bKIpgZztfZG4G', NULL, NULL, NULL, NULL, NULL, NULL, NULL, NULL, NULL, NULL, NULL, NULL, NULL, '2024-12-13 03:05:41', '2024-12-13 03:05:41'),
(796, 'Beryl Reinger', 'joel59@example.com', NULL, '$2y$12$s0oKkAjtVZCIcKZe.96O0OBfqX0lIrr3V0iJWJbFiTtU./R0vtEca', NULL, NULL, NULL, NULL, NULL, NULL, NULL, NULL, NULL, NULL, NULL, NULL, NULL, '2024-12-13 03:05:41', '2024-12-13 03:05:41'),
(797, 'Dr. Davin Labadie V', 'friesen.gilda@example.net', NULL, '$2y$12$DG3vkJCJr2CvYcaU/OrtceM8gNhKlzoJUYYWJdlbU.r9wToVQPP9q', NULL, NULL, NULL, NULL, NULL, NULL, NULL, NULL, NULL, NULL, NULL, NULL, NULL, '2024-12-13 03:05:42', '2024-12-13 03:05:42'),
(798, 'Sonia Murazik', 'rowena15@example.com', NULL, '$2y$12$uwzBWyGJwioQAOdTKaPvFedF/JZWsLgnpg.PtJsx6Xlecthrd7weS', NULL, NULL, NULL, NULL, NULL, NULL, NULL, NULL, NULL, NULL, NULL, NULL, NULL, '2024-12-13 03:05:42', '2024-12-13 03:05:42'),
(799, 'Heber Koelpin II', 'shields.florencio@example.com', NULL, '$2y$12$np6YsRikqX3/woCqo47B.eOyxZR9gegLGPC1WMcQ0VmZqJj3NULNK', NULL, NULL, NULL, NULL, NULL, NULL, NULL, NULL, NULL, NULL, NULL, NULL, NULL, '2024-12-13 03:05:42', '2024-12-13 03:05:42'),
(800, 'Bertrand Lebsack', 'awitting@example.net', NULL, '$2y$12$olqH09rlfc51d4gzg9255OVAgyFOdPrPXKvvaPHbRYyvOyHBvD8Ty', NULL, NULL, NULL, NULL, NULL, NULL, NULL, NULL, NULL, NULL, NULL, NULL, NULL, '2024-12-13 03:05:42', '2024-12-13 03:05:42'),
(801, 'Ms. Kali Wuckert', 'wehner.darby@example.org', NULL, '$2y$12$F60ZJfIBmD7/AFZphQF/cOKAHvTLjmdqaY9JXcQu.NhdSsYGKfHc2', NULL, NULL, NULL, NULL, NULL, NULL, NULL, NULL, NULL, NULL, NULL, NULL, NULL, '2024-12-13 03:05:43', '2024-12-13 03:05:43'),
(802, 'Ms. River Jacobson DDS', 'bbode@example.net', NULL, '$2y$12$PmlcBanr3VSbfbSRhQZYDOHTOtVtJs5eC7zQN.iCdYfSZYgl8epcm', NULL, NULL, NULL, NULL, NULL, NULL, NULL, NULL, NULL, NULL, NULL, NULL, NULL, '2024-12-13 03:05:43', '2024-12-13 03:05:43'),
(803, 'Trisha O\'Conner', 'bergnaum.antwon@example.net', NULL, '$2y$12$aW1PchdyGjXqvafBWNgEHO0qvtYSdxeVXA3XXfVKZrDqmv8gZemYe', NULL, NULL, NULL, NULL, NULL, NULL, NULL, NULL, NULL, NULL, NULL, NULL, NULL, '2024-12-13 03:05:43', '2024-12-13 03:05:43'),
(804, 'Anabelle Hermann', 'bettye31@example.com', NULL, '$2y$12$svQTSkWRvN22pyiRcoyG2.WBmN8JT08d7NeVjdwzsRMtIjg17y4iK', NULL, NULL, NULL, NULL, NULL, NULL, NULL, NULL, NULL, NULL, NULL, NULL, NULL, '2024-12-13 03:05:43', '2024-12-13 03:05:43'),
(805, 'Kenya Jenkins', 'gorczany.marge@example.com', NULL, '$2y$12$8YVpMDSSu7m/aPW.WqDTAOaBHgGltC5Ks2m.jSR7ScT8EXaa5kg2e', NULL, NULL, NULL, NULL, NULL, NULL, NULL, NULL, NULL, NULL, NULL, NULL, NULL, '2024-12-13 03:05:43', '2024-12-13 03:05:43'),
(806, 'Helmer Lynch', 'lang.karen@example.net', NULL, '$2y$12$ZvKAdfBw2BG//Bm2cDQ/w.Cv2W.2nR1PniIWyraz9pMqOYzZlHC2i', NULL, NULL, NULL, NULL, NULL, NULL, NULL, NULL, NULL, NULL, NULL, NULL, NULL, '2024-12-13 03:05:44', '2024-12-13 03:05:44'),
(807, 'Maddison Zieme', 'bayer.charity@example.net', NULL, '$2y$12$hlsDkPNDpQJ1OikI8HGpsuVcriRSrWIWWb06DutkrXNdPj2d.mtBu', NULL, NULL, NULL, NULL, NULL, NULL, NULL, NULL, NULL, NULL, NULL, NULL, NULL, '2024-12-13 03:05:44', '2024-12-13 03:05:44'),
(808, 'Gertrude Rath', 'halvorson.elmore@example.com', NULL, '$2y$12$TDklndKOXgceBW8ek8z7T.ikMiArQMl3PqNbU2f5IQQ3KDNpj8hgO', NULL, NULL, NULL, NULL, NULL, NULL, NULL, NULL, NULL, NULL, NULL, NULL, NULL, '2024-12-13 03:05:44', '2024-12-13 03:05:44'),
(809, 'Kiera Ratke', 'ondricka.lisette@example.net', NULL, '$2y$12$6O2XEKHquh4fM/ycd9PDFe2ibmXSrFJf1dwzhaKiKGSx04axkjuWW', NULL, NULL, NULL, NULL, NULL, NULL, NULL, NULL, NULL, NULL, NULL, NULL, NULL, '2024-12-13 03:05:44', '2024-12-13 03:05:44');
INSERT INTO `users` (`id`, `name`, `email`, `email_verified_at`, `password`, `two_factor_secret`, `two_factor_recovery_codes`, `two_factor_confirmed_at`, `date_of_birth`, `phone_number`, `address`, `city`, `state`, `zip_code`, `remember_token`, `current_team_id`, `profile_photo_path`, `deleted_at`, `created_at`, `updated_at`) VALUES
(810, 'Domenica Stehr', 'jenkins.consuelo@example.org', NULL, '$2y$12$kv75QuOFW.twTO1t.7CHHuXtJPWoj0ywn9/o7QPYPJWUqsW0yP2uq', NULL, NULL, NULL, NULL, NULL, NULL, NULL, NULL, NULL, NULL, NULL, NULL, NULL, '2024-12-13 03:05:45', '2024-12-13 03:05:45'),
(811, 'Prince Brown II', 'lyda.prosacco@example.com', NULL, '$2y$12$7MNn0vAUqJ8nh7WwE9iWBug8bbJmPot8SuWjMmKcK8a1qjdyVkaY2', NULL, NULL, NULL, NULL, NULL, NULL, NULL, NULL, NULL, NULL, NULL, NULL, NULL, '2024-12-13 03:05:45', '2024-12-13 03:05:45'),
(812, 'Macy Beer', 'jpurdy@example.com', NULL, '$2y$12$YozQga7ciip/jTkxuQ5QsOqPWFyfuhgLPo6VE/zNguWfPDaRN2PUm', NULL, NULL, NULL, NULL, NULL, NULL, NULL, NULL, NULL, NULL, NULL, NULL, NULL, '2024-12-13 03:05:45', '2024-12-13 03:05:45'),
(813, 'Jennie Fahey', 'juliana15@example.net', NULL, '$2y$12$Ga2KCksAf.mDUNQIxxu6feU3DNztR44P/W7/ulCD18SHunAUOxXCe', NULL, NULL, NULL, NULL, NULL, NULL, NULL, NULL, NULL, NULL, NULL, NULL, NULL, '2024-12-13 03:05:45', '2024-12-13 03:05:45'),
(814, 'Dr. Edwin Harber', 'mayert.amir@example.net', NULL, '$2y$12$RBEhV.SLR1BV5sqWaUtsUONY1NYeeHDUhnpQBwsFYitEFYxOtPVRm', NULL, NULL, NULL, NULL, NULL, NULL, NULL, NULL, NULL, NULL, NULL, NULL, NULL, '2024-12-13 03:05:45', '2024-12-13 03:05:45'),
(815, 'Dr. Jaren Barrows', 'skiles.asia@example.org', NULL, '$2y$12$5Q2XbZTA8fo4TwKhCMrl..DYUXM5Cvfy8z24BC3P/aR0TXh7Wu1d6', NULL, NULL, NULL, NULL, NULL, NULL, NULL, NULL, NULL, NULL, NULL, NULL, NULL, '2024-12-13 03:05:46', '2024-12-13 03:05:46'),
(816, 'Prof. Bertrand Schuppe', 'ybechtelar@example.org', NULL, '$2y$12$AZxT/RH2MeOb9BDotmudNO7TyemS2tAxSYb.PFX4Ksd/y4kCaYS.G', NULL, NULL, NULL, NULL, NULL, NULL, NULL, NULL, NULL, NULL, NULL, NULL, NULL, '2024-12-13 03:05:46', '2024-12-13 03:05:46'),
(817, 'Miss Wilhelmine Hilpert', 'alanna32@example.org', NULL, '$2y$12$1IX16wEq/v/CUmZZ6EYQdOevV3zhBBAYrkRYTV0f8ewNMErt2WB4u', NULL, NULL, NULL, NULL, NULL, NULL, NULL, NULL, NULL, NULL, NULL, NULL, NULL, '2024-12-13 03:05:46', '2024-12-13 03:05:46'),
(818, 'Weldon Hodkiewicz', 'hilton26@example.net', NULL, '$2y$12$P4DZw9eET7DJ50w21JB.f.oWSFz6qWZMLmYcZYDJHG4PS6xxaBhU2', NULL, NULL, NULL, NULL, NULL, NULL, NULL, NULL, NULL, NULL, NULL, NULL, NULL, '2024-12-13 03:05:46', '2024-12-13 03:05:46'),
(819, 'Tyrel Muller', 'dickens.harry@example.org', NULL, '$2y$12$1wX.Rp2wkgkjAYSa9sXi/.dhyx3MXRJtxjkJ4fKy.n2ZWs5PeV5KC', NULL, NULL, NULL, NULL, NULL, NULL, NULL, NULL, NULL, NULL, NULL, NULL, NULL, '2024-12-13 03:05:47', '2024-12-13 03:05:47'),
(820, 'Forrest Schaden', 'uschaefer@example.com', NULL, '$2y$12$cPxRuQrI555HBB392V8rvuFHSx.B8FFEfWvo0lfLdGlaO7q587t5W', NULL, NULL, NULL, NULL, NULL, NULL, NULL, NULL, NULL, NULL, NULL, NULL, NULL, '2024-12-13 03:05:47', '2024-12-13 03:05:47'),
(821, 'Maiya Stroman', 'claudine39@example.net', NULL, '$2y$12$o5jNj5fyizzMpm1avxXyYOG52/W7YUa.PLWdqdI2BxbWBYc0eNDCm', NULL, NULL, NULL, NULL, NULL, NULL, NULL, NULL, NULL, NULL, NULL, NULL, NULL, '2024-12-13 03:05:47', '2024-12-13 03:05:47'),
(822, 'Enrico Dooley', 'cummings.scarlett@example.com', NULL, '$2y$12$UW4xx7OjvCAl6pW9k/QR/OfuWLFIa3lxwsMrj0R1RDpcXtxLPia6a', NULL, NULL, NULL, NULL, NULL, NULL, NULL, NULL, NULL, NULL, NULL, NULL, NULL, '2024-12-13 03:05:47', '2024-12-13 03:05:47'),
(823, 'Mrs. Katelynn Macejkovic', 'rex.mante@example.com', NULL, '$2y$12$udpEKS/OtfVkJyGIJaYWUO0tue8Dz4bv6mVERZpBTwuI67oXaAr46', NULL, NULL, NULL, NULL, NULL, NULL, NULL, NULL, NULL, NULL, NULL, NULL, NULL, '2024-12-13 03:05:47', '2024-12-13 03:05:47'),
(824, 'Carli Smith DVM', 'mackenzie01@example.com', NULL, '$2y$12$b7xYHGHJAGje/xb25kL0t.slJE9038aPiCtjFWd..3FT7uPZRxUGe', NULL, NULL, NULL, NULL, NULL, NULL, NULL, NULL, NULL, NULL, NULL, NULL, NULL, '2024-12-13 03:05:48', '2024-12-13 03:05:48'),
(825, 'Ellis Muller DVM', 'davin.weissnat@example.org', NULL, '$2y$12$vbL7SAFBJN6wN1o5tRFcBuKSk.f87QvKRRB0D5wo6eWfXhoC29zZK', NULL, NULL, NULL, NULL, NULL, NULL, NULL, NULL, NULL, NULL, NULL, NULL, NULL, '2024-12-13 03:05:48', '2024-12-13 03:05:48'),
(826, 'Laverne Bechtelar', 'brendan.feeney@example.net', NULL, '$2y$12$WP5EhPS06zRkll8xzusxmuWrCHutTDMENfIKJBPsm9gxw3qXidjvu', NULL, NULL, NULL, NULL, NULL, NULL, NULL, NULL, NULL, NULL, NULL, NULL, NULL, '2024-12-13 03:05:48', '2024-12-13 03:05:48'),
(827, 'Miss Trycia Hammes', 'bianka.oconner@example.net', NULL, '$2y$12$CPO6hb55BI0.3TxFXoBfYe0EPMoqizcrQ3VJBVDwcy1ckNEX.KCfe', NULL, NULL, NULL, NULL, NULL, NULL, NULL, NULL, NULL, NULL, NULL, NULL, NULL, '2024-12-13 03:05:48', '2024-12-13 03:05:48'),
(828, 'Prof. Leopold Crooks', 'yglover@example.org', NULL, '$2y$12$x/jU2x857yu.wQ9QXdNRD.iPapekP8vff94NqEgbndclpySO6Kg/6', NULL, NULL, NULL, NULL, NULL, NULL, NULL, NULL, NULL, NULL, NULL, NULL, NULL, '2024-12-13 03:05:49', '2024-12-13 03:05:49'),
(829, 'Kira Hansen', 'dkoss@example.com', NULL, '$2y$12$2Gi/th84NwL9soWn.6MpreTLUzTbcLws4/oEnt3hletfnQVhiBeje', NULL, NULL, NULL, NULL, NULL, NULL, NULL, NULL, NULL, NULL, NULL, NULL, NULL, '2024-12-13 03:05:49', '2024-12-13 03:05:49'),
(830, 'Madaline Ratke', 'bruecker@example.org', NULL, '$2y$12$9nfdSMEOCHdrUCWjF9KveOV0ADX.XgiDocfAv/R.txphgEzEtiGZi', NULL, NULL, NULL, NULL, NULL, NULL, NULL, NULL, NULL, NULL, NULL, NULL, NULL, '2024-12-13 03:05:49', '2024-12-13 03:05:49'),
(831, 'Reva Roberts Sr.', 'beahan.maybelle@example.com', NULL, '$2y$12$P3oDy6lzsn1q4EsIjKdfuukdV8zTMFD0FmM1IMjfIS6YI9aCwrN9C', NULL, NULL, NULL, NULL, NULL, NULL, NULL, NULL, NULL, NULL, NULL, NULL, NULL, '2024-12-13 03:05:49', '2024-12-13 03:05:49'),
(832, 'Gwen Douglas', 'jsteuber@example.com', NULL, '$2y$12$tf48Ejo73/0K.hxQ2wzUE.Oldoqza86sofaxgs5AR0KIbRrWwx1qW', NULL, NULL, NULL, NULL, NULL, NULL, NULL, NULL, NULL, NULL, NULL, NULL, NULL, '2024-12-13 03:05:50', '2024-12-13 03:05:50'),
(833, 'Antone Morar II', 'lvolkman@example.com', NULL, '$2y$12$fumLZz3AudwkA5iG7hc1zu6ir3WLeKrkaqPYvvYOjafXTu5oQuaIa', NULL, NULL, NULL, NULL, NULL, NULL, NULL, NULL, NULL, NULL, NULL, NULL, NULL, '2024-12-13 03:05:50', '2024-12-13 03:05:50'),
(834, 'Gerardo Kuvalis', 'ikihn@example.org', NULL, '$2y$12$M0keAQrH4BDbMUQ8KrtJTuPPsXN/2ASe0D956XAVwoUw3.gTQqrO.', NULL, NULL, NULL, NULL, NULL, NULL, NULL, NULL, NULL, NULL, NULL, NULL, NULL, '2024-12-13 03:05:50', '2024-12-13 03:05:50'),
(835, 'Prof. Sasha Lueilwitz', 'edurgan@example.net', NULL, '$2y$12$GTsy9d8H59EENN.Az.b.zufk1WswZF6yOo.Hi2SRpokZ6ufuDIcAK', NULL, NULL, NULL, NULL, NULL, NULL, NULL, NULL, NULL, NULL, NULL, NULL, NULL, '2024-12-13 03:05:50', '2024-12-13 03:05:50'),
(836, 'Rhianna Donnelly', 'doug50@example.com', NULL, '$2y$12$wegjhqiWqc4/svbmZ87uxeZWKSDPKlX9VB3DZRwsr8nknEw5jZ0G2', NULL, NULL, NULL, NULL, NULL, NULL, NULL, NULL, NULL, NULL, NULL, NULL, NULL, '2024-12-13 03:05:50', '2024-12-13 03:05:50'),
(837, 'Sheldon Gutmann', 'purdy.jadyn@example.com', NULL, '$2y$12$teYuiHs.G.rJ.BHCcgR2k.IA5RAmC.kT1FYd54o/dgwaQQQyCPPaq', NULL, NULL, NULL, NULL, NULL, NULL, NULL, NULL, NULL, NULL, NULL, NULL, NULL, '2024-12-13 03:05:51', '2024-12-13 03:05:51'),
(838, 'Moshe Kemmer', 'hyatt.alayna@example.net', NULL, '$2y$12$Zh68iSRu9/q4aZOlV7rftuzcM1xxa05HbaDaeloaLsup9B5UW9j.2', NULL, NULL, NULL, NULL, NULL, NULL, NULL, NULL, NULL, NULL, NULL, NULL, NULL, '2024-12-13 03:05:51', '2024-12-13 03:05:51'),
(839, 'Jessie Brekke', 'millie.king@example.com', NULL, '$2y$12$E7HiaDG1.wVnwH74GdtwBeaG86ccg830UHgD7pQTJu3KFUrJ0297W', NULL, NULL, NULL, NULL, NULL, NULL, NULL, NULL, NULL, NULL, NULL, NULL, NULL, '2024-12-13 03:05:51', '2024-12-13 03:05:51'),
(840, 'Lula Shields IV', 'savanna.bartoletti@example.com', NULL, '$2y$12$r8DtKSGMe.QMpy1u/b6QYOm/b3s5iZpq1Jy1Quq779raZW0kZOo3K', NULL, NULL, NULL, NULL, NULL, NULL, NULL, NULL, NULL, NULL, NULL, NULL, NULL, '2024-12-13 03:05:51', '2024-12-13 03:05:51'),
(841, 'Aliyah Rutherford V', 'pcasper@example.com', NULL, '$2y$12$TmIaxfUrunQifX/zZxnUBem9dBCVahd0BRRXiEz3wM1tpudX5Vym6', NULL, NULL, NULL, NULL, NULL, NULL, NULL, NULL, NULL, NULL, NULL, NULL, NULL, '2024-12-13 03:05:52', '2024-12-13 03:05:52'),
(842, 'Prof. Lexi Wilkinson I', 'royce.kautzer@example.com', NULL, '$2y$12$XFhIBG4jP4iAscqRBHXLruVS84Bl8VXA0xe7iYB8D8MznfkxsbO7m', NULL, NULL, NULL, NULL, NULL, NULL, NULL, NULL, NULL, NULL, NULL, NULL, NULL, '2024-12-13 03:05:52', '2024-12-13 03:05:52'),
(843, 'Dr. Mason Halvorson III', 'ojast@example.com', NULL, '$2y$12$EZLxpE/HYJsDZJ1Cfyjx4.MXcdrgH9HRByDEn5oe8AsqrjVavfZKu', NULL, NULL, NULL, NULL, NULL, NULL, NULL, NULL, NULL, NULL, NULL, NULL, NULL, '2024-12-13 03:05:52', '2024-12-13 03:05:52'),
(844, 'Ms. Mafalda Glover', 'theodore42@example.net', NULL, '$2y$12$h5PYSq7IdiPZi2bbJaJuR.1CRJ/UC/Ciw.e6rc8ZeGvpx.IQS0VgW', NULL, NULL, NULL, NULL, NULL, NULL, NULL, NULL, NULL, NULL, NULL, NULL, NULL, '2024-12-13 03:05:52', '2024-12-13 03:05:52'),
(845, 'Omer Marvin', 'yhegmann@example.org', NULL, '$2y$12$ukIth0MSc.Ymkd7H9GXkRe7HDhde5V1xZeVlcEkaQ.1lbk6vm5QOq', NULL, NULL, NULL, NULL, NULL, NULL, NULL, NULL, NULL, NULL, NULL, NULL, NULL, '2024-12-13 03:05:53', '2024-12-13 03:05:53'),
(846, 'Keshawn Grimes', 'yost.trystan@example.net', NULL, '$2y$12$sD0xtFXfVnOKamzhKjd/rO6U456/15jhVA/QAbGhkQn4isIUv2Jrm', NULL, NULL, NULL, NULL, NULL, NULL, NULL, NULL, NULL, NULL, NULL, NULL, NULL, '2024-12-13 03:05:53', '2024-12-13 03:05:53'),
(847, 'Octavia White DDS', 'thora.wiegand@example.org', NULL, '$2y$12$FTTBROtthEvWDc1PCr6KmeYGbbZonpipL9yj02IAZv5vEePfVYzm6', NULL, NULL, NULL, NULL, NULL, NULL, NULL, NULL, NULL, NULL, NULL, NULL, NULL, '2024-12-13 03:05:53', '2024-12-13 03:05:53'),
(848, 'Mertie Larkin I', 'alyson62@example.net', NULL, '$2y$12$QGlrLLEdJezf/WdRUDA3WOtMJNLSuWvOmWaO21n2y8UMFGT/OgP9W', NULL, NULL, NULL, NULL, NULL, NULL, NULL, NULL, NULL, NULL, NULL, NULL, NULL, '2024-12-13 03:05:53', '2024-12-13 03:05:53'),
(849, 'Prof. Leonard Quitzon PhD', 'sadye38@example.org', NULL, '$2y$12$lC9sbpL17p/JoY6cEdq4MO/Dmaq/E5ee6kvl2ne0/lvMx4e.cGgKa', NULL, NULL, NULL, NULL, NULL, NULL, NULL, NULL, NULL, NULL, NULL, NULL, NULL, '2024-12-13 03:05:54', '2024-12-13 03:05:54'),
(850, 'Christophe Hegmann', 'kyler.emmerich@example.net', NULL, '$2y$12$5cAKNNhkqt2H2R6WKgpu7.6OJEpOM9Th42HIdUuHLfm29shJYFqSi', NULL, NULL, NULL, NULL, NULL, NULL, NULL, NULL, NULL, NULL, NULL, NULL, NULL, '2024-12-13 03:05:54', '2024-12-13 03:05:54'),
(851, 'Prof. Litzy Stanton V', 'audie.watsica@example.net', NULL, '$2y$12$ZYg4tAZj0tDF7rFinDfT3ehpCXiUZ.Ht3YUCoVW/xBnh1tdWqV.Ii', NULL, NULL, NULL, NULL, NULL, NULL, NULL, NULL, NULL, NULL, NULL, NULL, NULL, '2024-12-13 03:05:54', '2024-12-13 03:05:54'),
(852, 'Arno Reynolds', 'lueilwitz.nicholaus@example.org', NULL, '$2y$12$R0N2R1JxH7vdIJPLG/ASIuGCtth3PXWYCA2S.r.v7Wr7RM2EdBvka', NULL, NULL, NULL, NULL, NULL, NULL, NULL, NULL, NULL, NULL, NULL, NULL, NULL, '2024-12-13 03:05:54', '2024-12-13 03:05:54'),
(853, 'Dr. Meta Upton DVM', 'consuelo00@example.com', NULL, '$2y$12$P/W3x9wk4KVk.vx.db55xucpURciQjxFUuzHxVzN59kzncogAIKmG', NULL, NULL, NULL, NULL, NULL, NULL, NULL, NULL, NULL, NULL, NULL, NULL, NULL, '2024-12-13 03:05:54', '2024-12-13 03:05:54'),
(854, 'Bryce Cummings', 'murazik.misty@example.net', NULL, '$2y$12$B/mVuICt1Xrj.sU7e2MeT.ZRUFP7BNaMM3aTQXss27SlqWNY4u5aS', NULL, NULL, NULL, NULL, NULL, NULL, NULL, NULL, NULL, NULL, NULL, NULL, NULL, '2024-12-13 03:05:55', '2024-12-13 03:05:55'),
(855, 'Mr. Dennis Ratke IV', 'bridgette.cremin@example.org', NULL, '$2y$12$F37buRM.BADv69j0AyffN.LswCWPSzXisM/6CNc3LJVHARnJL9liG', NULL, NULL, NULL, NULL, NULL, NULL, NULL, NULL, NULL, NULL, NULL, NULL, NULL, '2024-12-13 03:05:55', '2024-12-13 03:05:55'),
(856, 'Dr. Golden Ratke', 'tromp.godfrey@example.org', NULL, '$2y$12$EaQztIagnvAPZv8zN8M5OeQyyQFEMjkjunDRE0yOAguwPw1gv/UhK', NULL, NULL, NULL, NULL, NULL, NULL, NULL, NULL, NULL, NULL, NULL, NULL, NULL, '2024-12-13 03:05:55', '2024-12-13 03:05:55'),
(857, 'Eloy Botsford', 'loma60@example.org', NULL, '$2y$12$o5AyJXfZcImFCqh54lRLdO5kCkxy9qWgPO3Gg93wboTdf4QuU6dj.', NULL, NULL, NULL, NULL, NULL, NULL, NULL, NULL, NULL, NULL, NULL, NULL, NULL, '2024-12-13 03:05:55', '2024-12-13 03:05:55'),
(858, 'Prof. Jeramie Parisian MD', 'antwan88@example.org', NULL, '$2y$12$5iEcvd/5xEbclGVLLi2R7Ojg8ejydw/w6frDRBKuMIzC1a7AW0mhW', NULL, NULL, NULL, NULL, NULL, NULL, NULL, NULL, NULL, NULL, NULL, NULL, NULL, '2024-12-13 03:05:56', '2024-12-13 03:05:56'),
(859, 'Mason Hahn', 'sporer.stephanie@example.net', NULL, '$2y$12$MvlUmZB2CN2rTc.gOARtmObnPMjsu9jRTtpn7zlCMqiEwmPNkq6p.', NULL, NULL, NULL, NULL, NULL, NULL, NULL, NULL, NULL, NULL, NULL, NULL, NULL, '2024-12-13 03:05:56', '2024-12-13 03:05:56'),
(860, 'Margarett Oberbrunner II', 'tbergstrom@example.net', NULL, '$2y$12$iEeSGcpmInT/W6WPOzQXee6n67vqDkNO9aBp1dmajgT0ABxxELJSO', NULL, NULL, NULL, NULL, NULL, NULL, NULL, NULL, NULL, NULL, NULL, NULL, NULL, '2024-12-13 03:05:56', '2024-12-13 03:05:56'),
(861, 'Joy Cronin', 'norwood83@example.com', NULL, '$2y$12$5iagTB9ct.g./yOqLyreLugA0EHaGSca3K/nVwDGHOr2dp9CDupJW', NULL, NULL, NULL, NULL, NULL, NULL, NULL, NULL, NULL, NULL, NULL, NULL, NULL, '2024-12-13 03:05:56', '2024-12-13 03:05:56'),
(862, 'Agnes Bartell', 'crona.ola@example.net', NULL, '$2y$12$PKZwkkQWLIitiUfzSJQ04uYJOP22tlbbveB1Dt4BB0GfxyJP6t65u', NULL, NULL, NULL, NULL, NULL, NULL, NULL, NULL, NULL, NULL, NULL, NULL, NULL, '2024-12-13 03:05:57', '2024-12-13 03:05:57'),
(863, 'Mr. Jamison Weimann', 'kunze.geraldine@example.net', NULL, '$2y$12$5cVoo6ihaE3fPJ2ROHUL/.ILJD6wF1sPIrDNryUyvTzHLbC1So7.e', NULL, NULL, NULL, NULL, NULL, NULL, NULL, NULL, NULL, NULL, NULL, NULL, NULL, '2024-12-13 03:05:57', '2024-12-13 03:05:57'),
(864, 'Ms. Karli Lebsack', 'gottlieb.beatrice@example.net', NULL, '$2y$12$Crie3deqt.PbTjQu/f1J.eWNm19/MzMe249F1S3vK0i/lJ9Aw8qjK', NULL, NULL, NULL, NULL, NULL, NULL, NULL, NULL, NULL, NULL, NULL, NULL, NULL, '2024-12-13 03:05:57', '2024-12-13 03:05:57'),
(865, 'Dewitt Kuphal', 'luettgen.lorenzo@example.net', NULL, '$2y$12$mq9N39EVc1LubTwTkXNFmOifvJHR8zNhFm8Iq1Z7xVUT/ddOyxW5q', NULL, NULL, NULL, NULL, NULL, NULL, NULL, NULL, NULL, NULL, NULL, NULL, NULL, '2024-12-13 03:05:57', '2024-12-13 03:05:57'),
(866, 'Stacy Schmeler', 'bpfeffer@example.com', NULL, '$2y$12$Pfi/CZs1hMSlQAOWebe62.bJpF2NL.tg6sJYdEfniavt.HC7mBWk6', NULL, NULL, NULL, NULL, NULL, NULL, NULL, NULL, NULL, NULL, NULL, NULL, NULL, '2024-12-13 03:05:57', '2024-12-13 03:05:57'),
(867, 'Noel Yundt', 'melisa06@example.com', NULL, '$2y$12$3hXVT7A.TAjP1pIZ9gkIk.V/Eax6J4o.wmqvoF1Jj0x3bMWHlOOS.', NULL, NULL, NULL, NULL, NULL, NULL, NULL, NULL, NULL, NULL, NULL, NULL, NULL, '2024-12-13 03:05:58', '2024-12-13 03:05:58'),
(868, 'Mr. Favian Emmerich', 'kenton.kutch@example.net', NULL, '$2y$12$2APvDCrZ7dBhwNAjZZtrTeRo2ya.17vzHuYLJCIMxCzfs9/rlC4Y.', NULL, NULL, NULL, NULL, NULL, NULL, NULL, NULL, NULL, NULL, NULL, NULL, NULL, '2024-12-13 03:05:58', '2024-12-13 03:05:58'),
(869, 'Jadyn Deckow', 'muhammad.vonrueden@example.com', NULL, '$2y$12$6aH9J7gUN.mhcMyuY2uoyuZSlaNIb17jx0dKP9ojeLuKvP7WOLwZm', NULL, NULL, NULL, NULL, NULL, NULL, NULL, NULL, NULL, NULL, NULL, NULL, NULL, '2024-12-13 03:05:58', '2024-12-13 03:05:58'),
(870, 'Oceane Thiel', 'njerde@example.com', NULL, '$2y$12$Wrbkt2ukA59W8GXuCE/aXOUB0612d9ArzsWWI5c/lTEyTqhmzFVtm', NULL, NULL, NULL, NULL, NULL, NULL, NULL, NULL, NULL, NULL, NULL, NULL, NULL, '2024-12-13 03:05:58', '2024-12-13 03:05:58'),
(871, 'Ms. Palma Swaniawski', 'zechariah.west@example.org', NULL, '$2y$12$ES2aPAT.qgtwd3SD3p.2JuGY6Z.bULgDby5B1OZ1xOcMOeyd0zd4O', NULL, NULL, NULL, NULL, NULL, NULL, NULL, NULL, NULL, NULL, NULL, NULL, NULL, '2024-12-13 03:05:59', '2024-12-13 03:05:59'),
(872, 'Deshawn Littel', 'aurore.schoen@example.org', NULL, '$2y$12$PEh7eEQtKM8CN.9qJzEL7ei5UtPDcdnOSVFeuVrVYDc6JrHS0sIVm', NULL, NULL, NULL, NULL, NULL, NULL, NULL, NULL, NULL, NULL, NULL, NULL, NULL, '2024-12-13 03:05:59', '2024-12-13 03:05:59'),
(873, 'Gracie Grant DVM', 'larkin.muhammad@example.org', NULL, '$2y$12$/tjejYzQYLzpYmUAOkm3AeJLEAzicFG989adcZwO.zU5fHBtDUUJO', NULL, NULL, NULL, NULL, NULL, NULL, NULL, NULL, NULL, NULL, NULL, NULL, NULL, '2024-12-13 03:05:59', '2024-12-13 03:05:59'),
(874, 'Claire Marquardt', 'elyse.cronin@example.com', NULL, '$2y$12$qYcRmyqkUlds2zsKCR5Fb..fsR/X3rGyk1KbSxMiattog9vYvQtn.', NULL, NULL, NULL, NULL, NULL, NULL, NULL, NULL, NULL, NULL, NULL, NULL, NULL, '2024-12-13 03:05:59', '2024-12-13 03:05:59'),
(875, 'Reese Schuster', 'yweissnat@example.net', NULL, '$2y$12$0UiOgY7ihvPYGMyq7Ij80.k/KRsCAfLjnTlhOj3Pw1IP7ehPUeRiS', NULL, NULL, NULL, NULL, NULL, NULL, NULL, NULL, NULL, NULL, NULL, NULL, NULL, '2024-12-13 03:06:00', '2024-12-13 03:06:00'),
(876, 'Abigail Spencer', 'rath.bradford@example.net', NULL, '$2y$12$7MhdqaS/iO6DSx7kjXTmZu5I/B.sxVjn5SehijEBT2DyT98MlKDCS', NULL, NULL, NULL, NULL, NULL, NULL, NULL, NULL, NULL, NULL, NULL, NULL, NULL, '2024-12-13 03:06:00', '2024-12-13 03:06:00'),
(877, 'Mabelle Waters', 'leola.smitham@example.org', NULL, '$2y$12$RmcyKtr1Gl9P6QEA62LsbuBhovxynO4S8Hd7heSdxH5KZRo18Eh1i', NULL, NULL, NULL, NULL, NULL, NULL, NULL, NULL, NULL, NULL, NULL, NULL, NULL, '2024-12-13 03:06:00', '2024-12-13 03:06:00'),
(878, 'Sage Nienow II', 'clint.dietrich@example.com', NULL, '$2y$12$A0AC4Qi8x.fLqlB30lFQ1.r6yp755fAt6WItfW5zk9ksu/qWeAmuq', NULL, NULL, NULL, NULL, NULL, NULL, NULL, NULL, NULL, NULL, NULL, NULL, NULL, '2024-12-13 03:06:00', '2024-12-13 03:06:00'),
(879, 'Rick Denesik', 'grace.wiegand@example.org', NULL, '$2y$12$omNmgKU2buiqpIC9T2LaNe4dC/BVHvPvL.0otI5RgN.wYhUBjUP4W', NULL, NULL, NULL, NULL, NULL, NULL, NULL, NULL, NULL, NULL, NULL, NULL, NULL, '2024-12-13 03:06:00', '2024-12-13 03:06:00'),
(880, 'Chadd Macejkovic', 'gonzalo.becker@example.com', NULL, '$2y$12$uVhazuA1jNzoSHCFnznsw.IjEzCFVTEyDWBPvYVr3ehW84LJvA1ES', NULL, NULL, NULL, NULL, NULL, NULL, NULL, NULL, NULL, NULL, NULL, NULL, NULL, '2024-12-13 03:06:01', '2024-12-13 03:06:01'),
(881, 'Dr. Cleve Barrows Jr.', 'nienow.elza@example.net', NULL, '$2y$12$9f3HN8s.TQH3gt9uQ1gK.OTAgtODRbUWzljHauMOvS1T1oFkQTK5i', NULL, NULL, NULL, NULL, NULL, NULL, NULL, NULL, NULL, NULL, NULL, NULL, NULL, '2024-12-13 03:06:01', '2024-12-13 03:06:01'),
(882, 'Mr. Mose Langworth', 'celine27@example.com', NULL, '$2y$12$0Xa6TplmGCocMBU0rWfgM.k.CIwQB8sOjbcbZTYP8z4oGWZ6zgPVy', NULL, NULL, NULL, NULL, NULL, NULL, NULL, NULL, NULL, NULL, NULL, NULL, NULL, '2024-12-13 03:06:01', '2024-12-13 03:06:01'),
(883, 'Cristina Greenholt', 'swaniawski.randi@example.net', NULL, '$2y$12$74/9F6Y1xfdkBkiklajegehly0jU/jJsDmKofU1yRdwTu8Iye1L9.', NULL, NULL, NULL, NULL, NULL, NULL, NULL, NULL, NULL, NULL, NULL, NULL, NULL, '2024-12-13 03:06:01', '2024-12-13 03:06:01'),
(884, 'Prof. Antonio Franecki PhD', 'lysanne.batz@example.com', NULL, '$2y$12$EeZ5cDz/uaw2BWkFooM6weV57lk6vI3UxeV4pqMrnfyfkKpNH7aEy', NULL, NULL, NULL, NULL, NULL, NULL, NULL, NULL, NULL, NULL, NULL, NULL, NULL, '2024-12-13 03:06:02', '2024-12-13 03:06:02'),
(885, 'Mrs. Nona Metz II', 'fadel.novella@example.com', NULL, '$2y$12$QYsmDy3E1XXvK1h8yT.rROte2nbayHaCAS50DJ8Tcn2eCZol0To8a', NULL, NULL, NULL, NULL, NULL, NULL, NULL, NULL, NULL, NULL, NULL, NULL, NULL, '2024-12-13 03:06:02', '2024-12-13 03:06:02'),
(886, 'Amya Vandervort', 'hdurgan@example.com', NULL, '$2y$12$t/1wWIc.gCocfWaLIHAWoOTdzRkZ/ub.eOS1a6lZPrcm227Tgh2fK', NULL, NULL, NULL, NULL, NULL, NULL, NULL, NULL, NULL, NULL, NULL, NULL, NULL, '2024-12-13 03:06:02', '2024-12-13 03:06:02'),
(887, 'Andreanne Littel MD', 'elnora.feeney@example.net', NULL, '$2y$12$RfxwPOGCDMyzGEgNrtN0FOfQnkUlQdFTsIUr/epfQ5tkKP/fYp.Ly', NULL, NULL, NULL, NULL, NULL, NULL, NULL, NULL, NULL, NULL, NULL, NULL, NULL, '2024-12-13 03:06:02', '2024-12-13 03:06:02'),
(888, 'Kassandra Schroeder', 'casey74@example.com', NULL, '$2y$12$LTOyML4J1FPl1N/sBx0AG.Z6KenW.NvpZNQdMT1KAUrnyUUpSFLfi', NULL, NULL, NULL, NULL, NULL, NULL, NULL, NULL, NULL, NULL, NULL, NULL, NULL, '2024-12-13 03:06:03', '2024-12-13 03:06:03'),
(889, 'Mrs. Sabrina Bogisich IV', 'leonard.boyer@example.net', NULL, '$2y$12$0cGSXSfUNfQeKNbfYRGYf.ghRM2yOhPtDZpmGfXNvdAGf8V0it56S', NULL, NULL, NULL, NULL, NULL, NULL, NULL, NULL, NULL, NULL, NULL, NULL, NULL, '2024-12-13 03:06:03', '2024-12-13 03:06:03'),
(890, 'Christian Cummings', 'cletus.zboncak@example.net', NULL, '$2y$12$reIt.ivuDwI.1R0TycJaP.nENGogKuWwjRla9JN2dps0WASi.PP5u', NULL, NULL, NULL, NULL, NULL, NULL, NULL, NULL, NULL, NULL, NULL, NULL, NULL, '2024-12-13 03:06:03', '2024-12-13 03:06:03'),
(891, 'Agustina Schneider', 'bernhard56@example.net', NULL, '$2y$12$Exs5Ig0zJ06wNc3H4tZUKe4YWb.6y6/FS3NusAKrc6PwlxnVbnoOO', NULL, NULL, NULL, NULL, NULL, NULL, NULL, NULL, NULL, NULL, NULL, NULL, NULL, '2024-12-13 03:06:03', '2024-12-13 03:06:03'),
(892, 'Dr. Cathy Lubowitz', 'cfay@example.org', NULL, '$2y$12$glymhvIfoqU2Juwld.HfDOjYipXHDYOA6RE3kWuq83btnYh.xuk3O', NULL, NULL, NULL, NULL, NULL, NULL, NULL, NULL, NULL, NULL, NULL, NULL, NULL, '2024-12-13 03:06:03', '2024-12-13 03:06:03'),
(893, 'Shawna Weissnat', 'heller.lera@example.com', NULL, '$2y$12$FC3mvXaT69N2yG7mq7FpoOMytKaU2E6PdGLCh.GlwapzsYlUafzxG', NULL, NULL, NULL, NULL, NULL, NULL, NULL, NULL, NULL, NULL, NULL, NULL, NULL, '2024-12-13 03:06:04', '2024-12-13 03:06:04'),
(894, 'Hester Mertz', 'eileen.orn@example.com', NULL, '$2y$12$ftumxl8TmHT9/cVYhlQLZ.Aj6ieUAs5QUO6QxYVS5aBa5GSE5reaq', NULL, NULL, NULL, NULL, NULL, NULL, NULL, NULL, NULL, NULL, NULL, NULL, NULL, '2024-12-13 03:06:04', '2024-12-13 03:06:04'),
(895, 'Samir Schmitt', 'nhand@example.net', NULL, '$2y$12$wPYKys6jd6ZE2dzVenQCHOgCd1J0zwqwYi/C8P0kNRdL0FHqZ.7qq', NULL, NULL, NULL, NULL, NULL, NULL, NULL, NULL, NULL, NULL, NULL, NULL, NULL, '2024-12-13 03:06:04', '2024-12-13 03:06:04'),
(896, 'Amina Shanahan', 'preston.krajcik@example.com', NULL, '$2y$12$k1tCJ1eN4xvOLl3rETIqY.GXWnslW3dsYr3oFqyIohAnaCS4YGZLu', NULL, NULL, NULL, NULL, NULL, NULL, NULL, NULL, NULL, NULL, NULL, NULL, NULL, '2024-12-13 03:06:04', '2024-12-13 03:06:04'),
(897, 'Julianne Cassin', 'frank.ankunding@example.net', NULL, '$2y$12$9fLOOnJ6H9AzTPeL1c2eI.E4RUxJ/VrjaJCMxSLZPf9DHmZxLNyTG', NULL, NULL, NULL, NULL, NULL, NULL, NULL, NULL, NULL, NULL, NULL, NULL, NULL, '2024-12-13 03:06:05', '2024-12-13 03:06:05'),
(898, 'Mrs. Audra Harris III', 'oruecker@example.com', NULL, '$2y$12$fsj3O5aYbdAVDd/gTdNxDewrtJobsIR31vWy7TDbH8BYhht.63bE.', NULL, NULL, NULL, NULL, NULL, NULL, NULL, NULL, NULL, NULL, NULL, NULL, NULL, '2024-12-13 03:06:05', '2024-12-13 03:06:05'),
(899, 'Broderick Mitchell', 'mraz.damion@example.net', NULL, '$2y$12$NNVtAshtzZdqy7U0zmzcj.27HvHmhVVrZicyQdhsYn1KOVggpE8AC', NULL, NULL, NULL, NULL, NULL, NULL, NULL, NULL, NULL, NULL, NULL, NULL, NULL, '2024-12-13 03:06:05', '2024-12-13 03:06:05'),
(900, 'Linnea Erdman', 'nroberts@example.org', NULL, '$2y$12$UemG6wt.jBvxqefRCEisTOcJqbHgMFXvKa8iVS1JlZS0pydIPJfHK', NULL, NULL, NULL, NULL, NULL, NULL, NULL, NULL, NULL, NULL, NULL, NULL, NULL, '2024-12-13 03:06:05', '2024-12-13 03:06:05'),
(901, 'Mr. Ahmed Dickinson I', 'laron21@example.net', NULL, '$2y$12$/gzDzR0P265WYLlTP/WNIu/XmU7Vpkabz5vp2hLSK4AxilPivkk2q', NULL, NULL, NULL, NULL, NULL, NULL, NULL, NULL, NULL, NULL, NULL, NULL, NULL, '2024-12-13 03:06:05', '2024-12-13 03:06:05'),
(902, 'Hope Runolfsdottir', 'shania67@example.com', NULL, '$2y$12$W8eZkdPRdzlOR/iVfwjlle7e1.NK3egws6VtERyOW8c/8DkHXCYCe', NULL, NULL, NULL, NULL, NULL, NULL, NULL, NULL, NULL, NULL, NULL, NULL, NULL, '2024-12-13 03:06:06', '2024-12-13 03:06:06'),
(903, 'Mathew Dietrich DDS', 'zbeier@example.net', NULL, '$2y$12$PI3.wFQz.64HuGk.Ij7Sx.FizcPH.xaq/kG6441osUB3uhy61hNeS', NULL, NULL, NULL, NULL, NULL, NULL, NULL, NULL, NULL, NULL, NULL, NULL, NULL, '2024-12-13 03:06:06', '2024-12-13 03:06:06'),
(904, 'Abdullah Doyle DDS', 'elenor.yundt@example.com', NULL, '$2y$12$6WpbDZ3rES9ip345yZeDV.4DFqo/Z7Ial.MJA1Ektkj9bnrmYZiIW', NULL, NULL, NULL, NULL, NULL, NULL, NULL, NULL, NULL, NULL, NULL, NULL, NULL, '2024-12-13 03:06:06', '2024-12-13 03:06:06'),
(905, 'Ivy Davis', 'kenna.hermann@example.net', NULL, '$2y$12$Kt5pJ8fZwP2YXEurbOvnA.gJArPHfMWjAqMHIUZmBID0REa.CsyAy', NULL, NULL, NULL, NULL, NULL, NULL, NULL, NULL, NULL, NULL, NULL, NULL, NULL, '2024-12-13 03:06:06', '2024-12-13 03:06:06'),
(906, 'Sadye Pfeffer', 'emmerich.mafalda@example.org', NULL, '$2y$12$efx3.CVtFcYwiY4vZWdYoO5gj.5kAADKSZino6kkE8V1CHFd7c5wC', NULL, NULL, NULL, NULL, NULL, NULL, NULL, NULL, NULL, NULL, NULL, NULL, NULL, '2024-12-13 03:06:07', '2024-12-13 03:06:07'),
(907, 'Mrs. Palma Paucek PhD', 'rosendo.toy@example.net', NULL, '$2y$12$N.9eBChbGIuSbLNCfudRiuQkr6cayuaEeUoix1chME4iIrdtkOi8u', NULL, NULL, NULL, NULL, NULL, NULL, NULL, NULL, NULL, NULL, NULL, NULL, NULL, '2024-12-13 03:06:07', '2024-12-13 03:06:07'),
(908, 'Golda Ortiz', 'vkirlin@example.org', NULL, '$2y$12$YI0NmjcFMRInnK2DOvwzs./obiCFIthH1XKi2CdS6WrMq7AoPD2Le', NULL, NULL, NULL, NULL, NULL, NULL, NULL, NULL, NULL, NULL, NULL, NULL, NULL, '2024-12-13 03:06:07', '2024-12-13 03:06:07'),
(909, 'Ms. Deja Parisian V', 'daphnee.kuhlman@example.net', NULL, '$2y$12$aWM49j.AhXf6S/X9ZN5y.ewI1wURv35tXuRMIajo2CmKv8ZoNk30u', NULL, NULL, NULL, NULL, NULL, NULL, NULL, NULL, NULL, NULL, NULL, NULL, NULL, '2024-12-13 03:06:07', '2024-12-13 03:06:07'),
(910, 'Dee Kshlerin', 'lebsack.delia@example.com', NULL, '$2y$12$6bBjR6C2QQqD.DRCvNEZveZmdMKAnIOhkIkfGJwpe0GigrxR19P0i', NULL, NULL, NULL, NULL, NULL, NULL, NULL, NULL, NULL, NULL, NULL, NULL, NULL, '2024-12-13 03:06:07', '2024-12-13 03:06:07'),
(911, 'Dorris Botsford', 'bogisich.estella@example.org', NULL, '$2y$12$zNrXygcoRUpiH2v/zq23ZemfBoWE7qDViQWzYWbVkEHrQjOIpqgYG', NULL, NULL, NULL, NULL, NULL, NULL, NULL, NULL, NULL, NULL, NULL, NULL, NULL, '2024-12-13 03:06:08', '2024-12-13 03:06:08'),
(912, 'Leanna Stamm V', 'bernita.von@example.com', NULL, '$2y$12$q7RbeNIrc6AkZrGqB51tmeoHhusoHm7xPJDJXe7eq5nulHRm5s7he', NULL, NULL, NULL, NULL, NULL, NULL, NULL, NULL, NULL, NULL, NULL, NULL, NULL, '2024-12-13 03:06:08', '2024-12-13 03:06:08'),
(913, 'Stephanie Bode', 'brekke.melvina@example.org', NULL, '$2y$12$eGdJk6W7eRcnAP9IKmInsud1lo7xzHxOjyz0yB1b7ALsgu.UqQSO6', NULL, NULL, NULL, NULL, NULL, NULL, NULL, NULL, NULL, NULL, NULL, NULL, NULL, '2024-12-13 03:06:08', '2024-12-13 03:06:08'),
(914, 'Laurel Maggio', 'qframi@example.net', NULL, '$2y$12$EZ3wpjDMDGEtZiSaJYDP2eoVl1X54ShY0knjEQKUdK4P/RXfHNGeG', NULL, NULL, NULL, NULL, NULL, NULL, NULL, NULL, NULL, NULL, NULL, NULL, NULL, '2024-12-13 03:06:08', '2024-12-13 03:06:08'),
(915, 'Emmalee Lang', 'abbie55@example.net', NULL, '$2y$12$ScvlKzDJdo00oFGA2k3fpewGEDG2cJl56yxmxfIwZp6I2XkAhT1t.', NULL, NULL, NULL, NULL, NULL, NULL, NULL, NULL, NULL, NULL, NULL, NULL, NULL, '2024-12-13 03:06:09', '2024-12-13 03:06:09'),
(916, 'Lela Schimmel', 'amie.mckenzie@example.net', NULL, '$2y$12$IZJFseFsEr/5b.5WYV2atOEMKKVjwRpRbGlM9PbnKAJnorGiA8/hS', NULL, NULL, NULL, NULL, NULL, NULL, NULL, NULL, NULL, NULL, NULL, NULL, NULL, '2024-12-13 03:06:09', '2024-12-13 03:06:09'),
(917, 'Vincenzo Bauch MD', 'merlin.eichmann@example.com', NULL, '$2y$12$NRiJC/yORxdnKLF.VhGA/eo96gZhJ0iULoGghPY2cjhFGP6Lh.Wt.', NULL, NULL, NULL, NULL, NULL, NULL, NULL, NULL, NULL, NULL, NULL, NULL, NULL, '2024-12-13 03:06:09', '2024-12-13 03:06:09'),
(918, 'Cara Gerlach', 'trudie.stamm@example.org', NULL, '$2y$12$PqFA5ZUmEwNmzI0hxfu/gOnyoJBjsM4p62SEg8olhZEWn.mkaW3tK', NULL, NULL, NULL, NULL, NULL, NULL, NULL, NULL, NULL, NULL, NULL, NULL, NULL, '2024-12-13 03:06:09', '2024-12-13 03:06:09'),
(919, 'Walker Thiel', 'wiza.ervin@example.com', NULL, '$2y$12$v/0u68qbyFzQIMmosAk/teGZnr9SC0f7mu.xs9MN2gf6SN6GQ38Sy', NULL, NULL, NULL, NULL, NULL, NULL, NULL, NULL, NULL, NULL, NULL, NULL, NULL, '2024-12-13 03:06:10', '2024-12-13 03:06:10'),
(920, 'Joannie Walsh', 'gbernhard@example.org', NULL, '$2y$12$uiN..aL8rflHhmZZmWUHuuOJdB16Lk4Hsj3IDF6xbibwaSi9xOnLW', NULL, NULL, NULL, NULL, NULL, NULL, NULL, NULL, NULL, NULL, NULL, NULL, NULL, '2024-12-13 03:06:10', '2024-12-13 03:06:10'),
(921, 'Madonna Hartmann', 'saige.oberbrunner@example.org', NULL, '$2y$12$r6RZ6F9ZOD4rhDQCTLiBiOqTKcGkqGYFbUkc1sCAi0plieVIE3iLG', NULL, NULL, NULL, NULL, NULL, NULL, NULL, NULL, NULL, NULL, NULL, NULL, NULL, '2024-12-13 03:06:10', '2024-12-13 03:06:10'),
(922, 'Kylee Koepp', 'tyra85@example.org', NULL, '$2y$12$JSsLiGDThc8yU.1H35gdKORQq5RHBK09OodiDr.w1zPMXGwj4.v7a', NULL, NULL, NULL, NULL, NULL, NULL, NULL, NULL, NULL, NULL, NULL, NULL, NULL, '2024-12-13 03:06:10', '2024-12-13 03:06:10'),
(923, 'Mrs. Sally Wolf III', 'sadye83@example.com', NULL, '$2y$12$yJ3TWoZ7ZF2nFYnuJ.Aj3ehKvboFTrIQSVoD7STR7hUr9m2gX0nfi', NULL, NULL, NULL, NULL, NULL, NULL, NULL, NULL, NULL, NULL, NULL, NULL, NULL, '2024-12-13 03:06:10', '2024-12-13 03:06:10'),
(924, 'Jayden Barton', 'vivian.ortiz@example.org', NULL, '$2y$12$.fi1PF3pKdMTPtnpJ95GqewrKk7t/dpHx4yvzf6x6QckwxA5vZv82', NULL, NULL, NULL, NULL, NULL, NULL, NULL, NULL, NULL, NULL, NULL, NULL, NULL, '2024-12-13 03:06:11', '2024-12-13 03:06:11'),
(925, 'Avery Quitzon', 'margarette86@example.org', NULL, '$2y$12$DPbTQCQvPqy1YvSy3j.cH.bmTfrzp8X76yJmIdprguOXbFgLtvK8m', NULL, NULL, NULL, NULL, NULL, NULL, NULL, NULL, NULL, NULL, NULL, NULL, NULL, '2024-12-13 03:06:11', '2024-12-13 03:06:11'),
(926, 'Austen Lindgren', 'hadley.schultz@example.org', NULL, '$2y$12$E4szKVOImfOzO2JQOstMme2S//K93kJgacnaP.6NnhYWTIyyIMsru', NULL, NULL, NULL, NULL, NULL, NULL, NULL, NULL, NULL, NULL, NULL, NULL, NULL, '2024-12-13 03:06:11', '2024-12-13 03:06:11'),
(927, 'Mrs. Helga O\'Connell', 'kutch.raquel@example.org', NULL, '$2y$12$3f4UQHXZpmpoVLOkzHA2q.Y3lxsXhTdvQRpNdy2rxKqkGQD1VDyim', NULL, NULL, NULL, NULL, NULL, NULL, NULL, NULL, NULL, NULL, NULL, NULL, NULL, '2024-12-13 03:06:11', '2024-12-13 03:06:11'),
(928, 'Jackie Moen', 'myrtis85@example.com', NULL, '$2y$12$mrtE997Y77f4KrDy4RgAwOuoqRskkQ6TdOA.CBf7qbNvlIGBrYmGO', NULL, NULL, NULL, NULL, NULL, NULL, NULL, NULL, NULL, NULL, NULL, NULL, NULL, '2024-12-13 03:06:12', '2024-12-13 03:06:12'),
(929, 'Shannon Gusikowski', 'stevie.torphy@example.org', NULL, '$2y$12$RnwQnx.v4LIdwBqNdcPpB.ug3V.OlyAnUhtFMkM6OcsUNfRoIFK1O', NULL, NULL, NULL, NULL, NULL, NULL, NULL, NULL, NULL, NULL, NULL, NULL, NULL, '2024-12-13 03:06:12', '2024-12-13 03:06:12'),
(930, 'Reilly Predovic DDS', 'dangelo64@example.org', NULL, '$2y$12$CV.NthVlt5W.5w3PL.yXMeDeaxmY6zFk0jDJ2Wbm1po23bSr7VPHO', NULL, NULL, NULL, NULL, NULL, NULL, NULL, NULL, NULL, NULL, NULL, NULL, NULL, '2024-12-13 03:06:12', '2024-12-13 03:06:12'),
(931, 'Mr. Eugene Ryan', 'xmiller@example.com', NULL, '$2y$12$kLtAEdFDweHU1at.l83cD.epzGaaN0wsRzwGsKWVKJa7xNnmlQ8a2', NULL, NULL, NULL, NULL, NULL, NULL, NULL, NULL, NULL, NULL, NULL, NULL, NULL, '2024-12-13 03:06:12', '2024-12-13 03:06:12'),
(932, 'Phoebe Harris', 'brielle80@example.net', NULL, '$2y$12$KR53Dp6PHTjScmabh5NiguN1CVDdF59h.G2vl34XfseOu/mlaVX9a', NULL, NULL, NULL, NULL, NULL, NULL, NULL, NULL, NULL, NULL, NULL, NULL, NULL, '2024-12-13 03:06:13', '2024-12-13 03:06:13'),
(933, 'Cletus DuBuque', 'nedra.block@example.com', NULL, '$2y$12$K1MOznnMCBHglZ5DVine3.QRdxmJ7lfTbhvA.ucayG1dLZZZyKvsO', NULL, NULL, NULL, NULL, NULL, NULL, NULL, NULL, NULL, NULL, NULL, NULL, NULL, '2024-12-13 03:06:13', '2024-12-13 03:06:13'),
(934, 'Winston Luettgen', 'towne.haylee@example.com', NULL, '$2y$12$CgqdXJupmzqlbWc19jnK7u4NNjNat9Thl.eYHz1nBjBZfLWsJWEoy', NULL, NULL, NULL, NULL, NULL, NULL, NULL, NULL, NULL, NULL, NULL, NULL, NULL, '2024-12-13 03:06:13', '2024-12-13 03:06:13'),
(935, 'Jade Mertz', 'randy.franecki@example.net', NULL, '$2y$12$ei6cWtezUpkjx702K/Wji.rMAPVtxEBaLAReRShE8E69ttHwWROqi', NULL, NULL, NULL, NULL, NULL, NULL, NULL, NULL, NULL, NULL, NULL, NULL, NULL, '2024-12-13 03:06:13', '2024-12-13 03:06:13'),
(936, 'Rodrick Strosin', 'jeramie86@example.net', NULL, '$2y$12$E.DuxsgR.VVeRpZtFAVvrOuPZkCDUdJYGnSpH4WJYozItvDQf8UAK', NULL, NULL, NULL, NULL, NULL, NULL, NULL, NULL, NULL, NULL, NULL, NULL, NULL, '2024-12-13 03:06:13', '2024-12-13 03:06:13'),
(937, 'Sheldon Russel III', 'icarroll@example.net', NULL, '$2y$12$YWVXGkHkQGM4RMl8UvlwSu7efeK5et51qH9opV3r/sz4v681Obeoy', NULL, NULL, NULL, NULL, NULL, NULL, NULL, NULL, NULL, NULL, NULL, NULL, NULL, '2024-12-13 03:06:14', '2024-12-13 03:06:14'),
(938, 'Isidro Rosenbaum', 'lbergstrom@example.com', NULL, '$2y$12$6EGZ7/cuFre5tTVDtNBUkeKnj/KUdq1Ve8U1to4K9PHooE/CuGgFi', NULL, NULL, NULL, NULL, NULL, NULL, NULL, NULL, NULL, NULL, NULL, NULL, NULL, '2024-12-13 03:06:14', '2024-12-13 03:06:14'),
(939, 'Javon Funk', 'larson.mireya@example.net', NULL, '$2y$12$4NlKykgfLNnSQu121gPKfOzGBZdOc1gqiZk6Dt21PjcEEggyHCx8C', NULL, NULL, NULL, NULL, NULL, NULL, NULL, NULL, NULL, NULL, NULL, NULL, NULL, '2024-12-13 03:06:14', '2024-12-13 03:06:14'),
(940, 'Prof. Berenice Stiedemann', 'ywisozk@example.net', NULL, '$2y$12$zfHx.Rh2fXbd6C5PCvyaE.j8n1Gfoe3YVst0dYmVeyUnSnXc435mW', NULL, NULL, NULL, NULL, NULL, NULL, NULL, NULL, NULL, NULL, NULL, NULL, NULL, '2024-12-13 03:06:14', '2024-12-13 03:06:14'),
(941, 'Freeman Gerhold', 'windler.kevon@example.net', NULL, '$2y$12$RXntKT1DSjqNtqlPJH81huxiukK.yL0HVeHbpTfVNIU8arapyZviq', NULL, NULL, NULL, NULL, NULL, NULL, NULL, NULL, NULL, NULL, NULL, NULL, NULL, '2024-12-13 03:06:15', '2024-12-13 03:06:15'),
(942, 'Oscar Johnston DDS', 'reynolds.clotilde@example.com', NULL, '$2y$12$9sMVYxphQlCAkrs.uxihPe8vjWYvGHxBLgTp2i47r3RpOKpCXbWBS', NULL, NULL, NULL, NULL, NULL, NULL, NULL, NULL, NULL, NULL, NULL, NULL, NULL, '2024-12-13 03:06:15', '2024-12-13 03:06:15'),
(943, 'Presley Fay', 'columbus56@example.com', NULL, '$2y$12$gLOs0PIrrVnjj5YDa6HZ1uFPC6wgDaTD8QDTPRAMtmDgeIMqsj6Ue', NULL, NULL, NULL, NULL, NULL, NULL, NULL, NULL, NULL, NULL, NULL, NULL, NULL, '2024-12-13 03:06:15', '2024-12-13 03:06:15'),
(944, 'Donnie Kirlin', 'pthompson@example.com', NULL, '$2y$12$Haij44WDFXX1YPWQmf2RYez6Hf3eStGMCKc03Fe3VcYiXqIu6b35W', NULL, NULL, NULL, NULL, NULL, NULL, NULL, NULL, NULL, NULL, NULL, NULL, NULL, '2024-12-13 03:06:15', '2024-12-13 03:06:15'),
(945, 'Katelin Emmerich', 'elroy.toy@example.net', NULL, '$2y$12$vSFINv04y.ATMPco6Cyqgeg6r7KZvko5nDSP9KRhFvEkMN7YW8LmW', NULL, NULL, NULL, NULL, NULL, NULL, NULL, NULL, NULL, NULL, NULL, NULL, NULL, '2024-12-13 03:06:15', '2024-12-13 03:06:15'),
(946, 'Mr. Anastacio Will Jr.', 'fletcher68@example.org', NULL, '$2y$12$UA22TWNe9rkAERXfHNbQOe.VPZAXoteIIpJ/0H0q8zgar8Ia0Oujm', NULL, NULL, NULL, NULL, NULL, NULL, NULL, NULL, NULL, NULL, NULL, NULL, NULL, '2024-12-13 03:06:16', '2024-12-13 03:06:16'),
(947, 'Marcia Smitham', 'rupert41@example.com', NULL, '$2y$12$ihfz1Eb3fAvUMQCahcpomerzH7fz2.oqdpgok7w3x.wk70scLKDg6', NULL, NULL, NULL, NULL, NULL, NULL, NULL, NULL, NULL, NULL, NULL, NULL, NULL, '2024-12-13 03:06:16', '2024-12-13 03:06:16'),
(948, 'Mr. Zakary Graham', 'frami.virgil@example.org', NULL, '$2y$12$nHfo4Azp3/tDEwYnHStz6uwtVKtIEVEzaV.KE.KxgeeiPtgPLy9Ki', NULL, NULL, NULL, NULL, NULL, NULL, NULL, NULL, NULL, NULL, NULL, NULL, NULL, '2024-12-13 03:06:16', '2024-12-13 03:06:16'),
(949, 'Candice Senger', 'istokes@example.net', NULL, '$2y$12$VhOuWOx45ZTIkcJRbgLOV.4A4wwyb4BxYBZZyEHwFwY2n6si.zU.S', NULL, NULL, NULL, NULL, NULL, NULL, NULL, NULL, NULL, NULL, NULL, NULL, NULL, '2024-12-13 03:06:16', '2024-12-13 03:06:16'),
(950, 'Mr. Darien Haag I', 'dorian27@example.org', NULL, '$2y$12$AUtSnGq604x35rVDUNmmB.E8ejCscX5KS9RkWxgmLW8hqu9p5FktG', NULL, NULL, NULL, NULL, NULL, NULL, NULL, NULL, NULL, NULL, NULL, NULL, NULL, '2024-12-13 03:06:17', '2024-12-13 03:06:17'),
(951, 'Prof. Gaetano Wisoky', 'norene.beatty@example.com', NULL, '$2y$12$MMCEatU1I0RtKg6ru/HKFeP37yjjio9bxflUoaTv.ApXy.9aVY4Xm', NULL, NULL, NULL, NULL, NULL, NULL, NULL, NULL, NULL, NULL, NULL, NULL, NULL, '2024-12-13 03:06:17', '2024-12-13 03:06:17'),
(952, 'Mrs. Fleta Runolfsdottir Jr.', 'kwiegand@example.com', NULL, '$2y$12$K5tZr.eXYGEDhiKsakvsaejzRrNnbWc7OP7AxbUSqeW58egF6itfG', NULL, NULL, NULL, NULL, NULL, NULL, NULL, NULL, NULL, NULL, NULL, NULL, NULL, '2024-12-13 03:06:17', '2024-12-13 03:06:17'),
(953, 'Sheila Emmerich', 'dax.turcotte@example.org', NULL, '$2y$12$DEWPUKUxLvC0jGQpSQo2ueQP9Dz8D8OYaru4xbKNcrpSFdNDwqU1m', NULL, NULL, NULL, NULL, NULL, NULL, NULL, NULL, NULL, NULL, NULL, NULL, NULL, '2024-12-13 03:06:17', '2024-12-13 03:06:17'),
(954, 'Lenna Pollich', 'horace62@example.org', NULL, '$2y$12$xcKBn2OlGxXZ5bhNbFB6YuLHYBJmE4Jec26RcQrvLW7eW1kFSOz32', NULL, NULL, NULL, NULL, NULL, NULL, NULL, NULL, NULL, NULL, NULL, NULL, NULL, '2024-12-13 03:06:17', '2024-12-13 03:06:17'),
(955, 'Ernest Hills', 'bkris@example.org', NULL, '$2y$12$ZUV0A2wBhhtWdITjkUpaMuvNV0zfernuO7sttVLBiNf8rf5R2jRl6', NULL, NULL, NULL, NULL, NULL, NULL, NULL, NULL, NULL, NULL, NULL, NULL, NULL, '2024-12-13 03:06:18', '2024-12-13 03:06:18'),
(956, 'Cary Lakin', 'maurine64@example.net', NULL, '$2y$12$xvapZeL0/HEj/ff/6paOaulL80qZSp2pU3EXhcZTDkvdGQ/BWmPxG', NULL, NULL, NULL, NULL, NULL, NULL, NULL, NULL, NULL, NULL, NULL, NULL, NULL, '2024-12-13 03:06:18', '2024-12-13 03:06:18'),
(957, 'Prof. Jensen Pagac', 'theodore81@example.net', NULL, '$2y$12$7/FaRMa4bdFTg62.5Lr1Me0LDKxY9IWe9COmEejbK8j2RqWkO1pWS', NULL, NULL, NULL, NULL, NULL, NULL, NULL, NULL, NULL, NULL, NULL, NULL, NULL, '2024-12-13 03:06:18', '2024-12-13 03:06:18'),
(958, 'Lizeth Mitchell', 'schroeder.theresa@example.net', NULL, '$2y$12$/hlvi8coHxjVuXolIEI0BeJNozJCegm1vocwJusekD3YbIkyGgWXi', NULL, NULL, NULL, NULL, NULL, NULL, NULL, NULL, NULL, NULL, NULL, NULL, NULL, '2024-12-13 03:06:18', '2024-12-13 03:06:18'),
(959, 'Fleta Walter', 'kessler.reina@example.net', NULL, '$2y$12$RKCAXYVHvDVsql.5x1B4t.sTCpd96HcnKaLIxjuslZfxwO9XEB1hy', NULL, NULL, NULL, NULL, NULL, NULL, NULL, NULL, NULL, NULL, NULL, NULL, NULL, '2024-12-13 03:06:19', '2024-12-13 03:06:19'),
(960, 'Margot Hartmann', 'wsimonis@example.net', NULL, '$2y$12$6dxpfBCiJ/I7dn5bwygeaudWiWtxg9SEeilVBYhxnorrcJ3HL9Juq', NULL, NULL, NULL, NULL, NULL, NULL, NULL, NULL, NULL, NULL, NULL, NULL, NULL, '2024-12-13 03:06:19', '2024-12-13 03:06:19'),
(961, 'Alize Hayes', 'adan.streich@example.org', NULL, '$2y$12$zBPuCAwQk9Ws4iIXnecy6u5oKIcf3TRt6eYQ0D6P2xinxeaM/T0je', NULL, NULL, NULL, NULL, NULL, NULL, NULL, NULL, NULL, NULL, NULL, NULL, NULL, '2024-12-13 03:06:19', '2024-12-13 03:06:19'),
(962, 'Howard Jacobs', 'myah76@example.net', NULL, '$2y$12$UldUers4xDJVYbkkfUoi/uvwMN47KfParlmWa1Z7Oo.TUF6JuAodC', NULL, NULL, NULL, NULL, NULL, NULL, NULL, NULL, NULL, NULL, NULL, NULL, NULL, '2024-12-13 03:06:19', '2024-12-13 03:06:19'),
(963, 'Kay Mohr', 'loraine.wehner@example.net', NULL, '$2y$12$zqlH9hOAZG0yzQlFjcY/aetZxyd1VkSxL2vzyMBXOrtC3zQ3GD7su', NULL, NULL, NULL, NULL, NULL, NULL, NULL, NULL, NULL, NULL, NULL, NULL, NULL, '2024-12-13 03:06:20', '2024-12-13 03:06:20'),
(964, 'Ebony Bayer', 'kreiger.merritt@example.org', NULL, '$2y$12$smQ86ujpJ52kt8sXGrQ7wOzwBMW6NLpxSaNgLo3GsZzHeHXNh9PJW', NULL, NULL, NULL, NULL, NULL, NULL, NULL, NULL, NULL, NULL, NULL, NULL, NULL, '2024-12-13 03:06:20', '2024-12-13 03:06:20'),
(965, 'Carolanne Reichel III', 'zreilly@example.com', NULL, '$2y$12$bSFfu69k2hGo4u4iVGSSxepzypmiGmkdws.E6GJSCw3wMznL/aeXK', NULL, NULL, NULL, NULL, NULL, NULL, NULL, NULL, NULL, NULL, NULL, NULL, NULL, '2024-12-13 03:06:20', '2024-12-13 03:06:20'),
(966, 'Prof. Karson Thompson PhD', 'simonis.aimee@example.org', NULL, '$2y$12$XGyxUs.saME96LBC71MsJudOQzLx3g.zQpCJSHfnz.u8J/1qaL382', NULL, NULL, NULL, NULL, NULL, NULL, NULL, NULL, NULL, NULL, NULL, NULL, NULL, '2024-12-13 03:06:20', '2024-12-13 03:06:20'),
(967, 'Jannie Herzog', 'vrempel@example.net', NULL, '$2y$12$/g2HhhimMl7dSJzYGGF8ouHg50/o/8ShaGPqbwadKkZFv/DmuNrmy', NULL, NULL, NULL, NULL, NULL, NULL, NULL, NULL, NULL, NULL, NULL, NULL, NULL, '2024-12-13 03:06:20', '2024-12-13 03:06:20'),
(968, 'Abdullah O\'Conner', 'evalyn27@example.org', NULL, '$2y$12$BEugowsIq0g9xOEybwErReglKWdC3mJqxJsD2agqv0CVtEsiI2GKu', NULL, NULL, NULL, NULL, NULL, NULL, NULL, NULL, NULL, NULL, NULL, NULL, NULL, '2024-12-13 03:06:21', '2024-12-13 03:06:21'),
(969, 'Andy Adams', 'dibbert.kasandra@example.com', NULL, '$2y$12$kStwOSVRUO0bumZJjtPc3eiUtUYvy8Pw1PgyfR7CK6BxlJTfN5Tsq', NULL, NULL, NULL, NULL, NULL, NULL, NULL, NULL, NULL, NULL, NULL, NULL, NULL, '2024-12-13 03:06:21', '2024-12-13 03:06:21'),
(970, 'Carrie Grimes', 'jevon59@example.net', NULL, '$2y$12$KOKqqnQ4uO5hzFuYNVtPy.elOjSMrRYDAeiV8Qt9vBVVw0X4XmlSi', NULL, NULL, NULL, NULL, NULL, NULL, NULL, NULL, NULL, NULL, NULL, NULL, NULL, '2024-12-13 03:06:21', '2024-12-13 03:06:21'),
(971, 'Dallas Schinner', 'ilabadie@example.net', NULL, '$2y$12$r0SsLvmtg4pIPSPr2iHD3u4JGI7xARbYjeTMamrX8D3oXBpxJ471e', NULL, NULL, NULL, NULL, NULL, NULL, NULL, NULL, NULL, NULL, NULL, NULL, NULL, '2024-12-13 03:06:21', '2024-12-13 03:06:21'),
(972, 'Ms. Alana Upton', 'rodriguez.murl@example.com', NULL, '$2y$12$hUnviV0B2e0Pz5mEaCNB5OKZaXruiBXfQfJh5xTm2s3RCAE0UBLti', NULL, NULL, NULL, NULL, NULL, NULL, NULL, NULL, NULL, NULL, NULL, NULL, NULL, '2024-12-13 03:06:22', '2024-12-13 03:06:22'),
(973, 'Jalyn Ferry', 'mkunde@example.com', NULL, '$2y$12$ETk2SpgCFR11gQWmB1FINuii82Ob1phycozFXr6MJyS4sw/XQhxCe', NULL, NULL, NULL, NULL, NULL, NULL, NULL, NULL, NULL, NULL, NULL, NULL, NULL, '2024-12-13 03:06:22', '2024-12-13 03:06:22'),
(974, 'Alanis Langworth', 'gusikowski.tevin@example.com', NULL, '$2y$12$H905/nMVvTGXAhfqI8//7OdlG4txaqgSV1gzWec.BzV9uQwrCZjsa', NULL, NULL, NULL, NULL, NULL, NULL, NULL, NULL, NULL, NULL, NULL, NULL, NULL, '2024-12-13 03:06:22', '2024-12-13 03:06:22'),
(975, 'Deangelo Graham IV', 'elizabeth74@example.com', NULL, '$2y$12$G2joY4bzm/BNqCzdZ0jcP.UNtqjMtnpCGbRd9XEt6KVbcBWVDhuoq', NULL, NULL, NULL, NULL, NULL, NULL, NULL, NULL, NULL, NULL, NULL, NULL, NULL, '2024-12-13 03:06:22', '2024-12-13 03:06:22'),
(976, 'Doug Sanford Sr.', 'yundt.misael@example.net', NULL, '$2y$12$SM.mGRmvRTJPtc39wHJzDOmaqR/gpXR.7tkxDIFeDbsChHTiKcXF6', NULL, NULL, NULL, NULL, NULL, NULL, NULL, NULL, NULL, NULL, NULL, NULL, NULL, '2024-12-13 03:06:23', '2024-12-13 03:06:23'),
(977, 'Stone West', 'kendrick.padberg@example.org', NULL, '$2y$12$/7OhGn0e9xaVFgg13LFO3.ePI5G8Lv7jE.ea93es7d/d7ZADzRUt2', NULL, NULL, NULL, NULL, NULL, NULL, NULL, NULL, NULL, NULL, NULL, NULL, NULL, '2024-12-13 03:06:23', '2024-12-13 03:06:23'),
(978, 'Casimer Homenick', 'orogahn@example.com', NULL, '$2y$12$nfOAtFsOKVLtQsCA0qqR5edic/BhpwHH/g10U4qTiXKwRy60jGDxa', NULL, NULL, NULL, NULL, NULL, NULL, NULL, NULL, NULL, NULL, NULL, NULL, NULL, '2024-12-13 03:06:23', '2024-12-13 03:06:23'),
(979, 'Kory Hane', 'reynold.friesen@example.org', NULL, '$2y$12$6ZrPC1MH.p/zSbkB9F1jX.ZvFWzWVlzZtXoxPSnJUc0n.0O1J8a/6', NULL, NULL, NULL, NULL, NULL, NULL, NULL, NULL, NULL, NULL, NULL, NULL, NULL, '2024-12-13 03:06:23', '2024-12-13 03:06:23'),
(980, 'Tracey Anderson', 'tharber@example.net', NULL, '$2y$12$3XOgADmwWESa4IYftrBnNeaKva41Zn.MYFrLFLGslVT/F3s40QcsG', NULL, NULL, NULL, NULL, NULL, NULL, NULL, NULL, NULL, NULL, NULL, NULL, NULL, '2024-12-13 03:06:23', '2024-12-13 03:06:23'),
(981, 'Mr. Albert Schmidt Jr.', 'nienow.brittany@example.net', NULL, '$2y$12$9PeXFnULGiB/XLzSjo6/l.cL4U3ozrIh6q.IWt.6kxDxX9VbF33D2', NULL, NULL, NULL, NULL, NULL, NULL, NULL, NULL, NULL, NULL, NULL, NULL, NULL, '2024-12-13 03:06:24', '2024-12-13 03:06:24'),
(982, 'Braxton Schumm PhD', 'schaden.alphonso@example.com', NULL, '$2y$12$XaM.Gyk8m9PAnVOSz1gCJupB3KtMLUsdl1gTRiiHuP1CcLSj/9R8i', NULL, NULL, NULL, NULL, NULL, NULL, NULL, NULL, NULL, NULL, NULL, NULL, NULL, '2024-12-13 03:06:24', '2024-12-13 03:06:24'),
(983, 'Dr. Lane Ernser PhD', 'aubree23@example.com', NULL, '$2y$12$h0pzWjoSNW8khWFjTR/QGOxyZWUzPj9HXmoTs7zQHUx04LhYnDx.S', NULL, NULL, NULL, NULL, NULL, NULL, NULL, NULL, NULL, NULL, NULL, NULL, NULL, '2024-12-13 03:06:24', '2024-12-13 03:06:24'),
(984, 'Wendy Kling', 'sallie70@example.net', NULL, '$2y$12$SMhNLSpHEu6dBQKJsOdbne5wL.KEwYt7locL5PS5sfeVVpI0x3yT6', NULL, NULL, NULL, NULL, NULL, NULL, NULL, NULL, NULL, NULL, NULL, NULL, NULL, '2024-12-13 03:06:24', '2024-12-13 03:06:24'),
(985, 'Rita Kreiger', 'fmitchell@example.net', NULL, '$2y$12$NakKpureCCZfvv3SmXrJtuNDJnC46qMXcxU6j.p6AlUVbfT4jJ.5.', NULL, NULL, NULL, NULL, NULL, NULL, NULL, NULL, NULL, NULL, NULL, NULL, NULL, '2024-12-13 03:06:25', '2024-12-13 03:06:25'),
(986, 'Dr. Rene McKenzie', 'watsica.irwin@example.org', NULL, '$2y$12$s4NN8VQnXDVqEpMdd.mE9Ogx0H2u3W2AgidmGPhqTQVQvZ8IHyEM.', NULL, NULL, NULL, NULL, NULL, NULL, NULL, NULL, NULL, NULL, NULL, NULL, NULL, '2024-12-13 03:06:25', '2024-12-13 03:06:25'),
(987, 'Dr. Rahsaan Hand', 'jabshire@example.com', NULL, '$2y$12$oIdwF33ZA0.cGbX912HOa.uUowkJRbrLsVd.TtIivmmcdLNLq5uFu', NULL, NULL, NULL, NULL, NULL, NULL, NULL, NULL, NULL, NULL, NULL, NULL, NULL, '2024-12-13 03:06:25', '2024-12-13 03:06:25'),
(988, 'Pauline Mueller', 'huel.charlene@example.net', NULL, '$2y$12$DHtqNZ/7QJ9WIydKcktg7ORNeXjg0e9ZmjUQ8bx97KvIE55Clb8zK', NULL, NULL, NULL, NULL, NULL, NULL, NULL, NULL, NULL, NULL, NULL, NULL, NULL, '2024-12-13 03:06:25', '2024-12-13 03:06:25'),
(989, 'Glennie Armstrong', 'hubert00@example.net', NULL, '$2y$12$VMLvr0CaAk8HOJ7bpwjVEOI9HrTk3hWTF9ppo9WDlZhpLHGWOCQv6', NULL, NULL, NULL, NULL, NULL, NULL, NULL, NULL, NULL, NULL, NULL, NULL, NULL, '2024-12-13 03:06:25', '2024-12-13 03:06:25'),
(990, 'Bernard Rowe', 'connelly.keeley@example.net', NULL, '$2y$12$.XgeA8anqaBVybYWN72qY.yL6dvT7tVVqT3GHjX6hgUK.rNJhvSCC', NULL, NULL, NULL, NULL, NULL, NULL, NULL, NULL, NULL, NULL, NULL, NULL, NULL, '2024-12-13 03:06:26', '2024-12-13 03:06:26'),
(991, 'Dale O\'Connell Jr.', 'ashlynn.mante@example.com', NULL, '$2y$12$VxVI1opxShNqNNlisM7vCee1sYt.MfyDwwkUfIrqZZNdpZVq2lPAy', NULL, NULL, NULL, NULL, NULL, NULL, NULL, NULL, NULL, NULL, NULL, NULL, NULL, '2024-12-13 03:06:26', '2024-12-13 03:06:26'),
(992, 'Jason Ernser DDS', 'kbernhard@example.net', NULL, '$2y$12$Srn.Ho3rH7HR0bn.3R7DqenjDnvlinYRn4jYtIYQeeKUOHPRDgBbu', NULL, NULL, NULL, NULL, NULL, NULL, NULL, NULL, NULL, NULL, NULL, NULL, NULL, '2024-12-13 03:06:26', '2024-12-13 03:06:26'),
(993, 'Leopoldo Jacobs', 'regan94@example.org', NULL, '$2y$12$BwDnKJ/Em.mWirXgXhhFKOQhojDjMGK/3y1e5VVjq93Ap70Sgs6k6', NULL, NULL, NULL, NULL, NULL, NULL, NULL, NULL, NULL, NULL, NULL, NULL, NULL, '2024-12-13 03:06:26', '2024-12-13 03:06:26'),
(994, 'Mrs. Sallie Leffler I', 'esther54@example.com', NULL, '$2y$12$BpwKGzammYLkoDkOZvspQOmXIOe/BSFAKEAvc2qOsqfQS.bPt5/La', NULL, NULL, NULL, NULL, NULL, NULL, NULL, NULL, NULL, NULL, NULL, NULL, NULL, '2024-12-13 03:06:27', '2024-12-13 03:06:27'),
(995, 'Betsy Ruecker', 'dare.domenick@example.org', NULL, '$2y$12$T2hjpQ9LunAkcg5e1X9e0ui2UCCUWVxZj86.nYtK8w9E.eqoelC76', NULL, NULL, NULL, NULL, NULL, NULL, NULL, NULL, NULL, NULL, NULL, NULL, NULL, '2024-12-13 03:06:27', '2024-12-13 03:06:27'),
(996, 'Ms. Josianne Gutmann', 'fahey.merlin@example.net', NULL, '$2y$12$oji0QOasC8yAgecwH7cZnOSj7zv9jm5gyAiPXU25.fgE3K7q9pGw6', NULL, NULL, NULL, NULL, NULL, NULL, NULL, NULL, NULL, NULL, NULL, NULL, NULL, '2024-12-13 03:06:27', '2024-12-13 03:06:27'),
(997, 'Velva Kemmer', 'warren.schaden@example.net', NULL, '$2y$12$5sJ7gCWYMf/vknWydYVwe.4AP5apLmJx5HhpxH07ypjlSeGpiW7hC', NULL, NULL, NULL, NULL, NULL, NULL, NULL, NULL, NULL, NULL, NULL, NULL, NULL, '2024-12-13 03:06:27', '2024-12-13 03:06:27'),
(998, 'Heber Heller', 'hkozey@example.com', NULL, '$2y$12$4U4dF6qOaI.sOVK1lCDAFuDjZy0JqYh02DXKTHtuMO04zVJbcBpe.', NULL, NULL, NULL, NULL, NULL, NULL, NULL, NULL, NULL, NULL, NULL, NULL, NULL, '2024-12-13 03:06:28', '2024-12-13 03:06:28'),
(999, 'Mr. Arno Skiles DVM', 'uwiza@example.net', NULL, '$2y$12$u84k08GW/3SfTA.R59yvzuFOISKoRPSAy324Ham0hDd0otwclnhvK', NULL, NULL, NULL, NULL, NULL, NULL, NULL, NULL, NULL, NULL, NULL, NULL, NULL, '2024-12-13 03:06:28', '2024-12-13 03:06:28'),
(1000, 'Sandy Schmidt', 'katarina85@example.org', NULL, '$2y$12$ooIv76sGsZQJNH9KJBXE4.kV2XfYY.TmrKbCcB1G2m9rt1lbWav46', NULL, NULL, NULL, NULL, NULL, NULL, NULL, NULL, NULL, NULL, NULL, NULL, NULL, '2024-12-13 03:06:28', '2024-12-13 03:06:28'),
(1001, 'Athena Gleichner', 'loreilly@example.org', NULL, '$2y$12$kHh2nvgTcdyNqKyjiInq9uHsqyat4rmcLKOHtRdIzfHDKST4XsnaG', NULL, NULL, NULL, NULL, NULL, NULL, NULL, NULL, NULL, NULL, NULL, NULL, NULL, '2024-12-13 03:06:28', '2024-12-13 03:06:28'),
(1002, 'Baby Schoen', 'lourdes.koss@example.net', NULL, '$2y$12$6501lP6FnFzvMtENrDXUWudhYDLimweNhrZlwSXMM.PCH/hrPcdQG', NULL, NULL, NULL, NULL, NULL, NULL, NULL, NULL, NULL, NULL, NULL, NULL, NULL, '2024-12-13 03:06:28', '2024-12-13 03:06:28'),
(1003, 'Lilly O\'Hara', 'naomie.kris@example.com', NULL, '$2y$12$Tg.F6bKz1jDhGFIXcUDHlumeAeF7Rv0an3.Tt2yBautWG4.pAbKEO', NULL, NULL, NULL, NULL, NULL, NULL, NULL, NULL, NULL, NULL, NULL, NULL, NULL, '2024-12-13 03:06:29', '2024-12-13 03:06:29'),
(1004, 'Jules Bayer', 'orobel@example.org', NULL, '$2y$12$y6SdIjJAKVW1gopqUkOebucV8cPaACUf3iVkZANy4m49P30QRGsTe', NULL, NULL, NULL, NULL, NULL, NULL, NULL, NULL, NULL, NULL, NULL, NULL, NULL, '2024-12-13 03:06:29', '2024-12-13 03:06:29'),
(1005, 'Adrain Reilly DVM', 'dorothea98@example.com', NULL, '$2y$12$pyRU/JV6a5n91yvShuabmuEhOLosA3K.0UvYl6T.BFtGz1daIbaz6', NULL, NULL, NULL, NULL, NULL, NULL, NULL, NULL, NULL, NULL, NULL, NULL, NULL, '2024-12-13 03:06:29', '2024-12-13 03:06:29'),
(1006, 'Donato Brown', 'kale.legros@example.org', NULL, '$2y$12$zEe9peb9JRQJ4P7qIDdjRu48mHO7Od6koW5ixn7wGHzdPKwklzP/m', NULL, NULL, NULL, NULL, NULL, NULL, NULL, NULL, NULL, NULL, NULL, NULL, NULL, '2024-12-13 03:06:29', '2024-12-13 03:06:29'),
(1007, 'Cristopher Cronin II', 'runolfsson.hilton@example.com', NULL, '$2y$12$LBTxwhFpBAs6nsS04Pg73.mCdoeC2kvLtNftZ5M2gTaMVHAOnQJOG', NULL, NULL, NULL, NULL, NULL, NULL, NULL, NULL, NULL, NULL, NULL, NULL, NULL, '2024-12-13 03:06:30', '2024-12-13 03:06:30'),
(1008, 'Seamus Block', 'jackie37@example.net', NULL, '$2y$12$dFJvp4cPN4Macun5J/NQT.Ez88eYqjV9oZ24fnTjs5jwmCon0Wsrq', NULL, NULL, NULL, NULL, NULL, NULL, NULL, NULL, NULL, NULL, NULL, NULL, NULL, '2024-12-13 03:06:30', '2024-12-13 03:06:30'),
(1009, 'Hal Wyman', 'gardner.gottlieb@example.net', NULL, '$2y$12$PITMdk7CFQIvV9e146FlkeUnN/oU./ModBgfEUkT3DiwHVVsQ.mSK', NULL, NULL, NULL, NULL, NULL, NULL, NULL, NULL, NULL, NULL, NULL, NULL, NULL, '2024-12-13 03:06:30', '2024-12-13 03:06:30'),
(1010, 'Priscilla Cummings', 'brice.miller@example.com', NULL, '$2y$12$6emJ./Bh.8f7ZJGIitBr9uGD80LCQQ8K9AZysev28BJlBqZfTK7Ti', NULL, NULL, NULL, NULL, NULL, NULL, NULL, NULL, NULL, NULL, NULL, NULL, NULL, '2024-12-13 03:06:30', '2024-12-13 03:06:30'),
(1011, 'Mrs. Mable Terry', 'dawson.funk@example.com', NULL, '$2y$12$grEEVmRlKtwHBXkNWmJCm.exB7HHRQCsSVNVXVBLw9QyWU/lr..Xm', NULL, NULL, NULL, NULL, NULL, NULL, NULL, NULL, NULL, NULL, NULL, NULL, NULL, '2024-12-13 03:06:31', '2024-12-13 03:06:31');
INSERT INTO `users` (`id`, `name`, `email`, `email_verified_at`, `password`, `two_factor_secret`, `two_factor_recovery_codes`, `two_factor_confirmed_at`, `date_of_birth`, `phone_number`, `address`, `city`, `state`, `zip_code`, `remember_token`, `current_team_id`, `profile_photo_path`, `deleted_at`, `created_at`, `updated_at`) VALUES
(1012, 'Roman Streich Jr.', 'naomie35@example.org', NULL, '$2y$12$EcdwN9pqV5N/KNovY99KRe9wqhn0sjs.Q3pBee/grAl4IrPIPREYu', NULL, NULL, NULL, NULL, NULL, NULL, NULL, NULL, NULL, NULL, NULL, NULL, NULL, '2024-12-13 03:06:31', '2024-12-13 03:06:31'),
(1013, 'Mrs. Bernadette Hegmann MD', 'dino.watsica@example.net', NULL, '$2y$12$h.XILphnVkxHIAmFHZgPZuN.DCeWTdRQhVmWtSp2PVQn4wmd.014i', NULL, NULL, NULL, NULL, NULL, NULL, NULL, NULL, NULL, NULL, NULL, NULL, NULL, '2024-12-13 03:06:31', '2024-12-13 03:06:31'),
(1014, 'Edna Pagac', 'schaden.waylon@example.net', NULL, '$2y$12$GYQY1Y9DmNaRwMOIWw6ozudtLqOmmlvgxJSXP2XK5lGAvXg2CNTZ6', NULL, NULL, NULL, NULL, NULL, NULL, NULL, NULL, NULL, NULL, NULL, NULL, NULL, '2024-12-13 03:06:31', '2024-12-13 03:06:31'),
(1015, 'Mrs. Jennifer Gulgowski', 'bertram67@example.com', NULL, '$2y$12$/YuWEsVuKQmCu6bUvBjIlubp2qYHhJNQZHy0IcM2XkCfw62a9tEDu', NULL, NULL, NULL, NULL, NULL, NULL, NULL, NULL, NULL, NULL, NULL, NULL, NULL, '2024-12-13 03:06:32', '2024-12-13 03:06:32'),
(1016, 'Marianna O\'Hara', 'ahansen@example.com', NULL, '$2y$12$q3.nLkPxAw14goecgtwh4ur1tqcQNTK8/bbtdbjKJ0.uCnyyJts0S', NULL, NULL, NULL, NULL, NULL, NULL, NULL, NULL, NULL, NULL, NULL, NULL, NULL, '2024-12-13 03:06:32', '2024-12-13 03:06:32'),
(1017, 'Burley Windler', 'breanne.reynolds@example.org', NULL, '$2y$12$muqPoTOjjl3PA99QnxQsy.5huXX1zjb/PcOk37QG9Tgvs993wiueq', NULL, NULL, NULL, NULL, NULL, NULL, NULL, NULL, NULL, NULL, NULL, NULL, NULL, '2024-12-13 03:06:32', '2024-12-13 03:06:32'),
(1018, 'Magdalena VonRueden', 'padberg.willis@example.com', NULL, '$2y$12$4JOSH65zAGylsF2ocxKaweSzRaYE0HvM8ZpXYz1IxKS9MmzYTK6N6', NULL, NULL, NULL, NULL, NULL, NULL, NULL, NULL, NULL, NULL, NULL, NULL, NULL, '2024-12-13 03:06:32', '2024-12-13 03:06:32'),
(1019, 'Anthony Nikolaus', 'sincere.champlin@example.org', NULL, '$2y$12$RoIuLq0LPUMR/fydKiwQ8eIQ/iunccWWBBtA14iXZ3G7gKvpgRey2', NULL, NULL, NULL, NULL, NULL, NULL, NULL, NULL, NULL, NULL, NULL, NULL, NULL, '2024-12-13 03:06:32', '2024-12-13 03:06:32'),
(1020, 'Lisa Kirlin', 'kasey10@example.com', NULL, '$2y$12$vVLeudD0qE508AmzFTibKeymnUtZjGK1wRnCnux5TsDiu.g/g3Nma', NULL, NULL, NULL, NULL, NULL, NULL, NULL, NULL, NULL, NULL, NULL, NULL, NULL, '2024-12-13 03:06:33', '2024-12-13 03:06:33'),
(1021, 'Miss Aubrey Beatty', 'powlowski.lou@example.org', NULL, '$2y$12$dnkw/He7Y7RRHNHp2l1RJuLSK9MSkkxMNxdLRIkUuBh/8M/XHIqZG', NULL, NULL, NULL, NULL, NULL, NULL, NULL, NULL, NULL, NULL, NULL, NULL, NULL, '2024-12-13 03:06:33', '2024-12-13 03:06:33');

--
-- Indexes for dumped tables
--

--
-- Indexes for table `buildings`
--
ALTER TABLE `buildings`
  ADD PRIMARY KEY (`id`);

--
-- Indexes for table `building_rooms`
--
ALTER TABLE `building_rooms`
  ADD PRIMARY KEY (`id`),
  ADD KEY `building_rooms_building_id_foreign` (`building_id`),
  ADD KEY `building_rooms_room_id_foreign` (`room_id`);

--
-- Indexes for table `cache`
--
ALTER TABLE `cache`
  ADD PRIMARY KEY (`key`);

--
-- Indexes for table `cache_locks`
--
ALTER TABLE `cache_locks`
  ADD PRIMARY KEY (`key`);

--
-- Indexes for table `departments`
--
ALTER TABLE `departments`
  ADD PRIMARY KEY (`id`);

--
-- Indexes for table `department_students`
--
ALTER TABLE `department_students`
  ADD PRIMARY KEY (`id`),
  ADD KEY `department_students_department_id_foreign` (`department_id`),
  ADD KEY `department_students_student_id_foreign` (`student_id`);

--
-- Indexes for table `department_teachers`
--
ALTER TABLE `department_teachers`
  ADD PRIMARY KEY (`id`),
  ADD KEY `department_teachers_department_id_foreign` (`department_id`),
  ADD KEY `department_teachers_teacher_id_foreign` (`teacher_id`);

--
-- Indexes for table `evaluations`
--
ALTER TABLE `evaluations`
  ADD PRIMARY KEY (`id`);

--
-- Indexes for table `evaluation_responses`
--
ALTER TABLE `evaluation_responses`
  ADD PRIMARY KEY (`id`),
  ADD KEY `evaluation_responses_evaluation_id_foreign` (`evaluation_id`),
  ADD KEY `evaluation_responses_room_section_id_foreign` (`room_section_id`),
  ADD KEY `evaluation_responses_student_id_foreign` (`student_id`);

--
-- Indexes for table `failed_jobs`
--
ALTER TABLE `failed_jobs`
  ADD PRIMARY KEY (`id`),
  ADD UNIQUE KEY `failed_jobs_uuid_unique` (`uuid`);

--
-- Indexes for table `jobs`
--
ALTER TABLE `jobs`
  ADD PRIMARY KEY (`id`),
  ADD KEY `jobs_queue_index` (`queue`);

--
-- Indexes for table `job_batches`
--
ALTER TABLE `job_batches`
  ADD PRIMARY KEY (`id`);

--
-- Indexes for table `migrations`
--
ALTER TABLE `migrations`
  ADD PRIMARY KEY (`id`);

--
-- Indexes for table `model_has_permissions`
--
ALTER TABLE `model_has_permissions`
  ADD PRIMARY KEY (`permission_id`,`model_id`,`model_type`),
  ADD KEY `model_has_permissions_model_id_model_type_index` (`model_id`,`model_type`);

--
-- Indexes for table `model_has_roles`
--
ALTER TABLE `model_has_roles`
  ADD PRIMARY KEY (`role_id`,`model_id`,`model_type`),
  ADD KEY `model_has_roles_model_id_model_type_index` (`model_id`,`model_type`);

--
-- Indexes for table `notifications`
--
ALTER TABLE `notifications`
  ADD PRIMARY KEY (`id`),
  ADD KEY `notifications_notifiable_type_notifiable_id_index` (`notifiable_type`,`notifiable_id`);

--
-- Indexes for table `password_reset_tokens`
--
ALTER TABLE `password_reset_tokens`
  ADD PRIMARY KEY (`email`);

--
-- Indexes for table `permissions`
--
ALTER TABLE `permissions`
  ADD PRIMARY KEY (`id`),
  ADD UNIQUE KEY `permissions_name_guard_name_unique` (`name`,`guard_name`);

--
-- Indexes for table `personal_access_tokens`
--
ALTER TABLE `personal_access_tokens`
  ADD PRIMARY KEY (`id`),
  ADD UNIQUE KEY `personal_access_tokens_token_unique` (`token`),
  ADD KEY `personal_access_tokens_tokenable_type_tokenable_id_index` (`tokenable_type`,`tokenable_id`);

--
-- Indexes for table `phases`
--
ALTER TABLE `phases`
  ADD PRIMARY KEY (`id`),
  ADD KEY `phases_evaluation_id_foreign` (`evaluation_id`);

--
-- Indexes for table `questions`
--
ALTER TABLE `questions`
  ADD PRIMARY KEY (`id`),
  ADD KEY `questions_phase_id_foreign` (`phase_id`);

--
-- Indexes for table `question_responses`
--
ALTER TABLE `question_responses`
  ADD PRIMARY KEY (`id`),
  ADD KEY `question_responses_evaluation_response_id_foreign` (`evaluation_response_id`),
  ADD KEY `question_responses_question_id_foreign` (`question_id`),
  ADD KEY `question_responses_student_id_foreign` (`student_id`);

--
-- Indexes for table `roles`
--
ALTER TABLE `roles`
  ADD PRIMARY KEY (`id`),
  ADD UNIQUE KEY `roles_name_guard_name_unique` (`name`,`guard_name`);

--
-- Indexes for table `role_has_permissions`
--
ALTER TABLE `role_has_permissions`
  ADD PRIMARY KEY (`permission_id`,`role_id`),
  ADD KEY `role_has_permissions_role_id_foreign` (`role_id`);

--
-- Indexes for table `rooms`
--
ALTER TABLE `rooms`
  ADD PRIMARY KEY (`id`),
  ADD KEY `rooms_building_id_foreign` (`building_id`);

--
-- Indexes for table `room_sections`
--
ALTER TABLE `room_sections`
  ADD PRIMARY KEY (`id`),
  ADD KEY `room_sections_teacher_id_foreign` (`teacher_id`),
  ADD KEY `room_sections_room_id_foreign` (`room_id`),
  ADD KEY `room_sections_section_id_foreign` (`section_id`),
  ADD KEY `room_sections_subject_id_foreign` (`subject_id`),
  ADD KEY `room_sections_department_id_foreign` (`department_id`),
  ADD KEY `room_sections_evaluation_id_foreign` (`evaluation_id`);

--
-- Indexes for table `room_section_students`
--
ALTER TABLE `room_section_students`
  ADD PRIMARY KEY (`id`),
  ADD KEY `room_section_students_room_section_id_foreign` (`room_section_id`),
  ADD KEY `room_section_students_student_id_foreign` (`student_id`);

--
-- Indexes for table `sections`
--
ALTER TABLE `sections`
  ADD PRIMARY KEY (`id`);

--
-- Indexes for table `sessions`
--
ALTER TABLE `sessions`
  ADD PRIMARY KEY (`id`),
  ADD KEY `sessions_user_id_index` (`user_id`),
  ADD KEY `sessions_last_activity_index` (`last_activity`);

--
-- Indexes for table `student_grades`
--
ALTER TABLE `student_grades`
  ADD PRIMARY KEY (`id`),
  ADD KEY `student_grades_room_section_id_foreign` (`room_section_id`),
  ADD KEY `student_grades_student_id_foreign` (`student_id`);

--
-- Indexes for table `subjects`
--
ALTER TABLE `subjects`
  ADD PRIMARY KEY (`id`),
  ADD KEY `subjects_department_id_foreign` (`department_id`);

--
-- Indexes for table `users`
--
ALTER TABLE `users`
  ADD PRIMARY KEY (`id`),
  ADD UNIQUE KEY `users_email_unique` (`email`);

--
-- AUTO_INCREMENT for dumped tables
--

--
-- AUTO_INCREMENT for table `buildings`
--
ALTER TABLE `buildings`
  MODIFY `id` bigint(20) UNSIGNED NOT NULL AUTO_INCREMENT, AUTO_INCREMENT=102;

--
-- AUTO_INCREMENT for table `building_rooms`
--
ALTER TABLE `building_rooms`
  MODIFY `id` bigint(20) UNSIGNED NOT NULL AUTO_INCREMENT;

--
-- AUTO_INCREMENT for table `departments`
--
ALTER TABLE `departments`
  MODIFY `id` bigint(20) UNSIGNED NOT NULL AUTO_INCREMENT, AUTO_INCREMENT=14;

--
-- AUTO_INCREMENT for table `department_students`
--
ALTER TABLE `department_students`
  MODIFY `id` bigint(20) UNSIGNED NOT NULL AUTO_INCREMENT, AUTO_INCREMENT=25;

--
-- AUTO_INCREMENT for table `department_teachers`
--
ALTER TABLE `department_teachers`
  MODIFY `id` bigint(20) UNSIGNED NOT NULL AUTO_INCREMENT, AUTO_INCREMENT=25;

--
-- AUTO_INCREMENT for table `evaluations`
--
ALTER TABLE `evaluations`
  MODIFY `id` bigint(20) UNSIGNED NOT NULL AUTO_INCREMENT, AUTO_INCREMENT=8;

--
-- AUTO_INCREMENT for table `evaluation_responses`
--
ALTER TABLE `evaluation_responses`
  MODIFY `id` bigint(20) UNSIGNED NOT NULL AUTO_INCREMENT, AUTO_INCREMENT=2;

--
-- AUTO_INCREMENT for table `failed_jobs`
--
ALTER TABLE `failed_jobs`
  MODIFY `id` bigint(20) UNSIGNED NOT NULL AUTO_INCREMENT;

--
-- AUTO_INCREMENT for table `jobs`
--
ALTER TABLE `jobs`
  MODIFY `id` bigint(20) UNSIGNED NOT NULL AUTO_INCREMENT;

--
-- AUTO_INCREMENT for table `migrations`
--
ALTER TABLE `migrations`
  MODIFY `id` int(10) UNSIGNED NOT NULL AUTO_INCREMENT, AUTO_INCREMENT=25;

--
-- AUTO_INCREMENT for table `permissions`
--
ALTER TABLE `permissions`
  MODIFY `id` bigint(20) UNSIGNED NOT NULL AUTO_INCREMENT, AUTO_INCREMENT=52;

--
-- AUTO_INCREMENT for table `personal_access_tokens`
--
ALTER TABLE `personal_access_tokens`
  MODIFY `id` bigint(20) UNSIGNED NOT NULL AUTO_INCREMENT;

--
-- AUTO_INCREMENT for table `phases`
--
ALTER TABLE `phases`
  MODIFY `id` bigint(20) UNSIGNED NOT NULL AUTO_INCREMENT, AUTO_INCREMENT=13;

--
-- AUTO_INCREMENT for table `questions`
--
ALTER TABLE `questions`
  MODIFY `id` bigint(20) UNSIGNED NOT NULL AUTO_INCREMENT, AUTO_INCREMENT=34;

--
-- AUTO_INCREMENT for table `question_responses`
--
ALTER TABLE `question_responses`
  MODIFY `id` bigint(20) UNSIGNED NOT NULL AUTO_INCREMENT;

--
-- AUTO_INCREMENT for table `roles`
--
ALTER TABLE `roles`
  MODIFY `id` bigint(20) UNSIGNED NOT NULL AUTO_INCREMENT, AUTO_INCREMENT=5;

--
-- AUTO_INCREMENT for table `rooms`
--
ALTER TABLE `rooms`
  MODIFY `id` bigint(20) UNSIGNED NOT NULL AUTO_INCREMENT, AUTO_INCREMENT=103;

--
-- AUTO_INCREMENT for table `room_sections`
--
ALTER TABLE `room_sections`
  MODIFY `id` bigint(20) UNSIGNED NOT NULL AUTO_INCREMENT, AUTO_INCREMENT=52;

--
-- AUTO_INCREMENT for table `room_section_students`
--
ALTER TABLE `room_section_students`
  MODIFY `id` bigint(20) UNSIGNED NOT NULL AUTO_INCREMENT, AUTO_INCREMENT=252;

--
-- AUTO_INCREMENT for table `sections`
--
ALTER TABLE `sections`
  MODIFY `id` bigint(20) UNSIGNED NOT NULL AUTO_INCREMENT, AUTO_INCREMENT=52;

--
-- AUTO_INCREMENT for table `student_grades`
--
ALTER TABLE `student_grades`
  MODIFY `id` bigint(20) UNSIGNED NOT NULL AUTO_INCREMENT;

--
-- AUTO_INCREMENT for table `subjects`
--
ALTER TABLE `subjects`
  MODIFY `id` bigint(20) UNSIGNED NOT NULL AUTO_INCREMENT, AUTO_INCREMENT=72;

--
-- AUTO_INCREMENT for table `users`
--
ALTER TABLE `users`
  MODIFY `id` bigint(20) UNSIGNED NOT NULL AUTO_INCREMENT, AUTO_INCREMENT=1022;

--
-- Constraints for dumped tables
--

--
-- Constraints for table `building_rooms`
--
ALTER TABLE `building_rooms`
  ADD CONSTRAINT `building_rooms_building_id_foreign` FOREIGN KEY (`building_id`) REFERENCES `buildings` (`id`) ON DELETE CASCADE,
  ADD CONSTRAINT `building_rooms_room_id_foreign` FOREIGN KEY (`room_id`) REFERENCES `rooms` (`id`) ON DELETE CASCADE;

--
-- Constraints for table `department_students`
--
ALTER TABLE `department_students`
  ADD CONSTRAINT `department_students_department_id_foreign` FOREIGN KEY (`department_id`) REFERENCES `departments` (`id`),
  ADD CONSTRAINT `department_students_student_id_foreign` FOREIGN KEY (`student_id`) REFERENCES `users` (`id`);

--
-- Constraints for table `department_teachers`
--
ALTER TABLE `department_teachers`
  ADD CONSTRAINT `department_teachers_department_id_foreign` FOREIGN KEY (`department_id`) REFERENCES `departments` (`id`) ON DELETE CASCADE,
  ADD CONSTRAINT `department_teachers_teacher_id_foreign` FOREIGN KEY (`teacher_id`) REFERENCES `users` (`id`) ON DELETE CASCADE;

--
-- Constraints for table `evaluation_responses`
--
ALTER TABLE `evaluation_responses`
  ADD CONSTRAINT `evaluation_responses_evaluation_id_foreign` FOREIGN KEY (`evaluation_id`) REFERENCES `evaluations` (`id`) ON DELETE CASCADE,
  ADD CONSTRAINT `evaluation_responses_room_section_id_foreign` FOREIGN KEY (`room_section_id`) REFERENCES `room_sections` (`id`) ON DELETE CASCADE,
  ADD CONSTRAINT `evaluation_responses_student_id_foreign` FOREIGN KEY (`student_id`) REFERENCES `users` (`id`) ON DELETE CASCADE;

--
-- Constraints for table `model_has_permissions`
--
ALTER TABLE `model_has_permissions`
  ADD CONSTRAINT `model_has_permissions_permission_id_foreign` FOREIGN KEY (`permission_id`) REFERENCES `permissions` (`id`) ON DELETE CASCADE;

--
-- Constraints for table `model_has_roles`
--
ALTER TABLE `model_has_roles`
  ADD CONSTRAINT `model_has_roles_role_id_foreign` FOREIGN KEY (`role_id`) REFERENCES `roles` (`id`) ON DELETE CASCADE;

--
-- Constraints for table `phases`
--
ALTER TABLE `phases`
  ADD CONSTRAINT `phases_evaluation_id_foreign` FOREIGN KEY (`evaluation_id`) REFERENCES `evaluations` (`id`) ON DELETE CASCADE;

--
-- Constraints for table `questions`
--
ALTER TABLE `questions`
  ADD CONSTRAINT `questions_phase_id_foreign` FOREIGN KEY (`phase_id`) REFERENCES `phases` (`id`) ON DELETE CASCADE;

--
-- Constraints for table `question_responses`
--
ALTER TABLE `question_responses`
  ADD CONSTRAINT `question_responses_evaluation_response_id_foreign` FOREIGN KEY (`evaluation_response_id`) REFERENCES `evaluation_responses` (`id`) ON DELETE CASCADE,
  ADD CONSTRAINT `question_responses_question_id_foreign` FOREIGN KEY (`question_id`) REFERENCES `questions` (`id`) ON DELETE CASCADE,
  ADD CONSTRAINT `question_responses_student_id_foreign` FOREIGN KEY (`student_id`) REFERENCES `users` (`id`) ON DELETE CASCADE;

--
-- Constraints for table `role_has_permissions`
--
ALTER TABLE `role_has_permissions`
  ADD CONSTRAINT `role_has_permissions_permission_id_foreign` FOREIGN KEY (`permission_id`) REFERENCES `permissions` (`id`) ON DELETE CASCADE,
  ADD CONSTRAINT `role_has_permissions_role_id_foreign` FOREIGN KEY (`role_id`) REFERENCES `roles` (`id`) ON DELETE CASCADE;

--
-- Constraints for table `rooms`
--
ALTER TABLE `rooms`
  ADD CONSTRAINT `rooms_building_id_foreign` FOREIGN KEY (`building_id`) REFERENCES `buildings` (`id`) ON DELETE CASCADE;

--
-- Constraints for table `room_sections`
--
ALTER TABLE `room_sections`
  ADD CONSTRAINT `room_sections_department_id_foreign` FOREIGN KEY (`department_id`) REFERENCES `departments` (`id`) ON DELETE CASCADE,
  ADD CONSTRAINT `room_sections_evaluation_id_foreign` FOREIGN KEY (`evaluation_id`) REFERENCES `evaluations` (`id`) ON DELETE CASCADE,
  ADD CONSTRAINT `room_sections_room_id_foreign` FOREIGN KEY (`room_id`) REFERENCES `rooms` (`id`) ON DELETE CASCADE,
  ADD CONSTRAINT `room_sections_section_id_foreign` FOREIGN KEY (`section_id`) REFERENCES `sections` (`id`) ON DELETE CASCADE,
  ADD CONSTRAINT `room_sections_subject_id_foreign` FOREIGN KEY (`subject_id`) REFERENCES `subjects` (`id`) ON DELETE CASCADE,
  ADD CONSTRAINT `room_sections_teacher_id_foreign` FOREIGN KEY (`teacher_id`) REFERENCES `users` (`id`) ON DELETE CASCADE;

--
-- Constraints for table `room_section_students`
--
ALTER TABLE `room_section_students`
  ADD CONSTRAINT `room_section_students_room_section_id_foreign` FOREIGN KEY (`room_section_id`) REFERENCES `room_sections` (`id`) ON DELETE CASCADE,
  ADD CONSTRAINT `room_section_students_student_id_foreign` FOREIGN KEY (`student_id`) REFERENCES `users` (`id`) ON DELETE CASCADE;

--
-- Constraints for table `student_grades`
--
ALTER TABLE `student_grades`
  ADD CONSTRAINT `student_grades_room_section_id_foreign` FOREIGN KEY (`room_section_id`) REFERENCES `room_sections` (`id`) ON DELETE CASCADE,
  ADD CONSTRAINT `student_grades_student_id_foreign` FOREIGN KEY (`student_id`) REFERENCES `users` (`id`) ON DELETE CASCADE;

--
-- Constraints for table `subjects`
--
ALTER TABLE `subjects`
  ADD CONSTRAINT `subjects_department_id_foreign` FOREIGN KEY (`department_id`) REFERENCES `departments` (`id`) ON DELETE CASCADE;
COMMIT;

/*!40101 SET CHARACTER_SET_CLIENT=@OLD_CHARACTER_SET_CLIENT */;
/*!40101 SET CHARACTER_SET_RESULTS=@OLD_CHARACTER_SET_RESULTS */;
/*!40101 SET COLLATION_CONNECTION=@OLD_COLLATION_CONNECTION */;
