-- phpMyAdmin SQL Dump
-- version 5.2.1
-- https://www.phpmyadmin.net/
--
-- Host: 127.0.0.1:8111
-- Generation Time: Dec 13, 2024 at 01:45 AM
-- Server version: 10.4.32-MariaDB
-- PHP Version: 8.2.12

SET SQL_MODE = "NO_AUTO_VALUE_ON_ZERO";
START TRANSACTION;
SET time_zone = "+00:00";


/*!40101 SET @OLD_CHARACTER_SET_CLIENT=@@CHARACTER_SET_CLIENT */;
/*!40101 SET @OLD_CHARACTER_SET_RESULTS=@@CHARACTER_SET_RESULTS */;
/*!40101 SET @OLD_COLLATION_CONNECTION=@@COLLATION_CONNECTION */;
/*!40101 SET NAMES utf8mb4 */;

--
-- Database: `portallll`
--

-- --------------------------------------------------------

--
-- Table structure for table `buildings`
--

CREATE TABLE `buildings` (
  `id` bigint(20) UNSIGNED NOT NULL,
  `name` varchar(255) NOT NULL,
  `is_active` tinyint(1) NOT NULL DEFAULT 1,
  `deleted_at` timestamp NULL DEFAULT NULL,
  `created_at` timestamp NULL DEFAULT NULL,
  `updated_at` timestamp NULL DEFAULT NULL
) ENGINE=InnoDB DEFAULT CHARSET=utf8mb4 COLLATE=utf8mb4_unicode_ci;

--
-- Dumping data for table `buildings`
--

INSERT INTO `buildings` (`id`, `name`, `is_active`, `deleted_at`, `created_at`, `updated_at`) VALUES
(1, 'Building A', 1, NULL, NULL, NULL),
(2, 'Charles Cummings', 1, NULL, '2024-12-12 23:17:24', '2024-12-12 23:17:24'),
(3, 'Prof. Minerva Breitenberg I', 1, NULL, '2024-12-12 23:17:24', '2024-12-12 23:17:24'),
(4, 'Lenna Jenkins', 1, NULL, '2024-12-12 23:17:24', '2024-12-12 23:17:24'),
(5, 'Dr. Cleve Gibson III', 1, NULL, '2024-12-12 23:17:24', '2024-12-12 23:17:24'),
(6, 'Mekhi Cummerata DDS', 1, NULL, '2024-12-12 23:17:24', '2024-12-12 23:17:24'),
(7, 'Corrine Ondricka', 1, NULL, '2024-12-12 23:17:24', '2024-12-12 23:17:24'),
(8, 'Dr. Aurelia Hegmann', 1, NULL, '2024-12-12 23:17:24', '2024-12-12 23:17:24'),
(9, 'Jimmy Dickinson', 1, NULL, '2024-12-12 23:17:24', '2024-12-12 23:17:24'),
(10, 'Donato Stracke II', 1, NULL, '2024-12-12 23:17:24', '2024-12-12 23:17:24'),
(11, 'Fletcher Mayert', 1, NULL, '2024-12-12 23:17:24', '2024-12-12 23:17:24'),
(12, 'Clifton Becker', 1, NULL, '2024-12-12 23:17:24', '2024-12-12 23:17:24'),
(13, 'Mrs. Halie Stokes', 1, NULL, '2024-12-12 23:17:24', '2024-12-12 23:17:24'),
(14, 'Mollie Keebler PhD', 1, NULL, '2024-12-12 23:17:24', '2024-12-12 23:17:24'),
(15, 'Prof. Rocio Corkery DVM', 1, NULL, '2024-12-12 23:17:24', '2024-12-12 23:17:24'),
(16, 'Mr. Dwight Kilback', 1, NULL, '2024-12-12 23:17:24', '2024-12-12 23:17:24'),
(17, 'Mr. Hilton Smitham', 1, NULL, '2024-12-12 23:17:24', '2024-12-12 23:17:24'),
(18, 'Ms. Yasmeen Quigley', 1, NULL, '2024-12-12 23:17:24', '2024-12-12 23:17:24'),
(19, 'Domenick Parisian', 1, NULL, '2024-12-12 23:17:24', '2024-12-12 23:17:24'),
(20, 'Leonora Conroy', 1, NULL, '2024-12-12 23:17:24', '2024-12-12 23:17:24'),
(21, 'River Hettinger I', 1, NULL, '2024-12-12 23:17:24', '2024-12-12 23:17:24'),
(22, 'Jeanie Crooks', 1, NULL, '2024-12-12 23:17:24', '2024-12-12 23:17:24'),
(23, 'Mauricio Reichel', 1, NULL, '2024-12-12 23:17:24', '2024-12-12 23:17:24'),
(24, 'Charlotte Pouros', 1, NULL, '2024-12-12 23:17:24', '2024-12-12 23:17:24'),
(25, 'Miss Mafalda Koss', 1, NULL, '2024-12-12 23:17:24', '2024-12-12 23:17:24'),
(26, 'Prof. Eunice Ratke Jr.', 1, NULL, '2024-12-12 23:17:24', '2024-12-12 23:17:24'),
(27, 'Pietro Hahn', 1, NULL, '2024-12-12 23:17:24', '2024-12-12 23:17:24'),
(28, 'Earline Marquardt', 1, NULL, '2024-12-12 23:17:24', '2024-12-12 23:17:24'),
(29, 'Libby Renner PhD', 1, NULL, '2024-12-12 23:17:24', '2024-12-12 23:17:24'),
(30, 'Angela Kuvalis', 1, NULL, '2024-12-12 23:17:24', '2024-12-12 23:17:24'),
(31, 'Arnoldo Bartell', 1, NULL, '2024-12-12 23:17:24', '2024-12-12 23:17:24'),
(32, 'Miss Pinkie Cassin Jr.', 1, NULL, '2024-12-12 23:17:24', '2024-12-12 23:17:24'),
(33, 'Hobart Waters', 1, NULL, '2024-12-12 23:17:24', '2024-12-12 23:17:24'),
(34, 'Aaron Windler', 1, NULL, '2024-12-12 23:17:24', '2024-12-12 23:17:24'),
(35, 'Louvenia Pouros', 1, NULL, '2024-12-12 23:17:24', '2024-12-12 23:17:24'),
(36, 'Dr. Elyse Ankunding III', 1, NULL, '2024-12-12 23:17:24', '2024-12-12 23:17:24'),
(37, 'Orie Boehm', 1, NULL, '2024-12-12 23:17:24', '2024-12-12 23:17:24'),
(38, 'Prof. Brisa Zieme', 1, NULL, '2024-12-12 23:17:24', '2024-12-12 23:17:24'),
(39, 'Prof. Larissa Lueilwitz', 1, NULL, '2024-12-12 23:17:24', '2024-12-12 23:17:24'),
(40, 'Dudley Gottlieb', 1, NULL, '2024-12-12 23:17:24', '2024-12-12 23:17:24'),
(41, 'Dr. Karine Crist Jr.', 1, NULL, '2024-12-12 23:17:24', '2024-12-12 23:17:24'),
(42, 'Wilfrid Schmitt', 1, NULL, '2024-12-12 23:17:24', '2024-12-12 23:17:24'),
(43, 'Mr. Laverna Williamson', 1, NULL, '2024-12-12 23:17:24', '2024-12-12 23:17:24'),
(44, 'Mrs. Colleen DuBuque PhD', 1, NULL, '2024-12-12 23:17:24', '2024-12-12 23:17:24'),
(45, 'Prof. Hester Reichert', 1, NULL, '2024-12-12 23:17:24', '2024-12-12 23:17:24'),
(46, 'Chanel Schultz', 1, NULL, '2024-12-12 23:17:24', '2024-12-12 23:17:24'),
(47, 'Brennon Morar', 1, NULL, '2024-12-12 23:17:24', '2024-12-12 23:17:24'),
(48, 'Carmel Carter', 1, NULL, '2024-12-12 23:17:24', '2024-12-12 23:17:24'),
(49, 'Elwin O\'Connell II', 1, NULL, '2024-12-12 23:17:24', '2024-12-12 23:17:24'),
(50, 'Germaine Rogahn IV', 1, NULL, '2024-12-12 23:17:24', '2024-12-12 23:17:24'),
(51, 'Stacy Brown', 1, NULL, '2024-12-12 23:17:24', '2024-12-12 23:17:24'),
(52, 'Krystel Connelly', 1, NULL, '2024-12-12 23:17:24', '2024-12-12 23:17:24'),
(53, 'Trey Kulas', 1, NULL, '2024-12-12 23:17:24', '2024-12-12 23:17:24'),
(54, 'Dr. Amir Lueilwitz', 1, NULL, '2024-12-12 23:17:24', '2024-12-12 23:17:24'),
(55, 'Marshall Kihn', 1, NULL, '2024-12-12 23:17:24', '2024-12-12 23:17:24'),
(56, 'Stevie Barton', 1, NULL, '2024-12-12 23:17:24', '2024-12-12 23:17:24'),
(57, 'Ms. Sincere Pfannerstill Sr.', 1, NULL, '2024-12-12 23:17:24', '2024-12-12 23:17:24'),
(58, 'Jarret Bogan', 1, NULL, '2024-12-12 23:17:24', '2024-12-12 23:17:24'),
(59, 'Alvis Emmerich', 1, NULL, '2024-12-12 23:17:24', '2024-12-12 23:17:24'),
(60, 'Prof. Myrtie Keeling PhD', 1, NULL, '2024-12-12 23:17:24', '2024-12-12 23:17:24'),
(61, 'Rigoberto McGlynn', 1, NULL, '2024-12-12 23:17:24', '2024-12-12 23:17:24'),
(62, 'Dr. Laurel Ziemann', 1, NULL, '2024-12-12 23:17:24', '2024-12-12 23:17:24'),
(63, 'Prof. Timothy Von III', 1, NULL, '2024-12-12 23:17:24', '2024-12-12 23:17:24'),
(64, 'Iliana Cremin', 1, NULL, '2024-12-12 23:17:24', '2024-12-12 23:17:24'),
(65, 'Enid Bayer', 1, NULL, '2024-12-12 23:17:24', '2024-12-12 23:17:24'),
(66, 'Prof. Art Legros', 1, NULL, '2024-12-12 23:17:24', '2024-12-12 23:17:24'),
(67, 'Tyree Zieme', 1, NULL, '2024-12-12 23:17:24', '2024-12-12 23:17:24'),
(68, 'Tony Medhurst', 1, NULL, '2024-12-12 23:17:24', '2024-12-12 23:17:24'),
(69, 'Janae Mueller', 1, NULL, '2024-12-12 23:17:24', '2024-12-12 23:17:24'),
(70, 'Gust Becker', 1, NULL, '2024-12-12 23:17:24', '2024-12-12 23:17:24'),
(71, 'Ervin Wintheiser', 1, NULL, '2024-12-12 23:17:24', '2024-12-12 23:17:24'),
(72, 'Jammie Konopelski Sr.', 1, NULL, '2024-12-12 23:17:24', '2024-12-12 23:17:24'),
(73, 'Aisha Lebsack IV', 1, NULL, '2024-12-12 23:17:24', '2024-12-12 23:17:24'),
(74, 'Kailee Lang Sr.', 1, NULL, '2024-12-12 23:17:24', '2024-12-12 23:17:24'),
(75, 'Prof. Oda Schoen DVM', 1, NULL, '2024-12-12 23:17:24', '2024-12-12 23:17:24'),
(76, 'Jany Beatty', 1, NULL, '2024-12-12 23:17:24', '2024-12-12 23:17:24'),
(77, 'Dr. Alexandre Boyle', 1, NULL, '2024-12-12 23:17:24', '2024-12-12 23:17:24'),
(78, 'Prof. Katrine Bednar', 1, NULL, '2024-12-12 23:17:24', '2024-12-12 23:17:24'),
(79, 'Alene Reynolds', 1, NULL, '2024-12-12 23:17:24', '2024-12-12 23:17:24'),
(80, 'Eliezer Moore Sr.', 1, NULL, '2024-12-12 23:17:24', '2024-12-12 23:17:24'),
(81, 'Kianna Spinka', 1, NULL, '2024-12-12 23:17:24', '2024-12-12 23:17:24'),
(82, 'Dr. Ansley Jacobs I', 1, NULL, '2024-12-12 23:17:24', '2024-12-12 23:17:24'),
(83, 'Prof. Don Sanford', 1, NULL, '2024-12-12 23:17:24', '2024-12-12 23:17:24'),
(84, 'Dora Konopelski', 1, NULL, '2024-12-12 23:17:24', '2024-12-12 23:17:24'),
(85, 'Dr. Christop O\'Hara', 1, NULL, '2024-12-12 23:17:24', '2024-12-12 23:17:24'),
(86, 'Prof. Emilio Toy', 1, NULL, '2024-12-12 23:17:24', '2024-12-12 23:17:24'),
(87, 'Enoch Pfannerstill', 1, NULL, '2024-12-12 23:17:24', '2024-12-12 23:17:24'),
(88, 'Grover Waters', 1, NULL, '2024-12-12 23:17:24', '2024-12-12 23:17:24'),
(89, 'Emerald Nicolas', 1, NULL, '2024-12-12 23:17:24', '2024-12-12 23:17:24'),
(90, 'Rex Abernathy', 1, NULL, '2024-12-12 23:17:24', '2024-12-12 23:17:24'),
(91, 'Mr. Christian Berge', 1, NULL, '2024-12-12 23:17:24', '2024-12-12 23:17:24'),
(92, 'Mariam Donnelly', 1, NULL, '2024-12-12 23:17:24', '2024-12-12 23:17:24'),
(93, 'Richie Reichert', 1, NULL, '2024-12-12 23:17:24', '2024-12-12 23:17:24'),
(94, 'Prof. Ambrose Mueller Sr.', 1, NULL, '2024-12-12 23:17:24', '2024-12-12 23:17:24'),
(95, 'Dr. Flossie Quigley Sr.', 1, NULL, '2024-12-12 23:17:24', '2024-12-12 23:17:24'),
(96, 'Dorothy Dare Sr.', 1, NULL, '2024-12-12 23:17:24', '2024-12-12 23:17:24'),
(97, 'Mrs. Velva Nolan', 1, NULL, '2024-12-12 23:17:24', '2024-12-12 23:17:24'),
(98, 'Mr. Jocelyn Conn DDS', 1, NULL, '2024-12-12 23:17:24', '2024-12-12 23:17:24'),
(99, 'Robbie Bartoletti', 1, NULL, '2024-12-12 23:17:24', '2024-12-12 23:17:24'),
(100, 'Prof. Jennings Heidenreich', 1, NULL, '2024-12-12 23:17:24', '2024-12-12 23:17:24'),
(101, 'Miss Elizabeth Rau', 1, NULL, '2024-12-12 23:17:24', '2024-12-12 23:17:24');

-- --------------------------------------------------------

--
-- Table structure for table `building_rooms`
--

CREATE TABLE `building_rooms` (
  `id` bigint(20) UNSIGNED NOT NULL,
  `building_id` bigint(20) UNSIGNED NOT NULL,
  `room_id` bigint(20) UNSIGNED NOT NULL,
  `created_at` timestamp NULL DEFAULT NULL,
  `updated_at` timestamp NULL DEFAULT NULL
) ENGINE=InnoDB DEFAULT CHARSET=utf8mb4 COLLATE=utf8mb4_unicode_ci;

-- --------------------------------------------------------

--
-- Table structure for table `cache`
--

CREATE TABLE `cache` (
  `key` varchar(255) NOT NULL,
  `value` mediumtext NOT NULL,
  `expiration` int(11) NOT NULL
) ENGINE=InnoDB DEFAULT CHARSET=utf8mb4 COLLATE=utf8mb4_unicode_ci;

--
-- Dumping data for table `cache`
--

INSERT INTO `cache` (`key`, `value`, `expiration`) VALUES
('5a2e400c92cc8c885db5e6bdb82600b8', 'i:2;', 1734050457),
('5a2e400c92cc8c885db5e6bdb82600b8:timer', 'i:1734050457;', 1734050457),
('97a63e586df1ed39b4dd20d23dc323bf', 'i:1;', 1734050112),
('97a63e586df1ed39b4dd20d23dc323bf:timer', 'i:1734050112;', 1734050112);

-- --------------------------------------------------------

--
-- Table structure for table `cache_locks`
--

CREATE TABLE `cache_locks` (
  `key` varchar(255) NOT NULL,
  `owner` varchar(255) NOT NULL,
  `expiration` int(11) NOT NULL
) ENGINE=InnoDB DEFAULT CHARSET=utf8mb4 COLLATE=utf8mb4_unicode_ci;

-- --------------------------------------------------------

--
-- Table structure for table `departments`
--

CREATE TABLE `departments` (
  `id` bigint(20) UNSIGNED NOT NULL,
  `name` varchar(255) NOT NULL,
  `course` varchar(255) NOT NULL,
  `deleted_at` timestamp NULL DEFAULT NULL,
  `created_at` timestamp NULL DEFAULT NULL,
  `updated_at` timestamp NULL DEFAULT NULL
) ENGINE=InnoDB DEFAULT CHARSET=utf8mb4 COLLATE=utf8mb4_unicode_ci;

--
-- Dumping data for table `departments`
--

INSERT INTO `departments` (`id`, `name`, `course`, `deleted_at`, `created_at`, `updated_at`) VALUES
(1, 'Department 1', 'Bachelor of Science in Chemical Engineering', NULL, NULL, NULL),
(2, 'Department 2', 'Bachelor of Science in Information Technology', NULL, NULL, NULL),
(3, 'Department 3', 'Bachelor of Science in Nursing', NULL, NULL, NULL),
(4, 'Department 4', 'Caregiving NC II', NULL, NULL, NULL),
(5, 'Department 5', 'Bachelor of Elementary Education', NULL, NULL, NULL),
(6, 'Department 6', 'Bachelor of Secondary Education', NULL, NULL, NULL),
(7, 'Department 7', 'Bachelor of Science in Business Administration', NULL, NULL, NULL),
(8, 'Department 8', 'Bachelor of Science in Accountancy', NULL, NULL, NULL),
(9, 'Department 9', 'Bachelor of Science in Entrepreneurship', NULL, NULL, NULL),
(10, 'Department 10', 'Bachelor of Science in Accountancyyyy', NULL, NULL, NULL),
(12, 'Department 12', 'Bachelor of Science in Accounting Management', NULL, NULL, NULL),
(13, 'Department 13', 'Bachelor of Science in Accounting Information System', NULL, NULL, NULL);

-- --------------------------------------------------------

--
-- Table structure for table `department_students`
--

CREATE TABLE `department_students` (
  `id` bigint(20) UNSIGNED NOT NULL,
  `department_id` bigint(20) UNSIGNED NOT NULL,
  `student_id` bigint(20) UNSIGNED NOT NULL,
  `created_at` timestamp NULL DEFAULT NULL,
  `updated_at` timestamp NULL DEFAULT NULL
) ENGINE=InnoDB DEFAULT CHARSET=utf8mb4 COLLATE=utf8mb4_unicode_ci;

--
-- Dumping data for table `department_students`
--

INSERT INTO `department_students` (`id`, `department_id`, `student_id`, `created_at`, `updated_at`) VALUES
(13, 1, 1, NULL, NULL),
(14, 2, 2, NULL, NULL),
(15, 3, 23, NULL, NULL),
(16, 4, 48, NULL, NULL),
(17, 10, 269, NULL, NULL),
(18, 9, 95, NULL, NULL),
(19, 5, 73, NULL, NULL),
(20, 7, 97, NULL, NULL),
(21, 6, 122, NULL, NULL),
(22, 8, 147, NULL, NULL),
(23, 12, 245, NULL, NULL),
(24, 13, 146, NULL, NULL);

-- --------------------------------------------------------

--
-- Table structure for table `department_teachers`
--

CREATE TABLE `department_teachers` (
  `id` bigint(20) UNSIGNED NOT NULL,
  `department_id` bigint(20) UNSIGNED NOT NULL,
  `teacher_id` bigint(20) UNSIGNED NOT NULL,
  `created_at` timestamp NULL DEFAULT NULL,
  `updated_at` timestamp NULL DEFAULT NULL
) ENGINE=InnoDB DEFAULT CHARSET=utf8mb4 COLLATE=utf8mb4_unicode_ci;

--
-- Dumping data for table `department_teachers`
--

INSERT INTO `department_teachers` (`id`, `department_id`, `teacher_id`, `created_at`, `updated_at`) VALUES
(13, 1, 1, NULL, NULL),
(14, 2, 2, NULL, NULL),
(15, 3, 4, NULL, NULL),
(16, 4, 5, NULL, NULL),
(17, 10, 11, NULL, NULL),
(18, 9, 10, NULL, NULL),
(19, 5, 6, NULL, NULL),
(20, 7, 8, NULL, NULL),
(21, 6, 7, NULL, NULL),
(22, 8, 1036, NULL, NULL),
(23, 12, 1038, NULL, NULL),
(24, 13, 1038, NULL, NULL);

-- --------------------------------------------------------

--
-- Table structure for table `evaluations`
--

CREATE TABLE `evaluations` (
  `id` bigint(20) UNSIGNED NOT NULL,
  `title` varchar(255) NOT NULL,
  `description` varchar(255) DEFAULT NULL,
  `order` int(11) NOT NULL,
  `rating_scale` varchar(255) DEFAULT NULL,
  `is_active` tinyint(1) NOT NULL DEFAULT 1,
  `created_at` timestamp NULL DEFAULT NULL,
  `updated_at` timestamp NULL DEFAULT NULL
) ENGINE=InnoDB DEFAULT CHARSET=utf8mb4 COLLATE=utf8mb4_unicode_ci;

--
-- Dumping data for table `evaluations`
--

INSERT INTO `evaluations` (`id`, `title`, `description`, `order`, `rating_scale`, `is_active`, `created_at`, `updated_at`) VALUES
(1, 'Teacher Performance Evaluation', 'Evaluate your teacher\'s performance for this semester', 1, '1-Poor, 2-Fair, 3-Good, 4-Very Good, 5-Excellent', 1, '2024-12-12 23:17:24', '2024-12-12 23:17:24'),
(2, 'Et enim ullam.', 'Repellat soluta tempore porro fugiat doloremque. Qui qui fuga exercitationem non quam commodi molestiae. Facilis necessitatibus non saepe temporibus similique enim quasi. Ullam aut omnis quam ipsa qui atque quod.', 60, '1-Poor, 2-Fair, 3-Good, 4-Very Good, 5-Excellent', 1, '2024-12-12 23:17:24', '2024-12-12 23:17:24'),
(3, 'Sed saepe voluptate qui.', 'Tempore dolores possimus ab eius. Non veritatis reprehenderit sed hic magnam.', 69, '1-Poor, 2-Fair, 3-Good, 4-Very Good, 5-Excellent', 1, '2024-12-12 23:17:24', '2024-12-12 23:17:24'),
(4, 'Omnis et.', 'Quasi et alias mollitia perferendis. Beatae beatae id incidunt expedita qui impedit consequatur. Vel voluptas modi tempore voluptatem officiis ut.', 92, '1-Poor, 2-Fair, 3-Good, 4-Very Good, 5-Excellent', 1, '2024-12-12 23:17:24', '2024-12-12 23:17:24'),
(5, 'Aperiam consequatur optio.', 'Cum officia totam et quo. Aut quibusdam dolorem accusantium repellat aperiam pariatur ab. Laborum eius et harum autem autem.', 30, '1-Poor, 2-Fair, 3-Good, 4-Very Good, 5-Excellent', 1, '2024-12-12 23:17:24', '2024-12-12 23:17:24'),
(6, 'Cum beatae cupiditate.', 'Fuga quis nihil fugiat facere cupiditate error. Ex aut eius eos ducimus et consectetur. Qui qui pariatur est perspiciatis et. Deleniti aut fugit laudantium mollitia doloribus repellat nihil.', 72, '1-Poor, 2-Fair, 3-Good, 4-Very Good, 5-Excellent', 1, '2024-12-12 23:17:24', '2024-12-12 23:17:24'),
(7, 'Students Evaluations of Teaching Competencies', 'Put a Check(/) on the box that corresponds to your answer. Use the following as guide to your responses.', 0, NULL, 1, '2024-12-13 00:03:53', '2024-12-13 00:03:53');

-- --------------------------------------------------------

--
-- Table structure for table `evaluation_responses`
--

CREATE TABLE `evaluation_responses` (
  `id` bigint(20) UNSIGNED NOT NULL,
  `evaluation_id` bigint(20) UNSIGNED NOT NULL,
  `room_section_id` bigint(20) UNSIGNED NOT NULL,
  `student_id` bigint(20) UNSIGNED NOT NULL,
  `is_completed` tinyint(1) NOT NULL DEFAULT 0,
  `completed_at` timestamp NULL DEFAULT NULL,
  `created_at` timestamp NULL DEFAULT NULL,
  `updated_at` timestamp NULL DEFAULT NULL
) ENGINE=InnoDB DEFAULT CHARSET=utf8mb4 COLLATE=utf8mb4_unicode_ci;

-- --------------------------------------------------------

--
-- Table structure for table `failed_jobs`
--

CREATE TABLE `failed_jobs` (
  `id` bigint(20) UNSIGNED NOT NULL,
  `uuid` varchar(255) NOT NULL,
  `connection` text NOT NULL,
  `queue` text NOT NULL,
  `payload` longtext NOT NULL,
  `exception` longtext NOT NULL,
  `failed_at` timestamp NOT NULL DEFAULT current_timestamp()
) ENGINE=InnoDB DEFAULT CHARSET=utf8mb4 COLLATE=utf8mb4_unicode_ci;

-- --------------------------------------------------------

--
-- Table structure for table `jobs`
--

CREATE TABLE `jobs` (
  `id` bigint(20) UNSIGNED NOT NULL,
  `queue` varchar(255) NOT NULL,
  `payload` longtext NOT NULL,
  `attempts` tinyint(3) UNSIGNED NOT NULL,
  `reserved_at` int(10) UNSIGNED DEFAULT NULL,
  `available_at` int(10) UNSIGNED NOT NULL,
  `created_at` int(10) UNSIGNED NOT NULL
) ENGINE=InnoDB DEFAULT CHARSET=utf8mb4 COLLATE=utf8mb4_unicode_ci;

-- --------------------------------------------------------

--
-- Table structure for table `job_batches`
--

CREATE TABLE `job_batches` (
  `id` varchar(255) NOT NULL,
  `name` varchar(255) NOT NULL,
  `total_jobs` int(11) NOT NULL,
  `pending_jobs` int(11) NOT NULL,
  `failed_jobs` int(11) NOT NULL,
  `failed_job_ids` longtext NOT NULL,
  `options` mediumtext DEFAULT NULL,
  `cancelled_at` int(11) DEFAULT NULL,
  `created_at` int(11) NOT NULL,
  `finished_at` int(11) DEFAULT NULL
) ENGINE=InnoDB DEFAULT CHARSET=utf8mb4 COLLATE=utf8mb4_unicode_ci;

-- --------------------------------------------------------

--
-- Table structure for table `migrations`
--

CREATE TABLE `migrations` (
  `id` int(10) UNSIGNED NOT NULL,
  `migration` varchar(255) NOT NULL,
  `batch` int(11) NOT NULL
) ENGINE=InnoDB DEFAULT CHARSET=utf8mb4 COLLATE=utf8mb4_unicode_ci;

--
-- Dumping data for table `migrations`
--

INSERT INTO `migrations` (`id`, `migration`, `batch`) VALUES
(1, '0001_01_01_000000_create_users_table', 1),
(2, '0001_01_01_000001_create_cache_table', 1),
(3, '0001_01_01_000002_create_jobs_table', 1),
(4, '2024_11_28_111410_add_two_factor_columns_to_users_table', 1),
(5, '2024_11_28_111513_create_personal_access_tokens_table', 1),
(6, '2024_11_29_104357_create_notifications_table', 1),
(7, '2024_11_29_142846_create_permission_tables', 1),
(8, '2024_12_01_144851_create_departments_table', 1),
(9, '2024_12_01_152932_create_department_teachers_table', 1),
(10, '2024_12_01_160034_create_buildings_table', 1),
(11, '2024_12_01_160035_create_rooms_table', 1),
(12, '2024_12_01_160110_create_building_rooms_table', 1),
(13, '2024_12_01_160144_create_subjects_table', 1),
(14, '2024_12_01_160145_create_sections_table', 1),
(15, '2024_12_02_194730_create_evaluations_table', 1),
(16, '2024_12_03_015040_create_phases_table', 1),
(17, '2024_12_03_015118_create_questions_table', 1),
(18, '2024_12_06_160146_create_room_sections_table', 1),
(19, '2024_12_06_160147_create_room_section_students_table', 1),
(20, '2024_12_06_160148_create_student_grades_table', 1),
(21, '2024_12_06_160149_create_evaluation_responses_table', 1),
(22, '2024_12_06_260249_create_question_response_table', 1),
(23, '2024_12_10_194110_create_department_students_table', 1),
(24, '2024_12_13_045222_add_department_id_to_subjects_table', 1);

-- --------------------------------------------------------

--
-- Table structure for table `model_has_permissions`
--

CREATE TABLE `model_has_permissions` (
  `permission_id` bigint(20) UNSIGNED NOT NULL,
  `model_type` varchar(255) NOT NULL,
  `model_id` bigint(20) UNSIGNED NOT NULL
) ENGINE=InnoDB DEFAULT CHARSET=utf8mb4 COLLATE=utf8mb4_unicode_ci;

-- --------------------------------------------------------

--
-- Table structure for table `model_has_roles`
--

CREATE TABLE `model_has_roles` (
  `role_id` bigint(20) UNSIGNED NOT NULL,
  `model_type` varchar(255) NOT NULL,
  `model_id` bigint(20) UNSIGNED NOT NULL
) ENGINE=InnoDB DEFAULT CHARSET=utf8mb4 COLLATE=utf8mb4_unicode_ci;

--
-- Dumping data for table `model_has_roles`
--

INSERT INTO `model_has_roles` (`role_id`, `model_type`, `model_id`) VALUES
(1, 'App\\Models\\User', 1),
(2, 'App\\Models\\User', 1),
(2, 'App\\Models\\User', 2),
(2, 'App\\Models\\User', 3),
(2, 'App\\Models\\User', 4),
(2, 'App\\Models\\User', 5),
(2, 'App\\Models\\User', 6),
(2, 'App\\Models\\User', 7),
(2, 'App\\Models\\User', 8),
(2, 'App\\Models\\User', 9),
(2, 'App\\Models\\User', 10),
(2, 'App\\Models\\User', 11),
(2, 'App\\Models\\User', 1022),
(2, 'App\\Models\\User', 1024),
(2, 'App\\Models\\User', 1026),
(2, 'App\\Models\\User', 1028),
(2, 'App\\Models\\User', 1030),
(2, 'App\\Models\\User', 1032),
(2, 'App\\Models\\User', 1034),
(2, 'App\\Models\\User', 1036),
(2, 'App\\Models\\User', 1038),
(2, 'App\\Models\\User', 1040),
(3, 'App\\Models\\User', 1),
(3, 'App\\Models\\User', 12),
(3, 'App\\Models\\User', 13),
(3, 'App\\Models\\User', 14),
(3, 'App\\Models\\User', 15),
(3, 'App\\Models\\User', 16),
(3, 'App\\Models\\User', 17),
(3, 'App\\Models\\User', 18),
(3, 'App\\Models\\User', 19),
(3, 'App\\Models\\User', 20),
(3, 'App\\Models\\User', 21),
(4, 'App\\Models\\User', 1),
(4, 'App\\Models\\User', 22),
(4, 'App\\Models\\User', 23),
(4, 'App\\Models\\User', 24),
(4, 'App\\Models\\User', 25),
(4, 'App\\Models\\User', 26),
(4, 'App\\Models\\User', 27),
(4, 'App\\Models\\User', 28),
(4, 'App\\Models\\User', 29),
(4, 'App\\Models\\User', 30),
(4, 'App\\Models\\User', 31),
(4, 'App\\Models\\User', 32),
(4, 'App\\Models\\User', 33),
(4, 'App\\Models\\User', 34),
(4, 'App\\Models\\User', 35),
(4, 'App\\Models\\User', 36),
(4, 'App\\Models\\User', 37),
(4, 'App\\Models\\User', 38),
(4, 'App\\Models\\User', 39),
(4, 'App\\Models\\User', 40),
(4, 'App\\Models\\User', 41),
(4, 'App\\Models\\User', 42),
(4, 'App\\Models\\User', 43),
(4, 'App\\Models\\User', 44),
(4, 'App\\Models\\User', 45),
(4, 'App\\Models\\User', 46),
(4, 'App\\Models\\User', 47),
(4, 'App\\Models\\User', 48),
(4, 'App\\Models\\User', 49),
(4, 'App\\Models\\User', 50),
(4, 'App\\Models\\User', 51),
(4, 'App\\Models\\User', 52),
(4, 'App\\Models\\User', 53),
(4, 'App\\Models\\User', 54),
(4, 'App\\Models\\User', 55),
(4, 'App\\Models\\User', 56),
(4, 'App\\Models\\User', 57),
(4, 'App\\Models\\User', 58),
(4, 'App\\Models\\User', 59),
(4, 'App\\Models\\User', 60),
(4, 'App\\Models\\User', 61),
(4, 'App\\Models\\User', 62),
(4, 'App\\Models\\User', 63),
(4, 'App\\Models\\User', 64),
(4, 'App\\Models\\User', 65),
(4, 'App\\Models\\User', 66),
(4, 'App\\Models\\User', 67),
(4, 'App\\Models\\User', 68),
(4, 'App\\Models\\User', 69),
(4, 'App\\Models\\User', 70),
(4, 'App\\Models\\User', 71),
(4, 'App\\Models\\User', 72),
(4, 'App\\Models\\User', 73),
(4, 'App\\Models\\User', 74),
(4, 'App\\Models\\User', 75),
(4, 'App\\Models\\User', 76),
(4, 'App\\Models\\User', 77),
(4, 'App\\Models\\User', 78),
(4, 'App\\Models\\User', 79),
(4, 'App\\Models\\User', 80),
(4, 'App\\Models\\User', 81),
(4, 'App\\Models\\User', 82),
(4, 'App\\Models\\User', 83),
(4, 'App\\Models\\User', 84),
(4, 'App\\Models\\User', 85),
(4, 'App\\Models\\User', 86),
(4, 'App\\Models\\User', 87),
(4, 'App\\Models\\User', 88),
(4, 'App\\Models\\User', 89),
(4, 'App\\Models\\User', 90),
(4, 'App\\Models\\User', 91),
(4, 'App\\Models\\User', 92),
(4, 'App\\Models\\User', 93),
(4, 'App\\Models\\User', 94),
(4, 'App\\Models\\User', 95),
(4, 'App\\Models\\User', 96),
(4, 'App\\Models\\User', 97),
(4, 'App\\Models\\User', 98),
(4, 'App\\Models\\User', 99),
(4, 'App\\Models\\User', 100),
(4, 'App\\Models\\User', 101),
(4, 'App\\Models\\User', 102),
(4, 'App\\Models\\User', 103),
(4, 'App\\Models\\User', 104),
(4, 'App\\Models\\User', 105),
(4, 'App\\Models\\User', 106),
(4, 'App\\Models\\User', 107),
(4, 'App\\Models\\User', 108),
(4, 'App\\Models\\User', 109),
(4, 'App\\Models\\User', 110),
(4, 'App\\Models\\User', 111),
(4, 'App\\Models\\User', 112),
(4, 'App\\Models\\User', 113),
(4, 'App\\Models\\User', 114),
(4, 'App\\Models\\User', 115),
(4, 'App\\Models\\User', 116),
(4, 'App\\Models\\User', 117),
(4, 'App\\Models\\User', 118),
(4, 'App\\Models\\User', 119),
(4, 'App\\Models\\User', 120),
(4, 'App\\Models\\User', 121),
(4, 'App\\Models\\User', 122),
(4, 'App\\Models\\User', 123),
(4, 'App\\Models\\User', 124),
(4, 'App\\Models\\User', 125),
(4, 'App\\Models\\User', 126),
(4, 'App\\Models\\User', 127),
(4, 'App\\Models\\User', 128),
(4, 'App\\Models\\User', 129),
(4, 'App\\Models\\User', 130),
(4, 'App\\Models\\User', 131),
(4, 'App\\Models\\User', 132),
(4, 'App\\Models\\User', 133),
(4, 'App\\Models\\User', 134),
(4, 'App\\Models\\User', 135),
(4, 'App\\Models\\User', 136),
(4, 'App\\Models\\User', 137),
(4, 'App\\Models\\User', 138),
(4, 'App\\Models\\User', 139),
(4, 'App\\Models\\User', 140),
(4, 'App\\Models\\User', 141),
(4, 'App\\Models\\User', 142),
(4, 'App\\Models\\User', 143),
(4, 'App\\Models\\User', 144),
(4, 'App\\Models\\User', 145),
(4, 'App\\Models\\User', 146),
(4, 'App\\Models\\User', 147),
(4, 'App\\Models\\User', 148),
(4, 'App\\Models\\User', 149),
(4, 'App\\Models\\User', 150),
(4, 'App\\Models\\User', 151),
(4, 'App\\Models\\User', 152),
(4, 'App\\Models\\User', 153),
(4, 'App\\Models\\User', 154),
(4, 'App\\Models\\User', 155),
(4, 'App\\Models\\User', 156),
(4, 'App\\Models\\User', 157),
(4, 'App\\Models\\User', 158),
(4, 'App\\Models\\User', 159),
(4, 'App\\Models\\User', 160),
(4, 'App\\Models\\User', 161),
(4, 'App\\Models\\User', 162),
(4, 'App\\Models\\User', 163),
(4, 'App\\Models\\User', 164),
(4, 'App\\Models\\User', 165),
(4, 'App\\Models\\User', 166),
(4, 'App\\Models\\User', 167),
(4, 'App\\Models\\User', 168),
(4, 'App\\Models\\User', 169),
(4, 'App\\Models\\User', 170),
(4, 'App\\Models\\User', 171),
(4, 'App\\Models\\User', 172),
(4, 'App\\Models\\User', 173),
(4, 'App\\Models\\User', 174),
(4, 'App\\Models\\User', 175),
(4, 'App\\Models\\User', 176),
(4, 'App\\Models\\User', 177),
(4, 'App\\Models\\User', 178),
(4, 'App\\Models\\User', 179),
(4, 'App\\Models\\User', 180),
(4, 'App\\Models\\User', 181),
(4, 'App\\Models\\User', 182),
(4, 'App\\Models\\User', 183),
(4, 'App\\Models\\User', 184),
(4, 'App\\Models\\User', 185),
(4, 'App\\Models\\User', 186),
(4, 'App\\Models\\User', 187),
(4, 'App\\Models\\User', 188),
(4, 'App\\Models\\User', 189),
(4, 'App\\Models\\User', 190),
(4, 'App\\Models\\User', 191),
(4, 'App\\Models\\User', 192),
(4, 'App\\Models\\User', 193),
(4, 'App\\Models\\User', 194),
(4, 'App\\Models\\User', 195),
(4, 'App\\Models\\User', 196),
(4, 'App\\Models\\User', 197),
(4, 'App\\Models\\User', 198),
(4, 'App\\Models\\User', 199),
(4, 'App\\Models\\User', 200),
(4, 'App\\Models\\User', 201),
(4, 'App\\Models\\User', 202),
(4, 'App\\Models\\User', 203),
(4, 'App\\Models\\User', 204),
(4, 'App\\Models\\User', 205),
(4, 'App\\Models\\User', 206),
(4, 'App\\Models\\User', 207),
(4, 'App\\Models\\User', 208),
(4, 'App\\Models\\User', 209),
(4, 'App\\Models\\User', 210),
(4, 'App\\Models\\User', 211),
(4, 'App\\Models\\User', 212),
(4, 'App\\Models\\User', 213),
(4, 'App\\Models\\User', 214),
(4, 'App\\Models\\User', 215),
(4, 'App\\Models\\User', 216),
(4, 'App\\Models\\User', 217),
(4, 'App\\Models\\User', 218),
(4, 'App\\Models\\User', 219),
(4, 'App\\Models\\User', 220),
(4, 'App\\Models\\User', 221),
(4, 'App\\Models\\User', 222),
(4, 'App\\Models\\User', 223),
(4, 'App\\Models\\User', 224),
(4, 'App\\Models\\User', 225),
(4, 'App\\Models\\User', 226),
(4, 'App\\Models\\User', 227),
(4, 'App\\Models\\User', 228),
(4, 'App\\Models\\User', 229),
(4, 'App\\Models\\User', 230),
(4, 'App\\Models\\User', 231),
(4, 'App\\Models\\User', 232),
(4, 'App\\Models\\User', 233),
(4, 'App\\Models\\User', 234),
(4, 'App\\Models\\User', 235),
(4, 'App\\Models\\User', 236),
(4, 'App\\Models\\User', 237),
(4, 'App\\Models\\User', 238),
(4, 'App\\Models\\User', 239),
(4, 'App\\Models\\User', 240),
(4, 'App\\Models\\User', 241),
(4, 'App\\Models\\User', 242),
(4, 'App\\Models\\User', 243),
(4, 'App\\Models\\User', 244),
(4, 'App\\Models\\User', 245),
(4, 'App\\Models\\User', 246),
(4, 'App\\Models\\User', 247),
(4, 'App\\Models\\User', 248),
(4, 'App\\Models\\User', 249),
(4, 'App\\Models\\User', 250),
(4, 'App\\Models\\User', 251),
(4, 'App\\Models\\User', 252),
(4, 'App\\Models\\User', 253),
(4, 'App\\Models\\User', 254),
(4, 'App\\Models\\User', 255),
(4, 'App\\Models\\User', 256),
(4, 'App\\Models\\User', 257),
(4, 'App\\Models\\User', 258),
(4, 'App\\Models\\User', 259),
(4, 'App\\Models\\User', 260),
(4, 'App\\Models\\User', 261),
(4, 'App\\Models\\User', 262),
(4, 'App\\Models\\User', 263),
(4, 'App\\Models\\User', 264),
(4, 'App\\Models\\User', 265),
(4, 'App\\Models\\User', 266),
(4, 'App\\Models\\User', 267),
(4, 'App\\Models\\User', 268),
(4, 'App\\Models\\User', 269),
(4, 'App\\Models\\User', 270),
(4, 'App\\Models\\User', 271),
(4, 'App\\Models\\User', 272),
(4, 'App\\Models\\User', 273),
(4, 'App\\Models\\User', 274),
(4, 'App\\Models\\User', 275),
(4, 'App\\Models\\User', 276),
(4, 'App\\Models\\User', 277),
(4, 'App\\Models\\User', 278),
(4, 'App\\Models\\User', 279),
(4, 'App\\Models\\User', 280),
(4, 'App\\Models\\User', 281),
(4, 'App\\Models\\User', 282),
(4, 'App\\Models\\User', 283),
(4, 'App\\Models\\User', 284),
(4, 'App\\Models\\User', 285),
(4, 'App\\Models\\User', 286),
(4, 'App\\Models\\User', 287),
(4, 'App\\Models\\User', 288),
(4, 'App\\Models\\User', 289),
(4, 'App\\Models\\User', 290),
(4, 'App\\Models\\User', 291),
(4, 'App\\Models\\User', 292),
(4, 'App\\Models\\User', 293),
(4, 'App\\Models\\User', 294),
(4, 'App\\Models\\User', 295),
(4, 'App\\Models\\User', 296),
(4, 'App\\Models\\User', 297),
(4, 'App\\Models\\User', 298),
(4, 'App\\Models\\User', 299),
(4, 'App\\Models\\User', 300),
(4, 'App\\Models\\User', 301),
(4, 'App\\Models\\User', 302),
(4, 'App\\Models\\User', 303),
(4, 'App\\Models\\User', 304),
(4, 'App\\Models\\User', 305),
(4, 'App\\Models\\User', 306),
(4, 'App\\Models\\User', 307),
(4, 'App\\Models\\User', 308),
(4, 'App\\Models\\User', 309),
(4, 'App\\Models\\User', 310),
(4, 'App\\Models\\User', 311),
(4, 'App\\Models\\User', 312),
(4, 'App\\Models\\User', 313),
(4, 'App\\Models\\User', 314),
(4, 'App\\Models\\User', 315),
(4, 'App\\Models\\User', 316),
(4, 'App\\Models\\User', 317),
(4, 'App\\Models\\User', 318),
(4, 'App\\Models\\User', 319),
(4, 'App\\Models\\User', 320),
(4, 'App\\Models\\User', 321),
(4, 'App\\Models\\User', 322),
(4, 'App\\Models\\User', 323),
(4, 'App\\Models\\User', 324),
(4, 'App\\Models\\User', 325),
(4, 'App\\Models\\User', 326),
(4, 'App\\Models\\User', 327),
(4, 'App\\Models\\User', 328),
(4, 'App\\Models\\User', 329),
(4, 'App\\Models\\User', 330),
(4, 'App\\Models\\User', 331),
(4, 'App\\Models\\User', 332),
(4, 'App\\Models\\User', 333),
(4, 'App\\Models\\User', 334),
(4, 'App\\Models\\User', 335),
(4, 'App\\Models\\User', 336),
(4, 'App\\Models\\User', 337),
(4, 'App\\Models\\User', 338),
(4, 'App\\Models\\User', 339),
(4, 'App\\Models\\User', 340),
(4, 'App\\Models\\User', 341),
(4, 'App\\Models\\User', 342),
(4, 'App\\Models\\User', 343),
(4, 'App\\Models\\User', 344),
(4, 'App\\Models\\User', 345),
(4, 'App\\Models\\User', 346),
(4, 'App\\Models\\User', 347),
(4, 'App\\Models\\User', 348),
(4, 'App\\Models\\User', 349),
(4, 'App\\Models\\User', 350),
(4, 'App\\Models\\User', 351),
(4, 'App\\Models\\User', 352),
(4, 'App\\Models\\User', 353),
(4, 'App\\Models\\User', 354),
(4, 'App\\Models\\User', 355),
(4, 'App\\Models\\User', 356),
(4, 'App\\Models\\User', 357),
(4, 'App\\Models\\User', 358),
(4, 'App\\Models\\User', 359),
(4, 'App\\Models\\User', 360),
(4, 'App\\Models\\User', 361),
(4, 'App\\Models\\User', 362),
(4, 'App\\Models\\User', 363),
(4, 'App\\Models\\User', 364),
(4, 'App\\Models\\User', 365),
(4, 'App\\Models\\User', 366),
(4, 'App\\Models\\User', 367),
(4, 'App\\Models\\User', 368),
(4, 'App\\Models\\User', 369),
(4, 'App\\Models\\User', 370),
(4, 'App\\Models\\User', 371),
(4, 'App\\Models\\User', 372),
(4, 'App\\Models\\User', 373),
(4, 'App\\Models\\User', 374),
(4, 'App\\Models\\User', 375),
(4, 'App\\Models\\User', 376),
(4, 'App\\Models\\User', 377),
(4, 'App\\Models\\User', 378),
(4, 'App\\Models\\User', 379),
(4, 'App\\Models\\User', 380),
(4, 'App\\Models\\User', 381),
(4, 'App\\Models\\User', 382),
(4, 'App\\Models\\User', 383),
(4, 'App\\Models\\User', 384),
(4, 'App\\Models\\User', 385),
(4, 'App\\Models\\User', 386),
(4, 'App\\Models\\User', 387),
(4, 'App\\Models\\User', 388),
(4, 'App\\Models\\User', 389),
(4, 'App\\Models\\User', 390),
(4, 'App\\Models\\User', 391),
(4, 'App\\Models\\User', 392),
(4, 'App\\Models\\User', 393),
(4, 'App\\Models\\User', 394),
(4, 'App\\Models\\User', 395),
(4, 'App\\Models\\User', 396),
(4, 'App\\Models\\User', 397),
(4, 'App\\Models\\User', 398),
(4, 'App\\Models\\User', 399),
(4, 'App\\Models\\User', 400),
(4, 'App\\Models\\User', 401),
(4, 'App\\Models\\User', 402),
(4, 'App\\Models\\User', 403),
(4, 'App\\Models\\User', 404),
(4, 'App\\Models\\User', 405),
(4, 'App\\Models\\User', 406),
(4, 'App\\Models\\User', 407),
(4, 'App\\Models\\User', 408),
(4, 'App\\Models\\User', 409),
(4, 'App\\Models\\User', 410),
(4, 'App\\Models\\User', 411),
(4, 'App\\Models\\User', 412),
(4, 'App\\Models\\User', 413),
(4, 'App\\Models\\User', 414),
(4, 'App\\Models\\User', 415),
(4, 'App\\Models\\User', 416),
(4, 'App\\Models\\User', 417),
(4, 'App\\Models\\User', 418),
(4, 'App\\Models\\User', 419),
(4, 'App\\Models\\User', 420),
(4, 'App\\Models\\User', 421),
(4, 'App\\Models\\User', 422),
(4, 'App\\Models\\User', 423),
(4, 'App\\Models\\User', 424),
(4, 'App\\Models\\User', 425),
(4, 'App\\Models\\User', 426),
(4, 'App\\Models\\User', 427),
(4, 'App\\Models\\User', 428),
(4, 'App\\Models\\User', 429),
(4, 'App\\Models\\User', 430),
(4, 'App\\Models\\User', 431),
(4, 'App\\Models\\User', 432),
(4, 'App\\Models\\User', 433),
(4, 'App\\Models\\User', 434),
(4, 'App\\Models\\User', 435),
(4, 'App\\Models\\User', 436),
(4, 'App\\Models\\User', 437),
(4, 'App\\Models\\User', 438),
(4, 'App\\Models\\User', 439),
(4, 'App\\Models\\User', 440),
(4, 'App\\Models\\User', 441),
(4, 'App\\Models\\User', 442),
(4, 'App\\Models\\User', 443),
(4, 'App\\Models\\User', 444),
(4, 'App\\Models\\User', 445),
(4, 'App\\Models\\User', 446),
(4, 'App\\Models\\User', 447),
(4, 'App\\Models\\User', 448),
(4, 'App\\Models\\User', 449),
(4, 'App\\Models\\User', 450),
(4, 'App\\Models\\User', 451),
(4, 'App\\Models\\User', 452),
(4, 'App\\Models\\User', 453),
(4, 'App\\Models\\User', 454),
(4, 'App\\Models\\User', 455),
(4, 'App\\Models\\User', 456),
(4, 'App\\Models\\User', 457),
(4, 'App\\Models\\User', 458),
(4, 'App\\Models\\User', 459),
(4, 'App\\Models\\User', 460),
(4, 'App\\Models\\User', 461),
(4, 'App\\Models\\User', 462),
(4, 'App\\Models\\User', 463),
(4, 'App\\Models\\User', 464),
(4, 'App\\Models\\User', 465),
(4, 'App\\Models\\User', 466),
(4, 'App\\Models\\User', 467),
(4, 'App\\Models\\User', 468),
(4, 'App\\Models\\User', 469),
(4, 'App\\Models\\User', 470),
(4, 'App\\Models\\User', 471),
(4, 'App\\Models\\User', 472),
(4, 'App\\Models\\User', 473),
(4, 'App\\Models\\User', 474),
(4, 'App\\Models\\User', 475),
(4, 'App\\Models\\User', 476),
(4, 'App\\Models\\User', 477),
(4, 'App\\Models\\User', 478),
(4, 'App\\Models\\User', 479),
(4, 'App\\Models\\User', 480),
(4, 'App\\Models\\User', 481),
(4, 'App\\Models\\User', 482),
(4, 'App\\Models\\User', 483),
(4, 'App\\Models\\User', 484),
(4, 'App\\Models\\User', 485),
(4, 'App\\Models\\User', 486),
(4, 'App\\Models\\User', 487),
(4, 'App\\Models\\User', 488),
(4, 'App\\Models\\User', 489),
(4, 'App\\Models\\User', 490),
(4, 'App\\Models\\User', 491),
(4, 'App\\Models\\User', 492),
(4, 'App\\Models\\User', 493),
(4, 'App\\Models\\User', 494),
(4, 'App\\Models\\User', 495),
(4, 'App\\Models\\User', 496),
(4, 'App\\Models\\User', 497),
(4, 'App\\Models\\User', 498),
(4, 'App\\Models\\User', 499),
(4, 'App\\Models\\User', 500),
(4, 'App\\Models\\User', 501),
(4, 'App\\Models\\User', 502),
(4, 'App\\Models\\User', 503),
(4, 'App\\Models\\User', 504),
(4, 'App\\Models\\User', 505),
(4, 'App\\Models\\User', 506),
(4, 'App\\Models\\User', 507),
(4, 'App\\Models\\User', 508),
(4, 'App\\Models\\User', 509),
(4, 'App\\Models\\User', 510),
(4, 'App\\Models\\User', 511),
(4, 'App\\Models\\User', 512),
(4, 'App\\Models\\User', 513),
(4, 'App\\Models\\User', 514),
(4, 'App\\Models\\User', 515),
(4, 'App\\Models\\User', 516),
(4, 'App\\Models\\User', 517),
(4, 'App\\Models\\User', 518),
(4, 'App\\Models\\User', 519),
(4, 'App\\Models\\User', 520),
(4, 'App\\Models\\User', 521),
(4, 'App\\Models\\User', 522),
(4, 'App\\Models\\User', 523),
(4, 'App\\Models\\User', 524),
(4, 'App\\Models\\User', 525),
(4, 'App\\Models\\User', 526),
(4, 'App\\Models\\User', 527),
(4, 'App\\Models\\User', 528),
(4, 'App\\Models\\User', 529),
(4, 'App\\Models\\User', 530),
(4, 'App\\Models\\User', 531),
(4, 'App\\Models\\User', 532),
(4, 'App\\Models\\User', 533),
(4, 'App\\Models\\User', 534),
(4, 'App\\Models\\User', 535),
(4, 'App\\Models\\User', 536),
(4, 'App\\Models\\User', 537),
(4, 'App\\Models\\User', 538),
(4, 'App\\Models\\User', 539),
(4, 'App\\Models\\User', 540),
(4, 'App\\Models\\User', 541),
(4, 'App\\Models\\User', 542),
(4, 'App\\Models\\User', 543),
(4, 'App\\Models\\User', 544),
(4, 'App\\Models\\User', 545),
(4, 'App\\Models\\User', 546),
(4, 'App\\Models\\User', 547),
(4, 'App\\Models\\User', 548),
(4, 'App\\Models\\User', 549),
(4, 'App\\Models\\User', 550),
(4, 'App\\Models\\User', 551),
(4, 'App\\Models\\User', 552),
(4, 'App\\Models\\User', 553),
(4, 'App\\Models\\User', 554),
(4, 'App\\Models\\User', 555),
(4, 'App\\Models\\User', 556),
(4, 'App\\Models\\User', 557),
(4, 'App\\Models\\User', 558),
(4, 'App\\Models\\User', 559),
(4, 'App\\Models\\User', 560),
(4, 'App\\Models\\User', 561),
(4, 'App\\Models\\User', 562),
(4, 'App\\Models\\User', 563),
(4, 'App\\Models\\User', 564),
(4, 'App\\Models\\User', 565),
(4, 'App\\Models\\User', 566),
(4, 'App\\Models\\User', 567),
(4, 'App\\Models\\User', 568),
(4, 'App\\Models\\User', 569),
(4, 'App\\Models\\User', 570),
(4, 'App\\Models\\User', 571),
(4, 'App\\Models\\User', 572),
(4, 'App\\Models\\User', 573),
(4, 'App\\Models\\User', 574),
(4, 'App\\Models\\User', 575),
(4, 'App\\Models\\User', 576),
(4, 'App\\Models\\User', 577),
(4, 'App\\Models\\User', 578),
(4, 'App\\Models\\User', 579),
(4, 'App\\Models\\User', 580),
(4, 'App\\Models\\User', 581),
(4, 'App\\Models\\User', 582),
(4, 'App\\Models\\User', 583),
(4, 'App\\Models\\User', 584),
(4, 'App\\Models\\User', 585),
(4, 'App\\Models\\User', 586),
(4, 'App\\Models\\User', 587),
(4, 'App\\Models\\User', 588),
(4, 'App\\Models\\User', 589),
(4, 'App\\Models\\User', 590),
(4, 'App\\Models\\User', 591),
(4, 'App\\Models\\User', 592),
(4, 'App\\Models\\User', 593),
(4, 'App\\Models\\User', 594),
(4, 'App\\Models\\User', 595),
(4, 'App\\Models\\User', 596),
(4, 'App\\Models\\User', 597),
(4, 'App\\Models\\User', 598),
(4, 'App\\Models\\User', 599),
(4, 'App\\Models\\User', 600),
(4, 'App\\Models\\User', 601),
(4, 'App\\Models\\User', 602),
(4, 'App\\Models\\User', 603),
(4, 'App\\Models\\User', 604),
(4, 'App\\Models\\User', 605),
(4, 'App\\Models\\User', 606),
(4, 'App\\Models\\User', 607),
(4, 'App\\Models\\User', 608),
(4, 'App\\Models\\User', 609),
(4, 'App\\Models\\User', 610),
(4, 'App\\Models\\User', 611),
(4, 'App\\Models\\User', 612),
(4, 'App\\Models\\User', 613),
(4, 'App\\Models\\User', 614),
(4, 'App\\Models\\User', 615),
(4, 'App\\Models\\User', 616),
(4, 'App\\Models\\User', 617),
(4, 'App\\Models\\User', 618),
(4, 'App\\Models\\User', 619),
(4, 'App\\Models\\User', 620),
(4, 'App\\Models\\User', 621),
(4, 'App\\Models\\User', 622),
(4, 'App\\Models\\User', 623),
(4, 'App\\Models\\User', 624),
(4, 'App\\Models\\User', 625),
(4, 'App\\Models\\User', 626),
(4, 'App\\Models\\User', 627),
(4, 'App\\Models\\User', 628),
(4, 'App\\Models\\User', 629),
(4, 'App\\Models\\User', 630),
(4, 'App\\Models\\User', 631),
(4, 'App\\Models\\User', 632),
(4, 'App\\Models\\User', 633),
(4, 'App\\Models\\User', 634),
(4, 'App\\Models\\User', 635),
(4, 'App\\Models\\User', 636),
(4, 'App\\Models\\User', 637),
(4, 'App\\Models\\User', 638),
(4, 'App\\Models\\User', 639),
(4, 'App\\Models\\User', 640),
(4, 'App\\Models\\User', 641),
(4, 'App\\Models\\User', 642),
(4, 'App\\Models\\User', 643),
(4, 'App\\Models\\User', 644),
(4, 'App\\Models\\User', 645),
(4, 'App\\Models\\User', 646),
(4, 'App\\Models\\User', 647),
(4, 'App\\Models\\User', 648),
(4, 'App\\Models\\User', 649),
(4, 'App\\Models\\User', 650),
(4, 'App\\Models\\User', 651),
(4, 'App\\Models\\User', 652),
(4, 'App\\Models\\User', 653),
(4, 'App\\Models\\User', 654),
(4, 'App\\Models\\User', 655),
(4, 'App\\Models\\User', 656),
(4, 'App\\Models\\User', 657),
(4, 'App\\Models\\User', 658),
(4, 'App\\Models\\User', 659),
(4, 'App\\Models\\User', 660),
(4, 'App\\Models\\User', 661),
(4, 'App\\Models\\User', 662),
(4, 'App\\Models\\User', 663),
(4, 'App\\Models\\User', 664),
(4, 'App\\Models\\User', 665),
(4, 'App\\Models\\User', 666),
(4, 'App\\Models\\User', 667),
(4, 'App\\Models\\User', 668),
(4, 'App\\Models\\User', 669),
(4, 'App\\Models\\User', 670),
(4, 'App\\Models\\User', 671),
(4, 'App\\Models\\User', 672),
(4, 'App\\Models\\User', 673),
(4, 'App\\Models\\User', 674),
(4, 'App\\Models\\User', 675),
(4, 'App\\Models\\User', 676),
(4, 'App\\Models\\User', 677),
(4, 'App\\Models\\User', 678),
(4, 'App\\Models\\User', 679),
(4, 'App\\Models\\User', 680),
(4, 'App\\Models\\User', 681),
(4, 'App\\Models\\User', 682),
(4, 'App\\Models\\User', 683),
(4, 'App\\Models\\User', 684),
(4, 'App\\Models\\User', 685),
(4, 'App\\Models\\User', 686),
(4, 'App\\Models\\User', 687),
(4, 'App\\Models\\User', 688),
(4, 'App\\Models\\User', 689),
(4, 'App\\Models\\User', 690),
(4, 'App\\Models\\User', 691),
(4, 'App\\Models\\User', 692),
(4, 'App\\Models\\User', 693),
(4, 'App\\Models\\User', 694),
(4, 'App\\Models\\User', 695),
(4, 'App\\Models\\User', 696),
(4, 'App\\Models\\User', 697),
(4, 'App\\Models\\User', 698),
(4, 'App\\Models\\User', 699),
(4, 'App\\Models\\User', 700),
(4, 'App\\Models\\User', 701),
(4, 'App\\Models\\User', 702),
(4, 'App\\Models\\User', 703),
(4, 'App\\Models\\User', 704),
(4, 'App\\Models\\User', 705),
(4, 'App\\Models\\User', 706),
(4, 'App\\Models\\User', 707),
(4, 'App\\Models\\User', 708),
(4, 'App\\Models\\User', 709),
(4, 'App\\Models\\User', 710),
(4, 'App\\Models\\User', 711),
(4, 'App\\Models\\User', 712),
(4, 'App\\Models\\User', 713),
(4, 'App\\Models\\User', 714),
(4, 'App\\Models\\User', 715),
(4, 'App\\Models\\User', 716),
(4, 'App\\Models\\User', 717),
(4, 'App\\Models\\User', 718),
(4, 'App\\Models\\User', 719),
(4, 'App\\Models\\User', 720),
(4, 'App\\Models\\User', 721),
(4, 'App\\Models\\User', 722),
(4, 'App\\Models\\User', 723),
(4, 'App\\Models\\User', 724),
(4, 'App\\Models\\User', 725),
(4, 'App\\Models\\User', 726),
(4, 'App\\Models\\User', 727),
(4, 'App\\Models\\User', 728),
(4, 'App\\Models\\User', 729),
(4, 'App\\Models\\User', 730),
(4, 'App\\Models\\User', 731),
(4, 'App\\Models\\User', 732),
(4, 'App\\Models\\User', 733),
(4, 'App\\Models\\User', 734),
(4, 'App\\Models\\User', 735),
(4, 'App\\Models\\User', 736),
(4, 'App\\Models\\User', 737),
(4, 'App\\Models\\User', 738),
(4, 'App\\Models\\User', 739),
(4, 'App\\Models\\User', 740),
(4, 'App\\Models\\User', 741),
(4, 'App\\Models\\User', 742),
(4, 'App\\Models\\User', 743),
(4, 'App\\Models\\User', 744),
(4, 'App\\Models\\User', 745),
(4, 'App\\Models\\User', 746),
(4, 'App\\Models\\User', 747),
(4, 'App\\Models\\User', 748),
(4, 'App\\Models\\User', 749),
(4, 'App\\Models\\User', 750),
(4, 'App\\Models\\User', 751),
(4, 'App\\Models\\User', 752),
(4, 'App\\Models\\User', 753),
(4, 'App\\Models\\User', 754),
(4, 'App\\Models\\User', 755),
(4, 'App\\Models\\User', 756),
(4, 'App\\Models\\User', 757),
(4, 'App\\Models\\User', 758),
(4, 'App\\Models\\User', 759),
(4, 'App\\Models\\User', 760),
(4, 'App\\Models\\User', 761),
(4, 'App\\Models\\User', 762),
(4, 'App\\Models\\User', 763),
(4, 'App\\Models\\User', 764),
(4, 'App\\Models\\User', 765),
(4, 'App\\Models\\User', 766),
(4, 'App\\Models\\User', 767),
(4, 'App\\Models\\User', 768),
(4, 'App\\Models\\User', 769),
(4, 'App\\Models\\User', 770),
(4, 'App\\Models\\User', 771),
(4, 'App\\Models\\User', 772),
(4, 'App\\Models\\User', 773),
(4, 'App\\Models\\User', 774),
(4, 'App\\Models\\User', 775),
(4, 'App\\Models\\User', 776),
(4, 'App\\Models\\User', 777),
(4, 'App\\Models\\User', 778),
(4, 'App\\Models\\User', 779),
(4, 'App\\Models\\User', 780),
(4, 'App\\Models\\User', 781),
(4, 'App\\Models\\User', 782),
(4, 'App\\Models\\User', 783),
(4, 'App\\Models\\User', 784),
(4, 'App\\Models\\User', 785),
(4, 'App\\Models\\User', 786),
(4, 'App\\Models\\User', 787),
(4, 'App\\Models\\User', 788),
(4, 'App\\Models\\User', 789),
(4, 'App\\Models\\User', 790),
(4, 'App\\Models\\User', 791),
(4, 'App\\Models\\User', 792),
(4, 'App\\Models\\User', 793),
(4, 'App\\Models\\User', 794),
(4, 'App\\Models\\User', 795),
(4, 'App\\Models\\User', 796),
(4, 'App\\Models\\User', 797),
(4, 'App\\Models\\User', 798),
(4, 'App\\Models\\User', 799),
(4, 'App\\Models\\User', 800),
(4, 'App\\Models\\User', 801),
(4, 'App\\Models\\User', 802),
(4, 'App\\Models\\User', 803),
(4, 'App\\Models\\User', 804),
(4, 'App\\Models\\User', 805),
(4, 'App\\Models\\User', 806),
(4, 'App\\Models\\User', 807),
(4, 'App\\Models\\User', 808),
(4, 'App\\Models\\User', 809),
(4, 'App\\Models\\User', 810),
(4, 'App\\Models\\User', 811),
(4, 'App\\Models\\User', 812),
(4, 'App\\Models\\User', 813),
(4, 'App\\Models\\User', 814),
(4, 'App\\Models\\User', 815),
(4, 'App\\Models\\User', 816),
(4, 'App\\Models\\User', 817),
(4, 'App\\Models\\User', 818),
(4, 'App\\Models\\User', 819),
(4, 'App\\Models\\User', 820),
(4, 'App\\Models\\User', 821),
(4, 'App\\Models\\User', 822),
(4, 'App\\Models\\User', 823),
(4, 'App\\Models\\User', 824),
(4, 'App\\Models\\User', 825),
(4, 'App\\Models\\User', 826),
(4, 'App\\Models\\User', 827),
(4, 'App\\Models\\User', 828),
(4, 'App\\Models\\User', 829),
(4, 'App\\Models\\User', 830),
(4, 'App\\Models\\User', 831),
(4, 'App\\Models\\User', 832),
(4, 'App\\Models\\User', 833),
(4, 'App\\Models\\User', 834),
(4, 'App\\Models\\User', 835),
(4, 'App\\Models\\User', 836),
(4, 'App\\Models\\User', 837),
(4, 'App\\Models\\User', 838),
(4, 'App\\Models\\User', 839),
(4, 'App\\Models\\User', 840),
(4, 'App\\Models\\User', 841),
(4, 'App\\Models\\User', 842),
(4, 'App\\Models\\User', 843),
(4, 'App\\Models\\User', 844),
(4, 'App\\Models\\User', 845),
(4, 'App\\Models\\User', 846),
(4, 'App\\Models\\User', 847),
(4, 'App\\Models\\User', 848),
(4, 'App\\Models\\User', 849),
(4, 'App\\Models\\User', 850),
(4, 'App\\Models\\User', 851),
(4, 'App\\Models\\User', 852),
(4, 'App\\Models\\User', 853),
(4, 'App\\Models\\User', 854),
(4, 'App\\Models\\User', 855),
(4, 'App\\Models\\User', 856),
(4, 'App\\Models\\User', 857),
(4, 'App\\Models\\User', 858),
(4, 'App\\Models\\User', 859),
(4, 'App\\Models\\User', 860),
(4, 'App\\Models\\User', 861),
(4, 'App\\Models\\User', 862),
(4, 'App\\Models\\User', 863),
(4, 'App\\Models\\User', 864),
(4, 'App\\Models\\User', 865),
(4, 'App\\Models\\User', 866),
(4, 'App\\Models\\User', 867),
(4, 'App\\Models\\User', 868),
(4, 'App\\Models\\User', 869),
(4, 'App\\Models\\User', 870),
(4, 'App\\Models\\User', 871),
(4, 'App\\Models\\User', 872),
(4, 'App\\Models\\User', 873),
(4, 'App\\Models\\User', 874),
(4, 'App\\Models\\User', 875),
(4, 'App\\Models\\User', 876),
(4, 'App\\Models\\User', 877),
(4, 'App\\Models\\User', 878),
(4, 'App\\Models\\User', 879),
(4, 'App\\Models\\User', 880),
(4, 'App\\Models\\User', 881),
(4, 'App\\Models\\User', 882),
(4, 'App\\Models\\User', 883),
(4, 'App\\Models\\User', 884),
(4, 'App\\Models\\User', 885),
(4, 'App\\Models\\User', 886),
(4, 'App\\Models\\User', 887),
(4, 'App\\Models\\User', 888),
(4, 'App\\Models\\User', 889),
(4, 'App\\Models\\User', 890),
(4, 'App\\Models\\User', 891),
(4, 'App\\Models\\User', 892),
(4, 'App\\Models\\User', 893),
(4, 'App\\Models\\User', 894),
(4, 'App\\Models\\User', 895),
(4, 'App\\Models\\User', 896),
(4, 'App\\Models\\User', 897),
(4, 'App\\Models\\User', 898),
(4, 'App\\Models\\User', 899),
(4, 'App\\Models\\User', 900),
(4, 'App\\Models\\User', 901),
(4, 'App\\Models\\User', 902),
(4, 'App\\Models\\User', 903),
(4, 'App\\Models\\User', 904),
(4, 'App\\Models\\User', 905),
(4, 'App\\Models\\User', 906),
(4, 'App\\Models\\User', 907),
(4, 'App\\Models\\User', 908),
(4, 'App\\Models\\User', 909),
(4, 'App\\Models\\User', 910),
(4, 'App\\Models\\User', 911),
(4, 'App\\Models\\User', 912),
(4, 'App\\Models\\User', 913),
(4, 'App\\Models\\User', 914),
(4, 'App\\Models\\User', 915),
(4, 'App\\Models\\User', 916),
(4, 'App\\Models\\User', 917),
(4, 'App\\Models\\User', 918),
(4, 'App\\Models\\User', 919),
(4, 'App\\Models\\User', 920),
(4, 'App\\Models\\User', 921),
(4, 'App\\Models\\User', 922),
(4, 'App\\Models\\User', 923),
(4, 'App\\Models\\User', 924),
(4, 'App\\Models\\User', 925),
(4, 'App\\Models\\User', 926),
(4, 'App\\Models\\User', 927),
(4, 'App\\Models\\User', 928),
(4, 'App\\Models\\User', 929),
(4, 'App\\Models\\User', 930),
(4, 'App\\Models\\User', 931),
(4, 'App\\Models\\User', 932),
(4, 'App\\Models\\User', 933),
(4, 'App\\Models\\User', 934),
(4, 'App\\Models\\User', 935),
(4, 'App\\Models\\User', 936),
(4, 'App\\Models\\User', 937),
(4, 'App\\Models\\User', 938),
(4, 'App\\Models\\User', 939),
(4, 'App\\Models\\User', 940),
(4, 'App\\Models\\User', 941),
(4, 'App\\Models\\User', 942),
(4, 'App\\Models\\User', 943),
(4, 'App\\Models\\User', 944),
(4, 'App\\Models\\User', 945),
(4, 'App\\Models\\User', 946),
(4, 'App\\Models\\User', 947),
(4, 'App\\Models\\User', 948),
(4, 'App\\Models\\User', 949),
(4, 'App\\Models\\User', 950),
(4, 'App\\Models\\User', 951),
(4, 'App\\Models\\User', 952),
(4, 'App\\Models\\User', 953),
(4, 'App\\Models\\User', 954),
(4, 'App\\Models\\User', 955),
(4, 'App\\Models\\User', 956),
(4, 'App\\Models\\User', 957),
(4, 'App\\Models\\User', 958),
(4, 'App\\Models\\User', 959),
(4, 'App\\Models\\User', 960),
(4, 'App\\Models\\User', 961),
(4, 'App\\Models\\User', 962),
(4, 'App\\Models\\User', 963),
(4, 'App\\Models\\User', 964),
(4, 'App\\Models\\User', 965),
(4, 'App\\Models\\User', 966),
(4, 'App\\Models\\User', 967),
(4, 'App\\Models\\User', 968),
(4, 'App\\Models\\User', 969),
(4, 'App\\Models\\User', 970),
(4, 'App\\Models\\User', 971),
(4, 'App\\Models\\User', 972),
(4, 'App\\Models\\User', 973),
(4, 'App\\Models\\User', 974),
(4, 'App\\Models\\User', 975),
(4, 'App\\Models\\User', 976),
(4, 'App\\Models\\User', 977),
(4, 'App\\Models\\User', 978),
(4, 'App\\Models\\User', 979),
(4, 'App\\Models\\User', 980),
(4, 'App\\Models\\User', 981),
(4, 'App\\Models\\User', 982),
(4, 'App\\Models\\User', 983),
(4, 'App\\Models\\User', 984),
(4, 'App\\Models\\User', 985),
(4, 'App\\Models\\User', 986),
(4, 'App\\Models\\User', 987),
(4, 'App\\Models\\User', 988),
(4, 'App\\Models\\User', 989),
(4, 'App\\Models\\User', 990),
(4, 'App\\Models\\User', 991),
(4, 'App\\Models\\User', 992),
(4, 'App\\Models\\User', 993),
(4, 'App\\Models\\User', 994),
(4, 'App\\Models\\User', 995),
(4, 'App\\Models\\User', 996),
(4, 'App\\Models\\User', 997),
(4, 'App\\Models\\User', 998),
(4, 'App\\Models\\User', 999),
(4, 'App\\Models\\User', 1000),
(4, 'App\\Models\\User', 1001),
(4, 'App\\Models\\User', 1002),
(4, 'App\\Models\\User', 1003),
(4, 'App\\Models\\User', 1004),
(4, 'App\\Models\\User', 1005),
(4, 'App\\Models\\User', 1006),
(4, 'App\\Models\\User', 1007),
(4, 'App\\Models\\User', 1008),
(4, 'App\\Models\\User', 1009),
(4, 'App\\Models\\User', 1010),
(4, 'App\\Models\\User', 1011),
(4, 'App\\Models\\User', 1012),
(4, 'App\\Models\\User', 1013),
(4, 'App\\Models\\User', 1014),
(4, 'App\\Models\\User', 1015),
(4, 'App\\Models\\User', 1016),
(4, 'App\\Models\\User', 1017),
(4, 'App\\Models\\User', 1018),
(4, 'App\\Models\\User', 1019),
(4, 'App\\Models\\User', 1020),
(4, 'App\\Models\\User', 1021),
(4, 'App\\Models\\User', 1023),
(4, 'App\\Models\\User', 1025),
(4, 'App\\Models\\User', 1027),
(4, 'App\\Models\\User', 1029),
(4, 'App\\Models\\User', 1031),
(4, 'App\\Models\\User', 1033),
(4, 'App\\Models\\User', 1035),
(4, 'App\\Models\\User', 1037),
(4, 'App\\Models\\User', 1039),
(4, 'App\\Models\\User', 1041);

-- --------------------------------------------------------

--
-- Table structure for table `notifications`
--

CREATE TABLE `notifications` (
  `id` char(36) NOT NULL,
  `type` varchar(255) NOT NULL,
  `notifiable_type` varchar(255) NOT NULL,
  `notifiable_id` bigint(20) UNSIGNED NOT NULL,
  `data` text NOT NULL,
  `read_at` timestamp NULL DEFAULT NULL,
  `created_at` timestamp NULL DEFAULT NULL,
  `updated_at` timestamp NULL DEFAULT NULL
) ENGINE=InnoDB DEFAULT CHARSET=utf8mb4 COLLATE=utf8mb4_unicode_ci;

--
-- Dumping data for table `notifications`
--

INSERT INTO `notifications` (`id`, `type`, `notifiable_type`, `notifiable_id`, `data`, `read_at`, `created_at`, `updated_at`) VALUES
('4d3c1aa4-014e-476e-97bd-2fb3c8775ab0', 'App\\Notifications\\CreateEvaluationNotification', 'App\\Models\\User', 146, '{\"message\":\"New evaluation has been created! English for Professional Purposes - Section 51\"}', NULL, '2024-12-13 00:03:53', '2024-12-13 00:03:53');

-- --------------------------------------------------------

--
-- Table structure for table `password_reset_tokens`
--

CREATE TABLE `password_reset_tokens` (
  `email` varchar(255) NOT NULL,
  `token` varchar(255) NOT NULL,
  `created_at` timestamp NULL DEFAULT NULL
) ENGINE=InnoDB DEFAULT CHARSET=utf8mb4 COLLATE=utf8mb4_unicode_ci;

-- --------------------------------------------------------

--
-- Table structure for table `permissions`
--

CREATE TABLE `permissions` (
  `id` bigint(20) UNSIGNED NOT NULL,
  `name` varchar(255) NOT NULL,
  `guard_name` varchar(255) NOT NULL,
  `group_by` varchar(255) DEFAULT NULL,
  `created_at` timestamp NULL DEFAULT NULL,
  `updated_at` timestamp NULL DEFAULT NULL
) ENGINE=InnoDB DEFAULT CHARSET=utf8mb4 COLLATE=utf8mb4_unicode_ci;

--
-- Dumping data for table `permissions`
--

INSERT INTO `permissions` (`id`, `name`, `guard_name`, `group_by`, `created_at`, `updated_at`) VALUES
(1, 'dashboard', 'web', '0', '2024-12-12 23:12:42', '2024-12-12 23:12:42'),
(2, 'role', 'web', '1', '2024-12-12 23:12:42', '2024-12-12 23:12:42'),
(3, 'create_role', 'web', '1', '2024-12-12 23:12:42', '2024-12-12 23:12:42'),
(4, 'edit_role', 'web', '1', '2024-12-12 23:12:42', '2024-12-12 23:12:42'),
(5, 'delete_role', 'web', '1', '2024-12-12 23:12:42', '2024-12-12 23:12:42'),
(6, 'view_role', 'web', '1', '2024-12-12 23:12:42', '2024-12-12 23:12:42'),
(7, 'user', 'web', '2', '2024-12-12 23:12:42', '2024-12-12 23:12:42'),
(8, 'create_user', 'web', '2', '2024-12-12 23:12:42', '2024-12-12 23:12:42'),
(9, 'edit_user', 'web', '2', '2024-12-12 23:12:42', '2024-12-12 23:12:42'),
(10, 'delete_user', 'web', '2', '2024-12-12 23:12:42', '2024-12-12 23:12:42'),
(11, 'view_users', 'web', '2', '2024-12-12 23:12:42', '2024-12-12 23:12:42'),
(12, 'department', 'web', '3', '2024-12-12 23:12:42', '2024-12-12 23:12:42'),
(13, 'create_department', 'web', '3', '2024-12-12 23:12:42', '2024-12-12 23:12:42'),
(14, 'edit_department', 'web', '3', '2024-12-12 23:12:42', '2024-12-12 23:12:42'),
(15, 'delete_department', 'web', '3', '2024-12-12 23:12:42', '2024-12-12 23:12:42'),
(16, 'view_departments', 'web', '3', '2024-12-12 23:12:42', '2024-12-12 23:12:42'),
(17, 'building', 'web', '4', '2024-12-12 23:12:42', '2024-12-12 23:12:42'),
(18, 'create_building', 'web', '4', '2024-12-12 23:12:42', '2024-12-12 23:12:42'),
(19, 'edit_building', 'web', '4', '2024-12-12 23:12:42', '2024-12-12 23:12:42'),
(20, 'delete_building', 'web', '4', '2024-12-12 23:12:42', '2024-12-12 23:12:42'),
(21, 'view_buildings', 'web', '4', '2024-12-12 23:12:42', '2024-12-12 23:12:42'),
(22, 'room', 'web', '5', '2024-12-12 23:12:42', '2024-12-12 23:12:42'),
(23, 'create_room', 'web', '5', '2024-12-12 23:12:42', '2024-12-12 23:12:42'),
(24, 'edit_room', 'web', '5', '2024-12-12 23:12:42', '2024-12-12 23:12:42'),
(25, 'delete_room', 'web', '5', '2024-12-12 23:12:42', '2024-12-12 23:12:42'),
(26, 'view_rooms', 'web', '5', '2024-12-12 23:12:42', '2024-12-12 23:12:42'),
(27, 'subject', 'web', '6', '2024-12-12 23:12:42', '2024-12-12 23:12:42'),
(28, 'create_subject', 'web', '6', '2024-12-12 23:12:42', '2024-12-12 23:12:42'),
(29, 'edit_subject', 'web', '6', '2024-12-12 23:12:42', '2024-12-12 23:12:42'),
(30, 'delete_subject', 'web', '6', '2024-12-12 23:12:42', '2024-12-12 23:12:42'),
(31, 'view_subjects', 'web', '6', '2024-12-12 23:12:42', '2024-12-12 23:12:42'),
(32, 'section', 'web', '7', '2024-12-12 23:12:42', '2024-12-12 23:12:42'),
(33, 'create_section', 'web', '7', '2024-12-12 23:12:42', '2024-12-12 23:12:42'),
(34, 'edit_section', 'web', '7', '2024-12-12 23:12:42', '2024-12-12 23:12:42'),
(35, 'delete_section', 'web', '7', '2024-12-12 23:12:42', '2024-12-12 23:12:42'),
(36, 'view_sections', 'web', '7', '2024-12-12 23:12:42', '2024-12-12 23:12:42'),
(37, 'evaluation', 'web', '8', '2024-12-12 23:12:42', '2024-12-12 23:12:42'),
(38, 'create_evaluation', 'web', '8', '2024-12-12 23:12:42', '2024-12-12 23:12:42'),
(39, 'edit_evaluation', 'web', '8', '2024-12-12 23:12:42', '2024-12-12 23:12:42'),
(40, 'delete_evaluation', 'web', '8', '2024-12-12 23:12:42', '2024-12-12 23:12:42'),
(41, 'view_evaluations', 'web', '8', '2024-12-12 23:12:42', '2024-12-12 23:12:42'),
(42, 'response', 'web', '9', '2024-12-12 23:12:42', '2024-12-12 23:12:42'),
(43, 'create_response', 'web', '9', '2024-12-12 23:12:42', '2024-12-12 23:12:42'),
(44, 'edit_response', 'web', '9', '2024-12-12 23:12:42', '2024-12-12 23:12:42'),
(45, 'delete_response', 'web', '9', '2024-12-12 23:12:42', '2024-12-12 23:12:42'),
(46, 'view_responses', 'web', '9', '2024-12-12 23:12:42', '2024-12-12 23:12:42'),
(47, 'announcement', 'web', '10', '2024-12-12 23:12:42', '2024-12-12 23:12:42'),
(48, 'create_announcement', 'web', '10', '2024-12-12 23:12:42', '2024-12-12 23:12:42'),
(49, 'edit_announcement', 'web', '10', '2024-12-12 23:12:42', '2024-12-12 23:12:42'),
(50, 'delete_announcement', 'web', '10', '2024-12-12 23:12:42', '2024-12-12 23:12:42'),
(51, 'view_announcements', 'web', '10', '2024-12-12 23:12:42', '2024-12-12 23:12:42');

-- --------------------------------------------------------

--
-- Table structure for table `personal_access_tokens`
--

CREATE TABLE `personal_access_tokens` (
  `id` bigint(20) UNSIGNED NOT NULL,
  `tokenable_type` varchar(255) NOT NULL,
  `tokenable_id` bigint(20) UNSIGNED NOT NULL,
  `name` varchar(255) NOT NULL,
  `token` varchar(64) NOT NULL,
  `abilities` text DEFAULT NULL,
  `last_used_at` timestamp NULL DEFAULT NULL,
  `expires_at` timestamp NULL DEFAULT NULL,
  `created_at` timestamp NULL DEFAULT NULL,
  `updated_at` timestamp NULL DEFAULT NULL
) ENGINE=InnoDB DEFAULT CHARSET=utf8mb4 COLLATE=utf8mb4_unicode_ci;

-- --------------------------------------------------------

--
-- Table structure for table `phases`
--

CREATE TABLE `phases` (
  `id` bigint(20) UNSIGNED NOT NULL,
  `evaluation_id` bigint(20) UNSIGNED NOT NULL,
  `title` varchar(255) NOT NULL,
  `name` varchar(255) NOT NULL,
  `description` varchar(255) DEFAULT NULL,
  `order` int(11) NOT NULL,
  `created_at` timestamp NULL DEFAULT NULL,
  `updated_at` timestamp NULL DEFAULT NULL
) ENGINE=InnoDB DEFAULT CHARSET=utf8mb4 COLLATE=utf8mb4_unicode_ci;

--
-- Dumping data for table `phases`
--

INSERT INTO `phases` (`id`, `evaluation_id`, `title`, `name`, `description`, `order`, `created_at`, `updated_at`) VALUES
(1, 1, '', 'Teaching Competency', 'Evaluate the teacher\'s ability to deliver lessons effectively', 1, '2024-12-12 23:17:24', '2024-12-12 23:17:24'),
(2, 1, '', 'Class Management', 'Assess how well the teacher manages the classroom', 2, '2024-12-12 23:17:24', '2024-12-12 23:17:24'),
(3, 1, '', 'Professional Characteristics', 'Evaluate the teacher\'s professional behavior', 3, '2024-12-12 23:17:24', '2024-12-12 23:17:24'),
(4, 2, 'ut eligendi', 'veritatis dignissimos', 'Sint sapiente dolores quae qui aut impedit.', 70, '2024-12-12 23:17:24', '2024-12-12 23:17:24'),
(5, 3, 'magnam magni', 'earum enim', 'Earum sed quasi corrupti perferendis sunt.', 25, '2024-12-12 23:17:24', '2024-12-12 23:17:24'),
(6, 4, 'exercitationem quia', 'repudiandae ratione', 'Laudantium libero culpa eum qui dolor deleniti minus.', 46, '2024-12-12 23:17:24', '2024-12-12 23:17:24'),
(7, 5, 'ipsam ut', 'qui sapiente', 'Aliquam totam dignissimos et doloribus.', 76, '2024-12-12 23:17:24', '2024-12-12 23:17:24'),
(8, 6, 'ut odio', 'hic laudantium', 'Tempora quia dolores ullam laborum illo.', 59, '2024-12-12 23:17:24', '2024-12-12 23:17:24'),
(9, 7, 'Planning and preperation', '', NULL, 1, '2024-12-13 00:03:53', '2024-12-13 00:03:53'),
(10, 7, 'Classroom Environment', '', NULL, 2, '2024-12-13 00:03:53', '2024-12-13 00:03:53'),
(11, 7, 'Instruction', '', NULL, 3, '2024-12-13 00:03:53', '2024-12-13 00:03:53'),
(12, 7, 'Personal and professional Qualities', '', NULL, 4, '2024-12-13 00:03:53', '2024-12-13 00:03:53');

-- --------------------------------------------------------

--
-- Table structure for table `questions`
--

CREATE TABLE `questions` (
  `id` bigint(20) UNSIGNED NOT NULL,
  `phase_id` bigint(20) UNSIGNED NOT NULL,
  `question` varchar(255) NOT NULL,
  `order` int(11) NOT NULL,
  `is_active` tinyint(1) NOT NULL DEFAULT 1,
  `created_at` timestamp NULL DEFAULT NULL,
  `updated_at` timestamp NULL DEFAULT NULL
) ENGINE=InnoDB DEFAULT CHARSET=utf8mb4 COLLATE=utf8mb4_unicode_ci;

--
-- Dumping data for table `questions`
--

INSERT INTO `questions` (`id`, `phase_id`, `question`, `order`, `is_active`, `created_at`, `updated_at`) VALUES
(1, 1, 'Demonstrates mastery of the subject matter', 1, 1, '2024-12-12 23:17:24', '2024-12-12 23:17:24'),
(2, 1, 'Explains the lessons clearly and effectively', 2, 1, '2024-12-12 23:17:24', '2024-12-12 23:17:24'),
(3, 1, 'Uses appropriate teaching methods and strategies', 3, 1, '2024-12-12 23:17:24', '2024-12-12 23:17:24'),
(4, 1, 'Provides relevant examples and applications', 4, 1, '2024-12-12 23:17:24', '2024-12-12 23:17:24'),
(5, 2, 'Maintains classroom discipline effectively', 1, 1, '2024-12-12 23:17:24', '2024-12-12 23:17:24'),
(6, 2, 'Creates a conducive learning environment', 2, 1, '2024-12-12 23:17:24', '2024-12-12 23:17:24'),
(7, 2, 'Manages time efficiently', 3, 1, '2024-12-12 23:17:24', '2024-12-12 23:17:24'),
(8, 2, 'Handles student concerns appropriately', 4, 1, '2024-12-12 23:17:24', '2024-12-12 23:17:24'),
(9, 3, 'Comes to class on time and regularly', 1, 1, '2024-12-12 23:17:24', '2024-12-12 23:17:24'),
(10, 3, 'Shows enthusiasm in teaching', 2, 1, '2024-12-12 23:17:24', '2024-12-12 23:17:24'),
(11, 3, 'Treats students with respect and fairness', 3, 1, '2024-12-12 23:17:24', '2024-12-12 23:17:24'),
(12, 3, 'Demonstrates professional behavior and appearance', 4, 1, '2024-12-12 23:17:24', '2024-12-12 23:17:24'),
(13, 7, 'Cupiditate dignissimos deserunt sint inventore consequuntur.?', 93, 1, '2024-12-12 23:17:24', '2024-12-12 23:17:24'),
(14, 8, 'Voluptas nihil quasi accusamus molestiae dicta est officiis nesciunt.?', 17, 1, '2024-12-12 23:17:24', '2024-12-12 23:17:24'),
(15, 9, 'Show Broader knowledge of the subject matter field one teaches', 1, 1, '2024-12-13 00:03:53', '2024-12-13 00:03:53'),
(16, 9, 'Makes use of the different strategies for determining students existing knowledge', 2, 1, '2024-12-13 00:03:53', '2024-12-13 00:03:53'),
(17, 9, 'Uses up-to-date and relevant learning resources', 3, 1, '2024-12-13 00:03:53', '2024-12-13 00:03:53'),
(18, 9, 'Gives interesting activities related to lessosns.', 4, 1, '2024-12-13 00:03:53', '2024-12-13 00:03:53'),
(19, 9, 'Provides course  syllabulus content to the students at the beginning of the semester', 5, 1, '2024-12-13 00:03:53', '2024-12-13 00:03:53'),
(20, 10, 'Check Students attendance regularly', 1, 1, '2024-12-13 00:03:53', '2024-12-13 00:03:53'),
(21, 10, 'Maintain students attention and engagements during class', 2, 1, '2024-12-13 00:03:53', '2024-12-13 00:03:53'),
(22, 10, 'Creates a respectful and safe learning environments', 3, 1, '2024-12-13 00:03:53', '2024-12-13 00:03:53'),
(23, 10, 'Establishes a positive student teacher relationship', 4, 1, '2024-12-13 00:03:53', '2024-12-13 00:03:53'),
(24, 10, 'Encourages students to do their best', 5, 1, '2024-12-13 00:03:53', '2024-12-13 00:03:53'),
(25, 11, 'Communicates the objectives and outcomes of the lessons to students', 1, 1, '2024-12-13 00:03:53', '2024-12-13 00:03:53'),
(26, 11, 'Speaks clearly and audible to convey ideas effectively', 2, 1, '2024-12-13 00:03:53', '2024-12-13 00:03:53'),
(27, 11, 'Conducts asessments of learning using different assessment tools and techniques like recitation, assignements, activities,quizzes, examinations etc.', 3, 1, '2024-12-13 00:03:53', '2024-12-13 00:03:53'),
(28, 11, 'Provides feedback on students performance for improvements', 4, 1, '2024-12-13 00:03:53', '2024-12-13 00:03:53'),
(29, 12, 'Observe proper grooming and attire during classes', 1, 1, '2024-12-13 00:03:53', '2024-12-13 00:03:53'),
(30, 12, 'Comes to class on time and leave class on time', 2, 1, '2024-12-13 00:03:53', '2024-12-13 00:03:53'),
(31, 12, 'Report absences or schedules of changes', 3, 1, '2024-12-13 00:03:53', '2024-12-13 00:03:53'),
(32, 12, 'Make use of the time in class effectively', 4, 1, '2024-12-13 00:03:53', '2024-12-13 00:03:53'),
(33, 12, 'Accomodates students needs during specified working hours', 5, 1, '2024-12-13 00:03:53', '2024-12-13 00:03:53');

-- --------------------------------------------------------

--
-- Table structure for table `question_responses`
--

CREATE TABLE `question_responses` (
  `id` bigint(20) UNSIGNED NOT NULL,
  `evaluation_response_id` bigint(20) UNSIGNED NOT NULL,
  `question_id` bigint(20) UNSIGNED NOT NULL,
  `student_id` bigint(20) UNSIGNED NOT NULL,
  `rating` int(11) NOT NULL,
  `created_at` timestamp NULL DEFAULT NULL,
  `updated_at` timestamp NULL DEFAULT NULL
) ENGINE=InnoDB DEFAULT CHARSET=utf8mb4 COLLATE=utf8mb4_unicode_ci;

-- --------------------------------------------------------

--
-- Table structure for table `roles`
--

CREATE TABLE `roles` (
  `id` bigint(20) UNSIGNED NOT NULL,
  `name` varchar(255) NOT NULL,
  `guard_name` varchar(255) NOT NULL,
  `created_at` timestamp NULL DEFAULT NULL,
  `updated_at` timestamp NULL DEFAULT NULL
) ENGINE=InnoDB DEFAULT CHARSET=utf8mb4 COLLATE=utf8mb4_unicode_ci;

--
-- Dumping data for table `roles`
--

INSERT INTO `roles` (`id`, `name`, `guard_name`, `created_at`, `updated_at`) VALUES
(1, 'admin', 'web', '2024-12-12 23:12:42', '2024-12-12 23:12:42'),
(2, 'teacher', 'web', '2024-12-12 23:12:42', '2024-12-12 23:12:42'),
(3, 'dean', 'web', '2024-12-12 23:12:42', '2024-12-12 23:12:42'),
(4, 'student', 'web', '2024-12-12 23:12:42', '2024-12-12 23:12:42');

-- --------------------------------------------------------

--
-- Table structure for table `role_has_permissions`
--

CREATE TABLE `role_has_permissions` (
  `permission_id` bigint(20) UNSIGNED NOT NULL,
  `role_id` bigint(20) UNSIGNED NOT NULL
) ENGINE=InnoDB DEFAULT CHARSET=utf8mb4 COLLATE=utf8mb4_unicode_ci;

-- --------------------------------------------------------

--
-- Table structure for table `rooms`
--

CREATE TABLE `rooms` (
  `id` bigint(20) UNSIGNED NOT NULL,
  `name` varchar(255) NOT NULL,
  `building_id` bigint(20) UNSIGNED NOT NULL,
  `is_active` tinyint(1) NOT NULL DEFAULT 1,
  `deleted_at` timestamp NULL DEFAULT NULL,
  `created_at` timestamp NULL DEFAULT NULL,
  `updated_at` timestamp NULL DEFAULT NULL
) ENGINE=InnoDB DEFAULT CHARSET=utf8mb4 COLLATE=utf8mb4_unicode_ci;

--
-- Dumping data for table `rooms`
--

INSERT INTO `rooms` (`id`, `name`, `building_id`, `is_active`, `deleted_at`, `created_at`, `updated_at`) VALUES
(1, 'Room 1', 1, 1, NULL, NULL, NULL),
(2, 'Room 2', 1, 1, NULL, NULL, NULL),
(3, 'Room 15', 2, 0, NULL, '2024-12-12 23:17:24', '2024-12-12 23:17:24'),
(4, 'Room 37', 3, 1, NULL, '2024-12-12 23:17:24', '2024-12-12 23:17:24'),
(5, 'Room 35', 4, 0, NULL, '2024-12-12 23:17:24', '2024-12-12 23:17:24'),
(6, 'Room 34', 5, 0, NULL, '2024-12-12 23:17:24', '2024-12-12 23:17:24'),
(7, 'Room 12', 6, 1, NULL, '2024-12-12 23:17:24', '2024-12-12 23:17:24'),
(8, 'Room 10', 7, 1, NULL, '2024-12-12 23:17:24', '2024-12-12 23:17:24'),
(9, 'Room 43', 8, 1, NULL, '2024-12-12 23:17:24', '2024-12-12 23:17:24'),
(10, 'Room 11', 9, 1, NULL, '2024-12-12 23:17:24', '2024-12-12 23:17:24'),
(11, 'Room 39', 10, 0, NULL, '2024-12-12 23:17:24', '2024-12-12 23:17:24'),
(12, 'Room 38', 11, 1, NULL, '2024-12-12 23:17:24', '2024-12-12 23:17:24'),
(13, 'Room 17', 12, 0, NULL, '2024-12-12 23:17:24', '2024-12-12 23:17:24'),
(14, 'Room 34', 13, 1, NULL, '2024-12-12 23:17:24', '2024-12-12 23:17:24'),
(15, 'Room 23', 14, 0, NULL, '2024-12-12 23:17:24', '2024-12-12 23:17:24'),
(16, 'Room 9', 15, 0, NULL, '2024-12-12 23:17:24', '2024-12-12 23:17:24'),
(17, 'Room 38', 16, 1, NULL, '2024-12-12 23:17:24', '2024-12-12 23:17:24'),
(18, 'Room 2', 17, 1, NULL, '2024-12-12 23:17:24', '2024-12-12 23:17:24'),
(19, 'Room 27', 18, 1, NULL, '2024-12-12 23:17:24', '2024-12-12 23:17:24'),
(20, 'Room 31', 19, 1, NULL, '2024-12-12 23:17:24', '2024-12-12 23:17:24'),
(21, 'Room 20', 20, 0, NULL, '2024-12-12 23:17:24', '2024-12-12 23:17:24'),
(22, 'Room 23', 21, 0, NULL, '2024-12-12 23:17:24', '2024-12-12 23:17:24'),
(23, 'Room 7', 22, 1, NULL, '2024-12-12 23:17:24', '2024-12-12 23:17:24'),
(24, 'Room 5', 23, 0, NULL, '2024-12-12 23:17:24', '2024-12-12 23:17:24'),
(25, 'Room 41', 24, 0, NULL, '2024-12-12 23:17:24', '2024-12-12 23:17:24'),
(26, 'Room 37', 25, 1, NULL, '2024-12-12 23:17:24', '2024-12-12 23:17:24'),
(27, 'Room 16', 26, 1, NULL, '2024-12-12 23:17:24', '2024-12-12 23:17:24'),
(28, 'Room 28', 27, 1, NULL, '2024-12-12 23:17:24', '2024-12-12 23:17:24'),
(29, 'Room 49', 28, 1, NULL, '2024-12-12 23:17:24', '2024-12-12 23:17:24'),
(30, 'Room 12', 29, 1, NULL, '2024-12-12 23:17:24', '2024-12-12 23:17:24'),
(31, 'Room 14', 30, 0, NULL, '2024-12-12 23:17:24', '2024-12-12 23:17:24'),
(32, 'Room 41', 31, 1, NULL, '2024-12-12 23:17:24', '2024-12-12 23:17:24'),
(33, 'Room 26', 32, 0, NULL, '2024-12-12 23:17:24', '2024-12-12 23:17:24'),
(34, 'Room 46', 33, 1, NULL, '2024-12-12 23:17:24', '2024-12-12 23:17:24'),
(35, 'Room 11', 34, 0, NULL, '2024-12-12 23:17:24', '2024-12-12 23:17:24'),
(36, 'Room 39', 35, 0, NULL, '2024-12-12 23:17:24', '2024-12-12 23:17:24'),
(37, 'Room 36', 36, 0, NULL, '2024-12-12 23:17:24', '2024-12-12 23:17:24'),
(38, 'Room 9', 37, 0, NULL, '2024-12-12 23:17:24', '2024-12-12 23:17:24'),
(39, 'Room 18', 38, 1, NULL, '2024-12-12 23:17:24', '2024-12-12 23:17:24'),
(40, 'Room 16', 39, 0, NULL, '2024-12-12 23:17:24', '2024-12-12 23:17:24'),
(41, 'Room 22', 40, 0, NULL, '2024-12-12 23:17:24', '2024-12-12 23:17:24'),
(42, 'Room 7', 41, 1, NULL, '2024-12-12 23:17:24', '2024-12-12 23:17:24'),
(43, 'Room 39', 42, 1, NULL, '2024-12-12 23:17:24', '2024-12-12 23:17:24'),
(44, 'Room 2', 43, 0, NULL, '2024-12-12 23:17:24', '2024-12-12 23:17:24'),
(45, 'Room 9', 44, 0, NULL, '2024-12-12 23:17:24', '2024-12-12 23:17:24'),
(46, 'Room 50', 45, 0, NULL, '2024-12-12 23:17:24', '2024-12-12 23:17:24'),
(47, 'Room 13', 46, 0, NULL, '2024-12-12 23:17:24', '2024-12-12 23:17:24'),
(48, 'Room 36', 47, 0, NULL, '2024-12-12 23:17:24', '2024-12-12 23:17:24'),
(49, 'Room 21', 48, 1, NULL, '2024-12-12 23:17:24', '2024-12-12 23:17:24'),
(50, 'Room 43', 49, 1, NULL, '2024-12-12 23:17:24', '2024-12-12 23:17:24'),
(51, 'Room 9', 50, 1, NULL, '2024-12-12 23:17:24', '2024-12-12 23:17:24'),
(52, 'Room 6', 51, 0, NULL, '2024-12-12 23:17:24', '2024-12-12 23:17:24'),
(53, 'Room 8', 52, 1, NULL, '2024-12-12 23:17:24', '2024-12-12 23:17:24'),
(54, 'Room 31', 53, 0, NULL, '2024-12-12 23:17:24', '2024-12-12 23:17:24'),
(55, 'Room 47', 54, 0, NULL, '2024-12-12 23:17:24', '2024-12-12 23:17:24'),
(56, 'Room 32', 55, 0, NULL, '2024-12-12 23:17:24', '2024-12-12 23:17:24'),
(57, 'Room 9', 56, 0, NULL, '2024-12-12 23:17:24', '2024-12-12 23:17:24'),
(58, 'Room 12', 57, 1, NULL, '2024-12-12 23:17:24', '2024-12-12 23:17:24'),
(59, 'Room 49', 58, 1, NULL, '2024-12-12 23:17:24', '2024-12-12 23:17:24'),
(60, 'Room 45', 59, 1, NULL, '2024-12-12 23:17:24', '2024-12-12 23:17:24'),
(61, 'Room 40', 60, 1, NULL, '2024-12-12 23:17:24', '2024-12-12 23:17:24'),
(62, 'Room 6', 61, 0, NULL, '2024-12-12 23:17:24', '2024-12-12 23:17:24'),
(63, 'Room 27', 62, 0, NULL, '2024-12-12 23:17:24', '2024-12-12 23:17:24'),
(64, 'Room 47', 63, 0, NULL, '2024-12-12 23:17:24', '2024-12-12 23:17:24'),
(65, 'Room 21', 64, 1, NULL, '2024-12-12 23:17:24', '2024-12-12 23:17:24'),
(66, 'Room 40', 65, 1, NULL, '2024-12-12 23:17:24', '2024-12-12 23:17:24'),
(67, 'Room 41', 66, 0, NULL, '2024-12-12 23:17:24', '2024-12-12 23:17:24'),
(68, 'Room 37', 67, 1, NULL, '2024-12-12 23:17:24', '2024-12-12 23:17:24'),
(69, 'Room 5', 68, 0, NULL, '2024-12-12 23:17:24', '2024-12-12 23:17:24'),
(70, 'Room 25', 69, 0, NULL, '2024-12-12 23:17:24', '2024-12-12 23:17:24'),
(71, 'Room 8', 70, 1, NULL, '2024-12-12 23:17:24', '2024-12-12 23:17:24'),
(72, 'Room 16', 71, 0, NULL, '2024-12-12 23:17:24', '2024-12-12 23:17:24'),
(73, 'Room 37', 72, 1, NULL, '2024-12-12 23:17:24', '2024-12-12 23:17:24'),
(74, 'Room 17', 73, 0, NULL, '2024-12-12 23:17:24', '2024-12-12 23:17:24'),
(75, 'Room 44', 74, 0, NULL, '2024-12-12 23:17:24', '2024-12-12 23:17:24'),
(76, 'Room 35', 75, 0, NULL, '2024-12-12 23:17:24', '2024-12-12 23:17:24'),
(77, 'Room 10', 76, 1, NULL, '2024-12-12 23:17:24', '2024-12-12 23:17:24'),
(78, 'Room 5', 77, 0, NULL, '2024-12-12 23:17:24', '2024-12-12 23:17:24'),
(79, 'Room 18', 78, 1, NULL, '2024-12-12 23:17:24', '2024-12-12 23:17:24'),
(80, 'Room 24', 79, 1, NULL, '2024-12-12 23:17:24', '2024-12-12 23:17:24'),
(81, 'Room 32', 80, 0, NULL, '2024-12-12 23:17:24', '2024-12-12 23:17:24'),
(82, 'Room 50', 81, 1, NULL, '2024-12-12 23:17:24', '2024-12-12 23:17:24'),
(83, 'Room 35', 82, 1, NULL, '2024-12-12 23:17:24', '2024-12-12 23:17:24'),
(84, 'Room 29', 83, 1, NULL, '2024-12-12 23:17:24', '2024-12-12 23:17:24'),
(85, 'Room 20', 84, 1, NULL, '2024-12-12 23:17:24', '2024-12-12 23:17:24'),
(86, 'Room 39', 85, 1, NULL, '2024-12-12 23:17:24', '2024-12-12 23:17:24'),
(87, 'Room 22', 86, 1, NULL, '2024-12-12 23:17:24', '2024-12-12 23:17:24'),
(88, 'Room 50', 87, 0, NULL, '2024-12-12 23:17:24', '2024-12-12 23:17:24'),
(89, 'Room 49', 88, 1, NULL, '2024-12-12 23:17:24', '2024-12-12 23:17:24'),
(90, 'Room 6', 89, 0, NULL, '2024-12-12 23:17:24', '2024-12-12 23:17:24'),
(91, 'Room 20', 90, 1, NULL, '2024-12-12 23:17:24', '2024-12-12 23:17:24'),
(92, 'Room 49', 91, 0, NULL, '2024-12-12 23:17:24', '2024-12-12 23:17:24'),
(93, 'Room 23', 92, 0, NULL, '2024-12-12 23:17:24', '2024-12-12 23:17:24'),
(94, 'Room 14', 93, 0, NULL, '2024-12-12 23:17:24', '2024-12-12 23:17:24'),
(95, 'Room 39', 94, 0, NULL, '2024-12-12 23:17:24', '2024-12-12 23:17:24'),
(96, 'Room 17', 95, 0, NULL, '2024-12-12 23:17:24', '2024-12-12 23:17:24'),
(97, 'Room 22', 96, 1, NULL, '2024-12-12 23:17:24', '2024-12-12 23:17:24'),
(98, 'Room 24', 97, 1, NULL, '2024-12-12 23:17:24', '2024-12-12 23:17:24'),
(99, 'Room 18', 98, 1, NULL, '2024-12-12 23:17:24', '2024-12-12 23:17:24'),
(100, 'Room 31', 99, 1, NULL, '2024-12-12 23:17:24', '2024-12-12 23:17:24'),
(101, 'Room 19', 100, 1, NULL, '2024-12-12 23:17:24', '2024-12-12 23:17:24'),
(102, 'Room 42', 101, 1, NULL, '2024-12-12 23:17:24', '2024-12-12 23:17:24');

-- --------------------------------------------------------

--
-- Table structure for table `room_sections`
--

CREATE TABLE `room_sections` (
  `id` bigint(20) UNSIGNED NOT NULL,
  `teacher_id` bigint(20) UNSIGNED NOT NULL,
  `room_id` bigint(20) UNSIGNED NOT NULL,
  `section_id` bigint(20) UNSIGNED NOT NULL,
  `subject_id` bigint(20) UNSIGNED NOT NULL,
  `department_id` bigint(20) UNSIGNED NOT NULL,
  `evaluation_id` bigint(20) UNSIGNED DEFAULT NULL,
  `year_level` varchar(255) NOT NULL,
  `semester` varchar(255) NOT NULL,
  `start_date` datetime NOT NULL,
  `end_date` datetime NOT NULL,
  `created_at` timestamp NULL DEFAULT NULL,
  `updated_at` timestamp NULL DEFAULT NULL
) ENGINE=InnoDB DEFAULT CHARSET=utf8mb4 COLLATE=utf8mb4_unicode_ci;

--
-- Dumping data for table `room_sections`
--

INSERT INTO `room_sections` (`id`, `teacher_id`, `room_id`, `section_id`, `subject_id`, `department_id`, `evaluation_id`, `year_level`, `semester`, `start_date`, `end_date`, `created_at`, `updated_at`) VALUES
(51, 1038, 14, 51, 71, 13, 7, '1st', '1st', '2024-12-18 07:45:00', '2024-12-25 07:45:00', '2024-12-12 23:45:07', '2024-12-13 00:03:53'),
(52, 3, 1, 1, 3, 1, 1, '2st', '1st', '2024-01-01 10:00:00', '2024-01-01 12:00:00', NULL, NULL),
(53, 3, 10, 2, 2, 3, 1, '2st', '2st', '2024-01-01 10:00:00', '2024-01-01 12:00:00', NULL, NULL),
(54, 1, 9, 3, 4, 2, 1, '1st', '2st', '2024-01-01 10:00:00', '2024-01-01 12:00:00', NULL, NULL),
(55, 2, 7, 4, 3, 2, 1, '1st', '1st', '2024-01-01 10:00:00', '2024-01-01 12:00:00', NULL, NULL),
(56, 1, 1, 5, 5, 2, 1, '4st', '2st', '2024-01-01 10:00:00', '2024-01-01 12:00:00', NULL, NULL),
(57, 1, 3, 6, 3, 1, 1, '4st', '1st', '2024-01-01 10:00:00', '2024-01-01 12:00:00', NULL, NULL),
(58, 2, 1, 7, 1, 3, 1, '4st', '1st', '2024-01-01 10:00:00', '2024-01-01 12:00:00', NULL, NULL),
(59, 3, 3, 8, 5, 1, 1, '1st', '1st', '2024-01-01 10:00:00', '2024-01-01 12:00:00', NULL, NULL),
(60, 2, 8, 9, 5, 1, 1, '2st', '1st', '2024-01-01 10:00:00', '2024-01-01 12:00:00', NULL, NULL),
(61, 3, 3, 10, 4, 2, 1, '1st', '1st', '2024-01-01 10:00:00', '2024-01-01 12:00:00', NULL, NULL),
(62, 3, 8, 11, 2, 2, 1, '3st', '2st', '2024-01-01 10:00:00', '2024-01-01 12:00:00', NULL, NULL),
(63, 2, 5, 12, 2, 2, 1, '2st', '1st', '2024-01-01 10:00:00', '2024-01-01 12:00:00', NULL, NULL),
(64, 2, 10, 13, 2, 3, 1, '3st', '1st', '2024-01-01 10:00:00', '2024-01-01 12:00:00', NULL, NULL),
(65, 1, 2, 14, 4, 3, 1, '4st', '1st', '2024-01-01 10:00:00', '2024-01-01 12:00:00', NULL, NULL),
(66, 1, 1, 15, 3, 2, 1, '2st', '1st', '2024-01-01 10:00:00', '2024-01-01 12:00:00', NULL, NULL),
(67, 3, 3, 16, 4, 2, 1, '2st', '1st', '2024-01-01 10:00:00', '2024-01-01 12:00:00', NULL, NULL),
(68, 3, 7, 17, 1, 3, 1, '4st', '2st', '2024-01-01 10:00:00', '2024-01-01 12:00:00', NULL, NULL),
(69, 2, 8, 18, 2, 2, 1, '3st', '1st', '2024-01-01 10:00:00', '2024-01-01 12:00:00', NULL, NULL),
(70, 1, 6, 19, 4, 3, 1, '3st', '2st', '2024-01-01 10:00:00', '2024-01-01 12:00:00', NULL, NULL),
(71, 3, 4, 20, 4, 2, 1, '4st', '1st', '2024-01-01 10:00:00', '2024-01-01 12:00:00', NULL, NULL),
(72, 1, 7, 21, 3, 1, 1, '1st', '2st', '2024-01-01 10:00:00', '2024-01-01 12:00:00', NULL, NULL),
(73, 3, 10, 22, 3, 1, 1, '2st', '2st', '2024-01-01 10:00:00', '2024-01-01 12:00:00', NULL, NULL),
(74, 2, 5, 23, 1, 3, 1, '2st', '2st', '2024-01-01 10:00:00', '2024-01-01 12:00:00', NULL, NULL),
(75, 3, 10, 24, 1, 3, 1, '1st', '1st', '2024-01-01 10:00:00', '2024-01-01 12:00:00', NULL, NULL),
(76, 2, 9, 25, 2, 1, 1, '2st', '2st', '2024-01-01 10:00:00', '2024-01-01 12:00:00', NULL, NULL),
(77, 1, 4, 26, 4, 2, 1, '3st', '2st', '2024-01-01 10:00:00', '2024-01-01 12:00:00', NULL, NULL),
(78, 2, 5, 27, 5, 1, 1, '2st', '2st', '2024-01-01 10:00:00', '2024-01-01 12:00:00', NULL, NULL),
(79, 2, 5, 28, 4, 1, 1, '3st', '2st', '2024-01-01 10:00:00', '2024-01-01 12:00:00', NULL, NULL),
(80, 2, 8, 29, 3, 1, 1, '3st', '2st', '2024-01-01 10:00:00', '2024-01-01 12:00:00', NULL, NULL),
(81, 2, 5, 30, 3, 2, 1, '2st', '2st', '2024-01-01 10:00:00', '2024-01-01 12:00:00', NULL, NULL),
(82, 3, 8, 31, 2, 3, 1, '2st', '1st', '2024-01-01 10:00:00', '2024-01-01 12:00:00', NULL, NULL),
(83, 1, 10, 32, 5, 1, 1, '4st', '2st', '2024-01-01 10:00:00', '2024-01-01 12:00:00', NULL, NULL),
(84, 2, 7, 33, 3, 2, 1, '4st', '1st', '2024-01-01 10:00:00', '2024-01-01 12:00:00', NULL, NULL),
(85, 1, 9, 34, 2, 2, 1, '1st', '2st', '2024-01-01 10:00:00', '2024-01-01 12:00:00', NULL, NULL),
(86, 3, 6, 35, 3, 3, 1, '1st', '1st', '2024-01-01 10:00:00', '2024-01-01 12:00:00', NULL, NULL),
(87, 2, 9, 36, 4, 1, 1, '3st', '2st', '2024-01-01 10:00:00', '2024-01-01 12:00:00', NULL, NULL),
(88, 3, 3, 37, 1, 2, 1, '2st', '1st', '2024-01-01 10:00:00', '2024-01-01 12:00:00', NULL, NULL),
(89, 3, 7, 38, 3, 2, 1, '1st', '2st', '2024-01-01 10:00:00', '2024-01-01 12:00:00', NULL, NULL),
(90, 1, 2, 39, 1, 1, 1, '1st', '1st', '2024-01-01 10:00:00', '2024-01-01 12:00:00', NULL, NULL),
(91, 2, 2, 40, 2, 3, 1, '4st', '1st', '2024-01-01 10:00:00', '2024-01-01 12:00:00', NULL, NULL),
(92, 2, 9, 41, 2, 3, 1, '2st', '1st', '2024-01-01 10:00:00', '2024-01-01 12:00:00', NULL, NULL),
(93, 2, 6, 42, 5, 3, 1, '1st', '1st', '2024-01-01 10:00:00', '2024-01-01 12:00:00', NULL, NULL),
(94, 1, 1, 43, 5, 3, 1, '3st', '1st', '2024-01-01 10:00:00', '2024-01-01 12:00:00', NULL, NULL),
(95, 2, 6, 44, 3, 2, 1, '4st', '1st', '2024-01-01 10:00:00', '2024-01-01 12:00:00', NULL, NULL),
(96, 1, 2, 45, 4, 1, 1, '1st', '1st', '2024-01-01 10:00:00', '2024-01-01 12:00:00', NULL, NULL),
(97, 1, 3, 46, 1, 3, 1, '1st', '2st', '2024-01-01 10:00:00', '2024-01-01 12:00:00', NULL, NULL),
(98, 1, 7, 47, 5, 2, 1, '4st', '2st', '2024-01-01 10:00:00', '2024-01-01 12:00:00', NULL, NULL),
(99, 3, 7, 48, 1, 2, 1, '3st', '1st', '2024-01-01 10:00:00', '2024-01-01 12:00:00', NULL, NULL),
(100, 1, 4, 49, 1, 3, 1, '1st', '2st', '2024-01-01 10:00:00', '2024-01-01 12:00:00', NULL, NULL),
(101, 1, 7, 50, 4, 1, 1, '4st', '1st', '2024-01-01 10:00:00', '2024-01-01 12:00:00', NULL, NULL);

-- --------------------------------------------------------

--
-- Table structure for table `room_section_students`
--

CREATE TABLE `room_section_students` (
  `id` bigint(20) UNSIGNED NOT NULL,
  `room_section_id` bigint(20) UNSIGNED NOT NULL,
  `student_id` bigint(20) UNSIGNED NOT NULL,
  `created_at` timestamp NULL DEFAULT NULL,
  `updated_at` timestamp NULL DEFAULT NULL
) ENGINE=InnoDB DEFAULT CHARSET=utf8mb4 COLLATE=utf8mb4_unicode_ci;

--
-- Dumping data for table `room_section_students`
--

INSERT INTO `room_section_students` (`id`, `room_section_id`, `student_id`, `created_at`, `updated_at`) VALUES
(251, 51, 146, '2024-12-12 23:45:07', '2024-12-12 23:45:07');

-- --------------------------------------------------------

--
-- Table structure for table `sections`
--

CREATE TABLE `sections` (
  `id` bigint(20) UNSIGNED NOT NULL,
  `name` varchar(255) NOT NULL,
  `is_active` tinyint(1) NOT NULL DEFAULT 1,
  `deleted_at` timestamp NULL DEFAULT NULL,
  `created_at` timestamp NULL DEFAULT NULL,
  `updated_at` timestamp NULL DEFAULT NULL
) ENGINE=InnoDB DEFAULT CHARSET=utf8mb4 COLLATE=utf8mb4_unicode_ci;

--
-- Dumping data for table `sections`
--

INSERT INTO `sections` (`id`, `name`, `is_active`, `deleted_at`, `created_at`, `updated_at`) VALUES
(1, 'Section 1', 1, NULL, NULL, NULL),
(2, 'Section 2', 1, NULL, NULL, NULL),
(3, 'Section 3', 1, NULL, NULL, NULL),
(4, 'Section 4', 1, NULL, NULL, NULL),
(5, 'Section 5', 1, NULL, NULL, NULL),
(6, 'Section 6', 1, NULL, NULL, NULL),
(7, 'Section 7', 1, NULL, NULL, NULL),
(8, 'Section 8', 1, NULL, NULL, NULL),
(9, 'Section 9', 1, NULL, NULL, NULL),
(10, 'Section 10', 1, NULL, NULL, NULL),
(11, 'Section 11', 1, NULL, NULL, NULL),
(12, 'Section 12', 1, NULL, NULL, NULL),
(13, 'Section 13', 1, NULL, NULL, NULL),
(14, 'Section 14', 1, NULL, NULL, NULL),
(15, 'Section 15', 1, NULL, NULL, NULL),
(16, 'Section 16', 1, NULL, NULL, NULL),
(17, 'Section 17', 1, NULL, NULL, NULL),
(18, 'Section 18', 1, NULL, NULL, NULL),
(19, 'Section 19', 1, NULL, NULL, NULL),
(20, 'Section 20', 1, NULL, NULL, NULL),
(21, 'Section 21', 1, NULL, NULL, NULL),
(22, 'Section 22', 1, NULL, NULL, NULL),
(23, 'Section 23', 1, NULL, NULL, NULL),
(24, 'Section 24', 1, NULL, NULL, NULL),
(25, 'Section 25', 1, NULL, NULL, NULL),
(26, 'Section 26', 1, NULL, NULL, NULL),
(27, 'Section 27', 1, NULL, NULL, NULL),
(28, 'Section 28', 1, NULL, NULL, NULL),
(29, 'Section 29', 1, NULL, NULL, NULL),
(30, 'Section 30', 1, NULL, NULL, NULL),
(31, 'Section 31', 1, NULL, NULL, NULL),
(32, 'Section 32', 1, NULL, NULL, NULL),
(33, 'Section 33', 1, NULL, NULL, NULL),
(34, 'Section 34', 1, NULL, NULL, NULL),
(35, 'Section 35', 1, NULL, NULL, NULL),
(36, 'Section 36', 1, NULL, NULL, NULL),
(37, 'Section 37', 1, NULL, NULL, NULL),
(38, 'Section 38', 1, NULL, NULL, NULL),
(39, 'Section 39', 1, NULL, NULL, NULL),
(40, 'Section 40', 1, NULL, NULL, NULL),
(41, 'Section 41', 1, NULL, NULL, NULL),
(42, 'Section 42', 1, NULL, NULL, NULL),
(43, 'Section 43', 1, NULL, NULL, NULL),
(44, 'Section 44', 1, NULL, NULL, NULL),
(45, 'Section 45', 1, NULL, NULL, NULL),
(46, 'Section 46', 1, NULL, NULL, NULL),
(47, 'Section 47', 1, NULL, NULL, NULL),
(48, 'Section 48', 1, NULL, NULL, NULL),
(49, 'Section 49', 1, NULL, NULL, NULL),
(50, 'Section 50', 1, NULL, NULL, NULL),
(51, 'Section 51', 1, NULL, '2024-12-12 23:45:07', '2024-12-12 23:45:07');

-- --------------------------------------------------------

--
-- Table structure for table `sessions`
--

CREATE TABLE `sessions` (
  `id` varchar(255) NOT NULL,
  `user_id` bigint(20) UNSIGNED DEFAULT NULL,
  `ip_address` varchar(45) DEFAULT NULL,
  `user_agent` text DEFAULT NULL,
  `payload` longtext NOT NULL,
  `last_activity` int(11) NOT NULL
) ENGINE=InnoDB DEFAULT CHARSET=utf8mb4 COLLATE=utf8mb4_unicode_ci;

--
-- Dumping data for table `sessions`
--

INSERT INTO `sessions` (`id`, `user_id`, `ip_address`, `user_agent`, `payload`, `last_activity`) VALUES
('fH6RXSeWMMt1ixWBWiG1RI9B24E3mW4IHtWCaUJW', 12, '127.0.0.1', 'Mozilla/5.0 (Windows NT 10.0; Win64; x64) AppleWebKit/537.36 (KHTML, like Gecko) Chrome/131.0.0.0 Safari/537.36', 'YTo2OntzOjY6Il90b2tlbiI7czo0MDoiSm9OY2NvRllqaU5mdk10N3FLVUg1TjM0MktsZGNaYTJMczBDUmpYUyI7czo2OiJfZmxhc2giO2E6Mjp7czozOiJvbGQiO2E6MDp7fXM6MzoibmV3IjthOjA6e319czoxODoiZmxhc2hlcjo6ZW52ZWxvcGVzIjthOjA6e31zOjk6Il9wcmV2aW91cyI7YToxOntzOjM6InVybCI7czozNjoiaHR0cDovLzEyNy4wLjAuMTo4MDAwL2FkbWluL3NlY3Rpb25zIjt9czo1MDoibG9naW5fd2ViXzU5YmEzNmFkZGMyYjJmOTQwMTU4MGYwMTRjN2Y1OGVhNGUzMDk4OWQiO2k6MTI7czoyMToicGFzc3dvcmRfaGFzaF9zYW5jdHVtIjtzOjYwOiIkMnkkMTIkTnk1YUJxMWpuYzVWaGYyNVYzY3plLlNxLjZVcUhPV0N1S2JEbWNuRDVmRTZCc1NmRUN1WHEiO30=', 1734050676),
('KZ9ylxjnFDYeDwSjeryrphVYk4xFehbWvxHiIA9R', NULL, '127.0.0.1', 'Mozilla/5.0 (Windows NT 10.0; Win64; x64) AppleWebKit/537.36 (KHTML, like Gecko) Chrome/131.0.0.0 Safari/537.36', 'YToyOntzOjY6Il90b2tlbiI7czo0MDoiYnFFNlVDS3JDWkZGeU9lV2Q5U3NzSjFnbHJWRDNtSXRqYTF4eTVVayI7czo2OiJfZmxhc2giO2E6Mjp7czozOiJvbGQiO2E6MDp7fXM6MzoibmV3IjthOjA6e319fQ==', 1734050141);

-- --------------------------------------------------------

--
-- Table structure for table `student_grades`
--

CREATE TABLE `student_grades` (
  `id` bigint(20) UNSIGNED NOT NULL,
  `room_section_id` bigint(20) UNSIGNED NOT NULL,
  `student_id` bigint(20) UNSIGNED NOT NULL,
  `grade` decimal(8,2) DEFAULT NULL,
  `prelim_grade` decimal(8,2) DEFAULT NULL,
  `midterm_grade` decimal(8,2) DEFAULT NULL,
  `final_grade` decimal(8,2) DEFAULT NULL,
  `quiz_scores` longtext CHARACTER SET utf8mb4 COLLATE utf8mb4_bin DEFAULT NULL CHECK (json_valid(`quiz_scores`)),
  `status` enum('Passed','Failed') DEFAULT NULL,
  `created_at` timestamp NULL DEFAULT NULL,
  `updated_at` timestamp NULL DEFAULT NULL
) ENGINE=InnoDB DEFAULT CHARSET=utf8mb4 COLLATE=utf8mb4_unicode_ci;

-- --------------------------------------------------------

--
-- Table structure for table `subjects`
--

CREATE TABLE `subjects` (
  `id` bigint(20) UNSIGNED NOT NULL,
  `name` varchar(255) NOT NULL,
  `code` varchar(255) DEFAULT NULL,
  `description` varchar(255) DEFAULT NULL,
  `is_active` tinyint(1) NOT NULL DEFAULT 1,
  `deleted_at` timestamp NULL DEFAULT NULL,
  `created_at` timestamp NULL DEFAULT NULL,
  `updated_at` timestamp NULL DEFAULT NULL,
  `department_id` bigint(20) UNSIGNED DEFAULT NULL
) ENGINE=InnoDB DEFAULT CHARSET=utf8mb4 COLLATE=utf8mb4_unicode_ci;

--
-- Dumping data for table `subjects`
--

INSERT INTO `subjects` (`id`, `name`, `code`, `description`, `is_active`, `deleted_at`, `created_at`, `updated_at`, `department_id`) VALUES
(1, 'Mathematics Calculus', 'MATH101', 'Calculus for Engineering students', 1, NULL, NULL, NULL, 1),
(2, 'Mathematics Algebra', 'MATH102', 'Algebra for Engineering students', 1, NULL, NULL, NULL, 1),
(3, 'Mathematics Trigonometry', 'MATH103', 'Trigonometry for Engineering students', 1, NULL, NULL, NULL, 1),
(4, 'Physics with Calculus 1', 'PHYS101', 'Physics with Calculus 1', 1, NULL, NULL, NULL, 1),
(5, 'Physics with Calculus 2', 'PHYS102', 'Physics with Calculus 2', 1, NULL, NULL, NULL, 1),
(6, 'English Communication Skills', 'ENG101', 'Communication Skills in English', 1, NULL, NULL, NULL, 1),
(7, 'English Technical Writing', 'ENG102', 'Technical Writing in English', 1, NULL, NULL, NULL, 1),
(8, 'Filipino Panitikang Pilipino', 'FIL101', 'Filipino Literature and Writing', 1, NULL, NULL, NULL, 1),
(9, 'Filipino Komunikasyon', 'FIL102', 'Filipino Communication Skills', 1, NULL, NULL, NULL, 1),
(10, 'Chemistry General Chemistry', 'CHEM101', 'General Chemistry for Engineering students', 1, NULL, NULL, NULL, 1),
(11, 'Chemistry Organic Chemistry', 'CHEM102', 'Organic Chemistry for Engineering students', 1, NULL, NULL, NULL, 1),
(12, 'Chemistry Physical Chemistry', 'CHEM103', 'Physical Chemistry for Engineering students', 1, NULL, NULL, NULL, 1),
(13, 'Ethics, Rizal\'s Life, and History', 'ETH101', 'Ethics and History of Rizal', 1, NULL, NULL, NULL, 1),
(14, 'Mathematics Algebra', 'MATH201', 'Algebra for IT students', 1, NULL, NULL, NULL, 2),
(15, 'Mathematics Statistics', 'MATH202', 'Statistics for IT students', 1, NULL, NULL, NULL, 2),
(16, 'Mathematics Discrete Math', 'MATH203', 'Discrete Mathematics for IT students', 1, NULL, NULL, NULL, 2),
(17, 'Physics for Computing', 'PHYS201', 'Physics for Computing students', 1, NULL, NULL, NULL, 2),
(18, 'Communication Skills in English 1', 'ENG201', 'English Communication Skills 1', 1, NULL, NULL, NULL, 2),
(19, 'Communication Skills in English 2', 'ENG202', 'English Communication Skills 2', 1, NULL, NULL, NULL, 2),
(20, 'Ethics', 'ETH201', 'Ethics for IT students', 1, NULL, NULL, NULL, 2),
(21, 'Rizal\'s Life', 'ETH202', 'Rizal\'s Life for IT students', 1, NULL, NULL, NULL, 2),
(22, 'Filipino', 'FIL201', 'Filipino for IT students', 1, NULL, NULL, NULL, 2),
(23, 'Anatomy and Physiology', 'NURS101', 'Anatomy and Physiology for Nursing students', 1, NULL, NULL, NULL, 3),
(24, 'English for Academic Purposes', 'ENG301', 'English for Academic Purposes for Nursing students', 1, NULL, NULL, NULL, 3),
(25, 'Filipino for Nursing', 'FIL301', 'Filipino for Nursing students', 1, NULL, NULL, NULL, 3),
(26, 'General Psychology', 'PSYCH101', 'General Psychology for Nursing students', 1, NULL, NULL, NULL, 3),
(27, 'Basic Life Support and CPR', 'HLTH101', 'Basic Life Support and CPR for healthcare professionals', 1, NULL, NULL, NULL, 4),
(28, 'First Aid', 'HLTH102', 'First Aid for healthcare professionals', 1, NULL, NULL, NULL, 4),
(29, 'Providing Care to Infants and Toddlers', 'HLTH103', 'Care for Infants and Toddlers in healthcare', 1, NULL, NULL, NULL, 4),
(30, 'Elderly Care Techniques', 'HLTH104', 'Care for the Elderly in healthcare', 1, NULL, NULL, NULL, 4),
(31, 'Assisting in Ambulatory Care', 'HLTH105', 'Ambulatory Care assistance in healthcare', 1, NULL, NULL, NULL, 4),
(32, 'Housekeeping and Sanitation Practices', 'HLTH106', 'Housekeeping and Sanitation Practices in healthcare', 1, NULL, NULL, NULL, 4),
(33, 'Communication and Interpersonal Skills', 'HLTH107', 'Communication and Interpersonal Skills in healthcare', 1, NULL, NULL, NULL, 4),
(34, 'Emergency Response and Safety', 'HLTH108', 'Emergency Response and Safety in healthcare', 1, NULL, NULL, NULL, 4),
(35, 'Proper Nutrition and Meal Preparation', 'HLTH109', 'Proper Nutrition and Meal Preparation for healthcare professionals', 1, NULL, NULL, NULL, 4),
(36, 'Infection Control', 'HLTH110', 'Infection Control Practices in healthcare', 1, NULL, NULL, NULL, 4),
(37, 'Mathematics in the Modern World', 'MATH301', 'Mathematics in the Modern World', 1, NULL, NULL, NULL, 5),
(38, 'Science, Technology, and Society', 'STSS101', 'Science, Technology, and Society for general studies', 1, NULL, NULL, NULL, 5),
(39, 'Understanding the Self', 'GEN101', 'Understanding the Self for general studies', 1, NULL, NULL, NULL, 5),
(40, 'Purposive Communication', 'COM101', 'Purposive Communication for general studies', 1, NULL, NULL, NULL, 5),
(41, 'Principles and Methods of Teaching', 'EDUC101', 'Principles and Methods of Teaching for education students', 1, NULL, NULL, NULL, 6),
(42, 'Classroom Management', 'EDUC102', 'Classroom Management for education students', 1, NULL, NULL, NULL, 6),
(43, 'Educational Assessment', 'EDUC103', 'Educational Assessment for education students', 1, NULL, NULL, NULL, 6),
(44, 'Major Specialization English', 'EDUC201', 'Major Specialization English for education students', 1, NULL, NULL, NULL, 6),
(45, 'Major Specialization Math', 'EDUC202', 'Major Specialization Math for education students', 1, NULL, NULL, NULL, 6),
(46, 'Major Specialization Science', 'EDUC203', 'Major Specialization Science for education students', 1, NULL, NULL, NULL, 6),
(47, 'Practice Teaching', 'EDUC204', 'Practice Teaching for education students', 1, NULL, NULL, NULL, 6),
(48, 'Mathematics in the Modern World', 'MATH301', 'Mathematics in the Modern World for general studies', 1, NULL, NULL, NULL, 7),
(49, 'Purposive Communication', 'COM101', 'Purposive Communication for general studies', 1, NULL, NULL, NULL, 7),
(50, 'Mathematics Business Math', 'MATH401', 'Business Mathematics for business students', 1, NULL, NULL, NULL, 8),
(51, 'Mathematics Statistics Algebra', 'MATH402', 'Statistics Algebra for business students', 1, NULL, NULL, NULL, 8),
(52, 'English Communication Skills', 'ENG101', 'Communication Skills in English for general studies', 1, NULL, NULL, NULL, 8),
(53, 'Science, Technology, and Society', 'STSS101', 'Science, Technology, and Society for general studies', 1, NULL, NULL, NULL, 8),
(54, 'Ethics', 'ETH101', 'Ethics for business and general students', 1, NULL, NULL, NULL, 8),
(55, 'Rizals Life', 'PHIL101', 'Life and works of Dr. Jose Rizal', 1, NULL, NULL, NULL, 8),
(56, 'Mathematics in the Modern World', 'MATH301', 'Mathematics in the Modern World for general studies', 1, NULL, NULL, NULL, 9),
(57, 'English for Academic Purposes', 'ENG201', 'English for Academic Purposes', 1, NULL, NULL, NULL, 9),
(58, 'Understanding the Self', 'GEN101', 'Understanding the Self for general studies', 1, NULL, NULL, NULL, 9),
(59, 'Mathematics (Business Math, Statistics, Algebra)', 'MATH401', 'Business Math, Statistics, Algebra for business students', 1, NULL, NULL, NULL, 10),
(60, 'English Communication Skills', 'ENG101', 'Communication Skills in English for business and general students', 1, NULL, NULL, NULL, 10),
(61, 'Science, Technology, and Society', 'STSS101', 'Science, Technology, and Society for business students', 1, NULL, NULL, NULL, 10),
(62, 'Ethics and Rizals Life', 'PHIL101', 'Ethics and Rizals Life for business students', 1, NULL, NULL, NULL, 10),
(63, 'Mathematics in the Modern World', 'MATH301', 'Mathematics in the Modern World for general studies', 1, NULL, NULL, NULL, 12),
(64, 'English for Academic Purposes', 'ENG201', 'English for Academic Purposes for general students', 1, NULL, NULL, NULL, 12),
(65, 'Understanding the Self', 'GEN101', 'Understanding the Self for general studies', 1, NULL, NULL, NULL, 12),
(66, 'Mathematics Statistics', 'MATH402', 'Mathematics Statistics for general students', 1, NULL, NULL, NULL, 12),
(67, 'Mathematics Algebra', 'MATH403', 'Mathematics Algebra for general students', 1, NULL, NULL, NULL, 12),
(68, 'Purposive Communication', 'COM101', 'Purposive Communication for general studies', 1, NULL, NULL, NULL, 12),
(69, 'Ethics and Filipino Subjects', 'ETH101', 'Ethics and Filipino Subjects for general students', 1, NULL, NULL, NULL, 12),
(70, 'Mathematics in the Modern World', 'MATH301', 'Mathematics in the Modern World for general studies', 1, NULL, NULL, NULL, 13),
(71, 'English for Professional Purposes', 'ENG301', 'English for Professional Purposes for general studies', 1, NULL, NULL, NULL, 13);

-- --------------------------------------------------------

--
-- Table structure for table `users`
--

CREATE TABLE `users` (
  `id` bigint(20) UNSIGNED NOT NULL,
  `name` varchar(255) NOT NULL,
  `email` varchar(255) NOT NULL,
  `email_verified_at` timestamp NULL DEFAULT NULL,
  `password` varchar(255) NOT NULL,
  `two_factor_secret` text DEFAULT NULL,
  `two_factor_recovery_codes` text DEFAULT NULL,
  `two_factor_confirmed_at` timestamp NULL DEFAULT NULL,
  `date_of_birth` date DEFAULT NULL,
  `phone_number` varchar(255) DEFAULT NULL,
  `address` varchar(255) DEFAULT NULL,
  `city` varchar(255) DEFAULT NULL,
  `state` varchar(255) DEFAULT NULL,
  `zip_code` varchar(255) DEFAULT NULL,
  `remember_token` varchar(100) DEFAULT NULL,
  `current_team_id` bigint(20) UNSIGNED DEFAULT NULL,
  `profile_photo_path` varchar(2048) DEFAULT NULL,
  `deleted_at` timestamp NULL DEFAULT NULL,
  `created_at` timestamp NULL DEFAULT NULL,
  `updated_at` timestamp NULL DEFAULT NULL
) ENGINE=InnoDB DEFAULT CHARSET=utf8mb4 COLLATE=utf8mb4_unicode_ci;

--
-- Dumping data for table `users`
--

INSERT INTO `users` (`id`, `name`, `email`, `email_verified_at`, `password`, `two_factor_secret`, `two_factor_recovery_codes`, `two_factor_confirmed_at`, `date_of_birth`, `phone_number`, `address`, `city`, `state`, `zip_code`, `remember_token`, `current_team_id`, `profile_photo_path`, `deleted_at`, `created_at`, `updated_at`) VALUES
(1, 'Admin', 'admin@example.com', NULL, '$2y$12$Y5LDFeP.nqEGtw/0d5xuc.4i90uDhP1eEFnmUcchVydGx44BvCiJq', NULL, NULL, NULL, NULL, NULL, NULL, NULL, NULL, NULL, NULL, NULL, NULL, NULL, '2024-12-12 23:12:42', '2024-12-12 23:12:42'),
(2, 'Teacher 1', 'teacher1@example.com', NULL, '$2y$12$z7Ci6ROiEEFVtb9nI3DJsOOWpIMITrbnXnMZV42.HgwzrfqxHya8e', NULL, NULL, NULL, NULL, NULL, NULL, NULL, NULL, NULL, NULL, NULL, NULL, NULL, '2024-12-12 23:12:43', '2024-12-12 23:12:43'),
(3, 'Teacher 2', 'teacher2@example.com', NULL, '$2y$12$CLAbz4bs89eHrEKIxYvQCuhMttvMg9YB0XLt5lQyRQ8acvE2N9S5q', NULL, NULL, NULL, NULL, NULL, NULL, NULL, NULL, NULL, NULL, NULL, NULL, NULL, '2024-12-12 23:12:43', '2024-12-12 23:12:43'),
(4, 'Teacher 3', 'teacher3@example.com', NULL, '$2y$12$uG35GEsuLeWNDykTGw.n8uvg1r2gvrXT0T8vY1vY6JVoDzTsKkNq6', NULL, NULL, NULL, NULL, NULL, NULL, NULL, NULL, NULL, NULL, NULL, NULL, NULL, '2024-12-12 23:12:43', '2024-12-12 23:12:43'),
(5, 'Teacher 4', 'teacher4@example.com', NULL, '$2y$12$xaQZPOCemtUCFE/IXd8nB.uvF3OmUN79ewPka55YsiTDiH3t4n3vC', NULL, NULL, NULL, NULL, NULL, NULL, NULL, NULL, NULL, NULL, NULL, NULL, NULL, '2024-12-12 23:12:43', '2024-12-12 23:12:43'),
(6, 'Teacher 5', 'teacher5@example.com', NULL, '$2y$12$IwAwFRD.wBfYktVj.RrtVeMQhvtOPoeqWMEURwWqPBJJmQx6yyTr6', NULL, NULL, NULL, NULL, NULL, NULL, NULL, NULL, NULL, NULL, NULL, NULL, NULL, '2024-12-12 23:12:43', '2024-12-12 23:12:43'),
(7, 'Teacher 6', 'teacher6@example.com', NULL, '$2y$12$st1G986QpeYRYHSRodbvI.XuRjyx./TBG55JeMuurSod3SBPE7dBO', NULL, NULL, NULL, NULL, NULL, NULL, NULL, NULL, NULL, NULL, NULL, NULL, NULL, '2024-12-12 23:12:44', '2024-12-12 23:12:44'),
(8, 'Teacher 7', 'teacher7@example.com', NULL, '$2y$12$OIEwEVHYcyMV8fvcsnY6iu1v43jOMlDB1XK7zU.9zbAUZPUhMTiwK', NULL, NULL, NULL, NULL, NULL, NULL, NULL, NULL, NULL, NULL, NULL, NULL, NULL, '2024-12-12 23:12:44', '2024-12-12 23:12:44'),
(9, 'Teacher 8', 'teacher8@example.com', NULL, '$2y$12$vtcg5frcGuQlcNi5Q/e.v.5RvNoVTXM33na42Jb0JO6NTkvjSmP2G', NULL, NULL, NULL, NULL, NULL, NULL, NULL, NULL, NULL, NULL, NULL, NULL, NULL, '2024-12-12 23:12:44', '2024-12-12 23:12:44'),
(10, 'Teacher 9', 'teacher9@example.com', NULL, '$2y$12$TAr.j2Fdzj11sVkDNKIYyuoVzaRZeJbfMXgdvVoVKr/7MlDyyA7mW', NULL, NULL, NULL, NULL, NULL, NULL, NULL, NULL, NULL, NULL, NULL, NULL, NULL, '2024-12-12 23:12:44', '2024-12-12 23:12:44'),
(11, 'Teacher 10', 'teacher10@example.com', NULL, '$2y$12$Oa49AqwJ4KppVkR2ePzZiuLvCiJfF9qQPO/Hb6wFShNryaS7vo3Ai', NULL, NULL, NULL, NULL, NULL, NULL, NULL, NULL, NULL, NULL, NULL, NULL, NULL, '2024-12-12 23:12:45', '2024-12-12 23:12:45'),
(12, 'Dean 1', 'dean1@example.com', NULL, '$2y$12$Ny5aBq1jnc5Vhf25V3cze.Sq.6UqHOWCuKbDmcnD5fE6BsSfECuXq', NULL, NULL, NULL, NULL, NULL, NULL, NULL, NULL, NULL, NULL, NULL, NULL, NULL, '2024-12-12 23:12:45', '2024-12-12 23:12:45'),
(13, 'Dean 2', 'dean2@example.com', NULL, '$2y$12$3hxIxQjSAtHTxrFU/a0D3eHam/DOGkRY3pkZS4FMjaervKtZdDT4.', NULL, NULL, NULL, NULL, NULL, NULL, NULL, NULL, NULL, NULL, NULL, NULL, NULL, '2024-12-12 23:12:45', '2024-12-12 23:12:45'),
(14, 'Dean 3', 'dean3@example.com', NULL, '$2y$12$sX69n/dDmz5qq7E6.nZA8uyguDMk4rJTx9C8I/L4eHncRK3VhFeKK', NULL, NULL, NULL, NULL, NULL, NULL, NULL, NULL, NULL, NULL, NULL, NULL, NULL, '2024-12-12 23:12:45', '2024-12-12 23:12:45'),
(15, 'Dean 4', 'dean4@example.com', NULL, '$2y$12$DKxiEb7bk0.7jmJiduyB6.KmtogUy49RtopJsvYpTG1ZvMAFVOw5u', NULL, NULL, NULL, NULL, NULL, NULL, NULL, NULL, NULL, NULL, NULL, NULL, NULL, '2024-12-12 23:12:45', '2024-12-12 23:12:45'),
(16, 'Dean 5', 'dean5@example.com', NULL, '$2y$12$t/9.O6O8kNL5GNntWIPX2.iS6ud8RbHo16KF4iEMj8.VeMLX4d1.K', NULL, NULL, NULL, NULL, NULL, NULL, NULL, NULL, NULL, NULL, NULL, NULL, NULL, '2024-12-12 23:12:46', '2024-12-12 23:12:46'),
(17, 'Dean 6', 'dean6@example.com', NULL, '$2y$12$NaL5htOPUx60tD6aLQdgO.9nnn3ssXuJte8s.ueAsRz1WTh3XoeQy', NULL, NULL, NULL, NULL, NULL, NULL, NULL, NULL, NULL, NULL, NULL, NULL, NULL, '2024-12-12 23:12:46', '2024-12-12 23:12:46'),
(18, 'Dean 7', 'dean7@example.com', NULL, '$2y$12$rHkSLz.Lqnf.ZDxUc.rJ4u90d470CByveAVP9Ags5jrDYoj5/k.pu', NULL, NULL, NULL, NULL, NULL, NULL, NULL, NULL, NULL, NULL, NULL, NULL, NULL, '2024-12-12 23:12:46', '2024-12-12 23:12:46'),
(19, 'Dean 8', 'dean8@example.com', NULL, '$2y$12$cSqsMEvIb.Eoan03u6MrUu6XCpaeWr7.WrSl99AishktMj5s78xRa', NULL, NULL, NULL, NULL, NULL, NULL, NULL, NULL, NULL, NULL, NULL, NULL, NULL, '2024-12-12 23:12:46', '2024-12-12 23:12:46'),
(20, 'Dean 9', 'dean9@example.com', NULL, '$2y$12$nQdZDK3qnfuUgwpjtcdKF.bbmTMdtZN3P4iuaP9bzbrjfV.KjTKv6', NULL, NULL, NULL, NULL, NULL, NULL, NULL, NULL, NULL, NULL, NULL, NULL, NULL, '2024-12-12 23:12:47', '2024-12-12 23:12:47'),
(21, 'Dean 10', 'dean10@example.com', NULL, '$2y$12$WF.5yoTs04omadxJAtZBN.1dT8zimchdhKlTv9XR3G7o4uQ2qc3D6', NULL, NULL, NULL, NULL, NULL, NULL, NULL, NULL, NULL, NULL, NULL, NULL, NULL, '2024-12-12 23:12:47', '2024-12-12 23:12:47'),
(22, 'Sidney McKenzie', 'elmore.stanton@example.org', NULL, '$2y$12$n3mTPvB2XAtzaoPobafa5.bHUxtMUszF3DuEt8cwKJIUj1alUK826', NULL, NULL, NULL, NULL, NULL, NULL, NULL, NULL, NULL, NULL, NULL, NULL, NULL, '2024-12-12 23:12:47', '2024-12-12 23:12:47'),
(23, 'Ms. Nyah Larson', 'mzboncak@example.com', NULL, '$2y$12$sCPzMgW8os8fJsAN//BHF.6LVEuds/oseYzctKqUelUFqqtYyff9O', NULL, NULL, NULL, NULL, NULL, NULL, NULL, NULL, NULL, NULL, NULL, NULL, NULL, '2024-12-12 23:12:47', '2024-12-12 23:12:47'),
(24, 'Prof. Noemy Dicki IV', 'pvonrueden@example.org', NULL, '$2y$12$y/xvlknDNiMPYnqESLQbMeRdzLbeyGFU8mlqWd0TflpQkTdZ2kFjC', NULL, NULL, NULL, NULL, NULL, NULL, NULL, NULL, NULL, NULL, NULL, NULL, NULL, '2024-12-12 23:12:47', '2024-12-12 23:12:47'),
(25, 'Prof. Bella Hirthe', 'alaina.fahey@example.net', NULL, '$2y$12$Lv74gBNzu10okLJYVJ8r..42XizMV.iWcUraGMBGpEMk18/DvgZ9G', NULL, NULL, NULL, NULL, NULL, NULL, NULL, NULL, NULL, NULL, NULL, NULL, NULL, '2024-12-12 23:12:48', '2024-12-12 23:12:48'),
(26, 'Miss Ashlynn Rolfson', 'jedediah63@example.net', NULL, '$2y$12$ttgucZEninjdbYeOln8UB.gykxh/IWdVMqAR95ONPh3/bHgYZyt76', NULL, NULL, NULL, NULL, NULL, NULL, NULL, NULL, NULL, NULL, NULL, NULL, NULL, '2024-12-12 23:12:48', '2024-12-12 23:12:48'),
(27, 'Nola Predovic', 'martine.nikolaus@example.org', NULL, '$2y$12$qh7ZqTDDFe0tIMbjzo4V2O58dTzATjtdMVTcgMHJx1zbt4AAX8t5a', NULL, NULL, NULL, NULL, NULL, NULL, NULL, NULL, NULL, NULL, NULL, NULL, NULL, '2024-12-12 23:12:48', '2024-12-12 23:12:48'),
(28, 'Elvera O\'Reilly', 'hobart.cummings@example.com', NULL, '$2y$12$ngvHsZeYkGUKEWndlvzHKOwntKOoXlCMDDYqk8sYp3IUpkopjWteG', NULL, NULL, NULL, NULL, NULL, NULL, NULL, NULL, NULL, NULL, NULL, NULL, NULL, '2024-12-12 23:12:48', '2024-12-12 23:12:48'),
(29, 'Mrs. Lonie Glover Sr.', 'josefina86@example.net', NULL, '$2y$12$1PLCtToC1ROpyN.yEMYmsenPAUbYDgXpa5jQCMcrwBGwycn7xBOJe', NULL, NULL, NULL, NULL, NULL, NULL, NULL, NULL, NULL, NULL, NULL, NULL, NULL, '2024-12-12 23:12:49', '2024-12-12 23:12:49'),
(30, 'Daphne Ziemann', 'tyrese81@example.net', NULL, '$2y$12$fTKSS9UUPwmTTOHL8kDqJOyOfejIzM8UqLNNuUDg4wzV9WQQuwAi2', NULL, NULL, NULL, NULL, NULL, NULL, NULL, NULL, NULL, NULL, NULL, NULL, NULL, '2024-12-12 23:12:49', '2024-12-12 23:12:49'),
(31, 'Prof. Jaren Kuhn', 'ctowne@example.com', NULL, '$2y$12$cao4CK41gaCPhxo3hhMNa.8eTvePwepzOe96ecNi5AEQodsDChq.e', NULL, NULL, NULL, NULL, NULL, NULL, NULL, NULL, NULL, NULL, NULL, NULL, NULL, '2024-12-12 23:12:49', '2024-12-12 23:12:49'),
(32, 'Pascale Feil', 'shermann@example.org', NULL, '$2y$12$yvohi41bZdxljx8dJePEa.c26kefmTPCkD4czUDjpIZMrNTPifi.y', NULL, NULL, NULL, NULL, NULL, NULL, NULL, NULL, NULL, NULL, NULL, NULL, NULL, '2024-12-12 23:12:49', '2024-12-12 23:12:49'),
(33, 'Prof. Bobby Collins', 'prudence09@example.org', NULL, '$2y$12$HxfoKntt9i.HwchE0ae5XeiRNYrwuFLfAfjLtBLVGMil0U33Lga7.', NULL, NULL, NULL, NULL, NULL, NULL, NULL, NULL, NULL, NULL, NULL, NULL, NULL, '2024-12-12 23:12:49', '2024-12-12 23:12:49'),
(34, 'Immanuel Hills', 'davis.annette@example.com', NULL, '$2y$12$q5A4bYluqTWAPz6beZfSNu9Z3ux8oD/Z4/Pf6M0gJZhibZDFd1WlG', NULL, NULL, NULL, NULL, NULL, NULL, NULL, NULL, NULL, NULL, NULL, NULL, NULL, '2024-12-12 23:12:50', '2024-12-12 23:12:50'),
(35, 'Corbin Kohler I', 'gerard.cole@example.net', NULL, '$2y$12$dKfrPVABVWy9XQB0uAWN2eF021UhDkO5IQJ2bmHJ1B0zANErq7eFy', NULL, NULL, NULL, NULL, NULL, NULL, NULL, NULL, NULL, NULL, NULL, NULL, NULL, '2024-12-12 23:12:50', '2024-12-12 23:12:50'),
(36, 'Noe Mosciski', 'flemke@example.com', NULL, '$2y$12$uttEIqfGyPK7OarOY4mcBeJgqEaR231CKKlr4VALqu4lKUTfmhZ8O', NULL, NULL, NULL, NULL, NULL, NULL, NULL, NULL, NULL, NULL, NULL, NULL, NULL, '2024-12-12 23:12:50', '2024-12-12 23:12:50'),
(37, 'Emiliano Kautzer', 'madison.homenick@example.net', NULL, '$2y$12$tWi.TLVop1D3arm.ePRClet2TJm4pGEt9ZWbfUXtJ8tIEELIMJgTK', NULL, NULL, NULL, NULL, NULL, NULL, NULL, NULL, NULL, NULL, NULL, NULL, NULL, '2024-12-12 23:12:50', '2024-12-12 23:12:50'),
(38, 'Jameson Welch', 'joanny89@example.com', NULL, '$2y$12$aRNGwGFyEJOMfymdiF2p4OpHLZ/ZZb2WcQsLrshkMTe3.gswQDyYu', NULL, NULL, NULL, NULL, NULL, NULL, NULL, NULL, NULL, NULL, NULL, NULL, NULL, '2024-12-12 23:12:50', '2024-12-12 23:12:50'),
(39, 'Isabelle Cummings II', 'rolfson.emilie@example.org', NULL, '$2y$12$5ZDYOGAb4iR7xkwhIAEiDeKOPQamCwwfbO8r/7U1cCK2ywPMIYmlG', NULL, NULL, NULL, NULL, NULL, NULL, NULL, NULL, NULL, NULL, NULL, NULL, NULL, '2024-12-12 23:12:51', '2024-12-12 23:12:51'),
(40, 'Justice Glover', 'madison.rempel@example.com', NULL, '$2y$12$fSFFXnN5tF/hbXNoP32MUuI/cdAVZKh8C2SB3XakfLK9aiNurLRZu', NULL, NULL, NULL, NULL, NULL, NULL, NULL, NULL, NULL, NULL, NULL, NULL, NULL, '2024-12-12 23:12:51', '2024-12-12 23:12:51'),
(41, 'Mattie Langworth', 'effertz.adella@example.org', NULL, '$2y$12$z3ilRIV6yqsYRfSqQY1Db.VOaH8VTiza12kE0LTmidDYEUuKI05sq', NULL, NULL, NULL, NULL, NULL, NULL, NULL, NULL, NULL, NULL, NULL, NULL, NULL, '2024-12-12 23:12:51', '2024-12-12 23:12:51'),
(42, 'Eldora Pacocha', 'lleannon@example.org', NULL, '$2y$12$jX3CyOHSCFuCf.4fDsr/Vubu0QYJb4fJOBrjpbgsMIC1YFxt5.plS', NULL, NULL, NULL, NULL, NULL, NULL, NULL, NULL, NULL, NULL, NULL, NULL, NULL, '2024-12-12 23:12:51', '2024-12-12 23:12:51'),
(43, 'Madge Kassulke', 'evan.harris@example.org', NULL, '$2y$12$xtw.0XjghRitoAJLLG18KuWRQqPtAwDCKdvxyRp8UlSuTWKkXwlum', NULL, NULL, NULL, NULL, NULL, NULL, NULL, NULL, NULL, NULL, NULL, NULL, NULL, '2024-12-12 23:12:52', '2024-12-12 23:12:52'),
(44, 'Gwendolyn Kozey', 'klocko.isadore@example.org', NULL, '$2y$12$nYgKHg1vR5pbPR8rPDK4ZuIPHAmwMNR4EmMehNG4/kBJyjogWUM.2', NULL, NULL, NULL, NULL, NULL, NULL, NULL, NULL, NULL, NULL, NULL, NULL, NULL, '2024-12-12 23:12:52', '2024-12-12 23:12:52'),
(45, 'Georgianna Armstrong', 'pink.champlin@example.com', NULL, '$2y$12$/sr56lLkH7IBiDOaYbDTuOCxYh2VTjg2NME6kHEM6hpjJb8ERRpl.', NULL, NULL, NULL, NULL, NULL, NULL, NULL, NULL, NULL, NULL, NULL, NULL, NULL, '2024-12-12 23:12:52', '2024-12-12 23:12:52'),
(46, 'Prof. Reba Dickens', 'kelvin.okon@example.org', NULL, '$2y$12$JeAiGEq4PC8dFP3D9JqkWu89IG8A3C2GcxnHFQmp1kedmdAGGZl9S', NULL, NULL, NULL, NULL, NULL, NULL, NULL, NULL, NULL, NULL, NULL, NULL, NULL, '2024-12-12 23:12:52', '2024-12-12 23:12:52'),
(47, 'Dr. Uriel Shanahan', 'vincenzo02@example.org', NULL, '$2y$12$nh4qovm57IZVd0.xk0.sz.cEoIH6m5X0RTDwYZst5W4VOogI7hOQ.', NULL, NULL, NULL, NULL, NULL, NULL, NULL, NULL, NULL, NULL, NULL, NULL, NULL, '2024-12-12 23:12:52', '2024-12-12 23:12:52'),
(48, 'Albin Luettgen', 'anya76@example.com', NULL, '$2y$12$ILYkqJIuM1snOpz7Jf9ojOqWDkKIQ.HfvGK4WXLVJZeSWw5O56jVe', NULL, NULL, NULL, NULL, NULL, NULL, NULL, NULL, NULL, NULL, NULL, NULL, NULL, '2024-12-12 23:12:53', '2024-12-12 23:12:53'),
(49, 'Ms. Lura Purdy I', 'kkilback@example.com', NULL, '$2y$12$kbhfUqiW3VxSPc52VaUtd.PWu.NsigMtDYWQ084WfOeL43BWRjJ3S', NULL, NULL, NULL, NULL, NULL, NULL, NULL, NULL, NULL, NULL, NULL, NULL, NULL, '2024-12-12 23:12:53', '2024-12-12 23:12:53'),
(50, 'Mr. Keven Kemmer I', 'gage74@example.org', NULL, '$2y$12$KT9j9Eg0M7rCmyEbATh.r.XifRiWXsnorwS6BCUeYL2S1YxYjjQP6', NULL, NULL, NULL, NULL, NULL, NULL, NULL, NULL, NULL, NULL, NULL, NULL, NULL, '2024-12-12 23:12:53', '2024-12-12 23:12:53'),
(51, 'Domingo Jakubowski', 'odessa10@example.net', NULL, '$2y$12$xaPCUzPOJeUmWebRi/t7wOSnax7BUWzKKVlgeBqctmb5mGYnq6ZQW', NULL, NULL, NULL, NULL, NULL, NULL, NULL, NULL, NULL, NULL, NULL, NULL, NULL, '2024-12-12 23:12:53', '2024-12-12 23:12:53'),
(52, 'Prof. Enid Cronin', 'davion.toy@example.com', NULL, '$2y$12$RFnJmeHcECq0ytIfbvWqNexB57mABLnDtS0l94GW63Qsn2e8OpfoW', NULL, NULL, NULL, NULL, NULL, NULL, NULL, NULL, NULL, NULL, NULL, NULL, NULL, '2024-12-12 23:12:54', '2024-12-12 23:12:54'),
(53, 'Earline Kunze PhD', 'sanford.salvatore@example.net', NULL, '$2y$12$rc1nY1bCh26vastSmCeZtOlu2jDUhDVCGMHsok/QU9vmmC629bJVW', NULL, NULL, NULL, NULL, NULL, NULL, NULL, NULL, NULL, NULL, NULL, NULL, NULL, '2024-12-12 23:12:54', '2024-12-12 23:12:54'),
(54, 'Andre Schinner', 'rubye.dickens@example.net', NULL, '$2y$12$T9U0.6FWuAww9UduhcoS6eFfDhSHIcyRYQksgHZ5.1kHdhb5/c0eK', NULL, NULL, NULL, NULL, NULL, NULL, NULL, NULL, NULL, NULL, NULL, NULL, NULL, '2024-12-12 23:12:54', '2024-12-12 23:12:54'),
(55, 'Theodora Corkery', 'abayer@example.org', NULL, '$2y$12$qx0vONg8kx6Y/NEspPXfeu.M0oqo9aiEO88B6AA.TWO5i5Vc5Gg4i', NULL, NULL, NULL, NULL, NULL, NULL, NULL, NULL, NULL, NULL, NULL, NULL, NULL, '2024-12-12 23:12:54', '2024-12-12 23:12:54'),
(56, 'Sheldon Ullrich III', 'wilderman.kathryn@example.com', NULL, '$2y$12$lOVOGNXwpONj23nUsC0SyOQdAPk2tiCKxXIGEETRPYr3qjpI8v3bu', NULL, NULL, NULL, NULL, NULL, NULL, NULL, NULL, NULL, NULL, NULL, NULL, NULL, '2024-12-12 23:12:54', '2024-12-12 23:12:54'),
(57, 'Elva Mayert I', 'thea36@example.net', NULL, '$2y$12$K.rbIhQ.Sya2uBx4WFOVTOILX6Ypm2FnBj5JLjv9P8smtAf5CEMlm', NULL, NULL, NULL, NULL, NULL, NULL, NULL, NULL, NULL, NULL, NULL, NULL, NULL, '2024-12-12 23:12:55', '2024-12-12 23:12:55'),
(58, 'Bonnie Weber', 'luz39@example.net', NULL, '$2y$12$fauYTbO7Rzb.qEhxvLg8CuKPEQIW6A8XU4HpcFBALAJ8KHMTubkDu', NULL, NULL, NULL, NULL, NULL, NULL, NULL, NULL, NULL, NULL, NULL, NULL, NULL, '2024-12-12 23:12:55', '2024-12-12 23:12:55'),
(59, 'Alvena Kilback', 'xblock@example.net', NULL, '$2y$12$FkzSK3KQn5kq./gXlrbV8uqib9tlzPr/exL1OLdiiEiXInYVI4ZFG', NULL, NULL, NULL, NULL, NULL, NULL, NULL, NULL, NULL, NULL, NULL, NULL, NULL, '2024-12-12 23:12:55', '2024-12-12 23:12:55'),
(60, 'Audrey Beier', 'nicholas.monahan@example.org', NULL, '$2y$12$O89o/JUE.4BE23J94JHyDesgvreKCG7sb2jpiRgnVzcux1eD/mzqi', NULL, NULL, NULL, NULL, NULL, NULL, NULL, NULL, NULL, NULL, NULL, NULL, NULL, '2024-12-12 23:12:55', '2024-12-12 23:12:55'),
(61, 'Nyasia Zulauf', 'moises18@example.com', NULL, '$2y$12$GlJ7g/iTwqgWdw92f1wTpeHYWtKLln4Cl6/ANG3.B//W06447X6kC', NULL, NULL, NULL, NULL, NULL, NULL, NULL, NULL, NULL, NULL, NULL, NULL, NULL, '2024-12-12 23:12:56', '2024-12-12 23:12:56'),
(62, 'Dr. Stacy Monahan', 'gretchen.murray@example.com', NULL, '$2y$12$7aA7ZLX4X0gP7B4JgGY.t.bKccJsg2brNdMi8LBsH858JnewTNJwW', NULL, NULL, NULL, NULL, NULL, NULL, NULL, NULL, NULL, NULL, NULL, NULL, NULL, '2024-12-12 23:12:56', '2024-12-12 23:12:56'),
(63, 'Kole West', 'deangelo.hegmann@example.net', NULL, '$2y$12$.dm516MCtMwm9K9BsZjtwO8.caRQizou9ALgTyFtL5Z8AtU0ntvZi', NULL, NULL, NULL, NULL, NULL, NULL, NULL, NULL, NULL, NULL, NULL, NULL, NULL, '2024-12-12 23:12:56', '2024-12-12 23:12:56'),
(64, 'Jon Friesen', 'martin21@example.com', NULL, '$2y$12$qb2Fls7b7scWHtsK68bT.eUcZCALXr2keBQIwh5Q4CchNsz62lJd2', NULL, NULL, NULL, NULL, NULL, NULL, NULL, NULL, NULL, NULL, NULL, NULL, NULL, '2024-12-12 23:12:56', '2024-12-12 23:12:56'),
(65, 'Bradly Balistreri Jr.', 'elvis.klein@example.org', NULL, '$2y$12$FWxekad0gdiJjB6BP.0UBudAN6N7MjFg4WSfTZ/MCukEsqYf7PFBe', NULL, NULL, NULL, NULL, NULL, NULL, NULL, NULL, NULL, NULL, NULL, NULL, NULL, '2024-12-12 23:12:56', '2024-12-12 23:12:56'),
(66, 'Nicolette Bartell', 'marge.rice@example.net', NULL, '$2y$12$AX.CfiQoHNHgk97C6S7NVex1odgW7fBEtOcNos6/vNxQPKW2nLv8u', NULL, NULL, NULL, NULL, NULL, NULL, NULL, NULL, NULL, NULL, NULL, NULL, NULL, '2024-12-12 23:12:57', '2024-12-12 23:12:57'),
(67, 'Eugenia Schneider III', 'joshua.goldner@example.net', NULL, '$2y$12$1wbjdY.siZD5MG/3LFZ7T.4D30j92dOYTG7RQWEoT1lx63B/13Xmi', NULL, NULL, NULL, NULL, NULL, NULL, NULL, NULL, NULL, NULL, NULL, NULL, NULL, '2024-12-12 23:12:57', '2024-12-12 23:12:57'),
(68, 'Clarabelle Tremblay', 'crist.leanne@example.net', NULL, '$2y$12$hsAgwaQ/9P6J9J9.FvOol.1Ka4aYJdXVwKQXabYpQgK81h98YRs.G', NULL, NULL, NULL, NULL, NULL, NULL, NULL, NULL, NULL, NULL, NULL, NULL, NULL, '2024-12-12 23:12:57', '2024-12-12 23:12:57'),
(69, 'Leland Wuckert IV', 'aschulist@example.com', NULL, '$2y$12$zVeRVNtNGv9tIf61pnV5CegqrRqQcYREBN0nGpIgJqiH3DljYsxq2', NULL, NULL, NULL, NULL, NULL, NULL, NULL, NULL, NULL, NULL, NULL, NULL, NULL, '2024-12-12 23:12:57', '2024-12-12 23:12:57'),
(70, 'Jack Ryan', 'jessy.bogan@example.com', NULL, '$2y$12$xy4uX09Hk6UW2mh93qTfNuZ6evfBPrzd2zYdUl5X9PHJzzXcgf1Xy', NULL, NULL, NULL, NULL, NULL, NULL, NULL, NULL, NULL, NULL, NULL, NULL, NULL, '2024-12-12 23:12:57', '2024-12-12 23:12:57'),
(71, 'Alexie Runolfsson', 'lehner.bud@example.org', NULL, '$2y$12$OYybodPeFvVy6nDGqacORuN2.t6W7/cPjo7zm.WB9/jMgUFqb1Kca', NULL, NULL, NULL, NULL, NULL, NULL, NULL, NULL, NULL, NULL, NULL, NULL, NULL, '2024-12-12 23:12:58', '2024-12-12 23:12:58'),
(72, 'Miss Aubrey Goldner', 'emmerich.tad@example.com', NULL, '$2y$12$kox4rw9cnilpoXwUGoQcmeh4tqxwbLP6v6IoAp9pcVw9Z2PkHjfZy', NULL, NULL, NULL, NULL, NULL, NULL, NULL, NULL, NULL, NULL, NULL, NULL, NULL, '2024-12-12 23:12:58', '2024-12-12 23:12:58'),
(73, 'Dr. Remington Cummings', 'beatty.juanita@example.net', NULL, '$2y$12$vmer7jo1864DLE8AGZkYsuDTKxKWMYCD8LEG7Fu3/IN6pcB7qTdlG', NULL, NULL, NULL, NULL, NULL, NULL, NULL, NULL, NULL, NULL, NULL, NULL, NULL, '2024-12-12 23:12:58', '2024-12-12 23:12:58'),
(74, 'Mrs. Savanna Brekke PhD', 'rosalinda18@example.com', NULL, '$2y$12$dLxjyWxlzIn3mY5Det6Ew.PVNClfpgZBiYG2FSsVZSnWJ7IqaQs9m', NULL, NULL, NULL, NULL, NULL, NULL, NULL, NULL, NULL, NULL, NULL, NULL, NULL, '2024-12-12 23:12:58', '2024-12-12 23:12:58'),
(75, 'Roxane Zemlak', 'john.kuhlman@example.net', NULL, '$2y$12$JGxsP/cPALHNCMKZuw7RXOuLa3E..63PbLQfgWEnEes6yBT6JNQ5i', NULL, NULL, NULL, NULL, NULL, NULL, NULL, NULL, NULL, NULL, NULL, NULL, NULL, '2024-12-12 23:12:59', '2024-12-12 23:12:59'),
(76, 'Louvenia Runolfsdottir', 'chelsie04@example.org', NULL, '$2y$12$.ID5LbBT8V627MXb7MQWEeLIARv1jdsTNvmCdAsllI7d6R/tFc.kK', NULL, NULL, NULL, NULL, NULL, NULL, NULL, NULL, NULL, NULL, NULL, NULL, NULL, '2024-12-12 23:12:59', '2024-12-12 23:12:59'),
(77, 'Elizabeth Waelchi', 'grayson.mcclure@example.com', NULL, '$2y$12$x1aotzs3tiEgazrExhl/eeugAPz97fJSpEvtAoqZLWB9NvYwtG9Q2', NULL, NULL, NULL, NULL, NULL, NULL, NULL, NULL, NULL, NULL, NULL, NULL, NULL, '2024-12-12 23:12:59', '2024-12-12 23:12:59'),
(78, 'Floy Rempel', 'icrist@example.org', NULL, '$2y$12$JTuLN6ZIaTjyZd10R951E.99sQ1aqw7MVsxj6lp.tb09JC/OBF9Xq', NULL, NULL, NULL, NULL, NULL, NULL, NULL, NULL, NULL, NULL, NULL, NULL, NULL, '2024-12-12 23:12:59', '2024-12-12 23:12:59'),
(79, 'Parker Bartell DDS', 'mike.west@example.net', NULL, '$2y$12$nnqV.bWT58tU.bNt.QyZju29gyke9JsJX7Y.fbivWylc8aN8EwfUW', NULL, NULL, NULL, NULL, NULL, NULL, NULL, NULL, NULL, NULL, NULL, NULL, NULL, '2024-12-12 23:12:59', '2024-12-12 23:12:59'),
(80, 'Bailey Nikolaus', 'lyric.stoltenberg@example.com', NULL, '$2y$12$jHXFhFJukzmhlmQ8X6Wb6.LIorZjtTs/RK032ZM.aW8v1KGGGw6o.', NULL, NULL, NULL, NULL, NULL, NULL, NULL, NULL, NULL, NULL, NULL, NULL, NULL, '2024-12-12 23:13:00', '2024-12-12 23:13:00'),
(81, 'Kelsi Turner', 'christine.watsica@example.org', NULL, '$2y$12$qO4S6HRVx1i8krFZI3RPQe3vid9Xc6m0ii6gEGEJXK/3SFsLYTVvq', NULL, NULL, NULL, NULL, NULL, NULL, NULL, NULL, NULL, NULL, NULL, NULL, NULL, '2024-12-12 23:13:00', '2024-12-12 23:13:00'),
(82, 'Thaddeus Lemke', 'fturcotte@example.net', NULL, '$2y$12$OElZzwudpGiQQ16Iege12O6blEXqK5r4f2HvxYplrT/cEmhLvmdmG', NULL, NULL, NULL, NULL, NULL, NULL, NULL, NULL, NULL, NULL, NULL, NULL, NULL, '2024-12-12 23:13:00', '2024-12-12 23:13:00'),
(83, 'Earline Barton', 'misty77@example.org', NULL, '$2y$12$e84pVjsEVxPKFsgIo.DUSOD9GGJa5v4kDL2D2UPxUtz443nt79nke', NULL, NULL, NULL, NULL, NULL, NULL, NULL, NULL, NULL, NULL, NULL, NULL, NULL, '2024-12-12 23:13:00', '2024-12-12 23:13:00'),
(84, 'Gerda Mante', 'cheyanne56@example.com', NULL, '$2y$12$QX04Y628zWCK9eXFOXzvDOMh6n7HdsnqYDPpxQYfKoMpwWcnhMjPy', NULL, NULL, NULL, NULL, NULL, NULL, NULL, NULL, NULL, NULL, NULL, NULL, NULL, '2024-12-12 23:13:01', '2024-12-12 23:13:01'),
(85, 'Ansley Stokes', 'unique.vonrueden@example.com', NULL, '$2y$12$oOO2vDWRQvrhIyezwxybtOdLQXefysswU0bMxTEUVs2TEUey4Gi/u', NULL, NULL, NULL, NULL, NULL, NULL, NULL, NULL, NULL, NULL, NULL, NULL, NULL, '2024-12-12 23:13:01', '2024-12-12 23:13:01'),
(86, 'Prof. Jalen Parker', 'bogisich.eleazar@example.net', NULL, '$2y$12$yJSkeJ4aWsWPvvJR365wOuP4rVKHonFNMt9qLSQfz4xqroLI2yBC2', NULL, NULL, NULL, NULL, NULL, NULL, NULL, NULL, NULL, NULL, NULL, NULL, NULL, '2024-12-12 23:13:01', '2024-12-12 23:13:01'),
(87, 'Aurelie Walsh', 'destiney36@example.com', NULL, '$2y$12$ledSedz74YhH8LvU3XpyIOMtce6XY.CAg94v4aWK.EI4BqQECr6zC', NULL, NULL, NULL, NULL, NULL, NULL, NULL, NULL, NULL, NULL, NULL, NULL, NULL, '2024-12-12 23:13:01', '2024-12-12 23:13:01'),
(88, 'Buster Gottlieb', 'bogisich.mozelle@example.org', NULL, '$2y$12$LdYRRYuYoRq/064Y4gFdtO8IEHYJ7SrxFxYbPUsDI4YnLKOl7y3lO', NULL, NULL, NULL, NULL, NULL, NULL, NULL, NULL, NULL, NULL, NULL, NULL, NULL, '2024-12-12 23:13:01', '2024-12-12 23:13:01'),
(89, 'Khalid Hartmann', 'dibbert.fleta@example.net', NULL, '$2y$12$3DZp.AOyiLF.1I69ABNeJeNfr9tScohDfJO4iRi5nkMp23JBuvd.y', NULL, NULL, NULL, NULL, NULL, NULL, NULL, NULL, NULL, NULL, NULL, NULL, NULL, '2024-12-12 23:13:02', '2024-12-12 23:13:02'),
(90, 'Vincenzo Williamson', 'jeffery09@example.com', NULL, '$2y$12$wAzSY5PQv5huYk/CBqo9K.re6m1zTBcaNnCM59tDRvj2CI5WGBOWq', NULL, NULL, NULL, NULL, NULL, NULL, NULL, NULL, NULL, NULL, NULL, NULL, NULL, '2024-12-12 23:13:02', '2024-12-12 23:13:02'),
(91, 'Nia Lind', 'katelyn61@example.org', NULL, '$2y$12$F/Zecjar1jQYVtpL3weKDOuKH4oicGH65ynGANJwSyQ4Uexf8Pake', NULL, NULL, NULL, NULL, NULL, NULL, NULL, NULL, NULL, NULL, NULL, NULL, NULL, '2024-12-12 23:13:02', '2024-12-12 23:13:02'),
(92, 'Lolita Satterfield', 'ramona61@example.org', NULL, '$2y$12$TT42444DKW1PrmzBviwsvuD0Xcbz3v5eSQkHOp0EvbhyM1XIr.8g2', NULL, NULL, NULL, NULL, NULL, NULL, NULL, NULL, NULL, NULL, NULL, NULL, NULL, '2024-12-12 23:13:02', '2024-12-12 23:13:02'),
(93, 'Ms. Rubie Gulgowski IV', 'smorar@example.net', NULL, '$2y$12$YL2coiQiHExN7YlSvXtZzemaGDIsgztwlZ3BOOvvkoPV02Bi9cETS', NULL, NULL, NULL, NULL, NULL, NULL, NULL, NULL, NULL, NULL, NULL, NULL, NULL, '2024-12-12 23:13:02', '2024-12-12 23:13:02'),
(94, 'Prof. Augusta Harris', 'gia61@example.net', NULL, '$2y$12$dZUk.Zvo1W5LkaYYWk1yyOC8B5JtsVhemUeuQOPY9N18slU7jQjx.', NULL, NULL, NULL, NULL, NULL, NULL, NULL, NULL, NULL, NULL, NULL, NULL, NULL, '2024-12-12 23:13:03', '2024-12-12 23:13:03'),
(95, 'Judson Wunsch', 'gleason.sandra@example.org', NULL, '$2y$12$opwwS8bA0J4vBKo7sBGfu.nZ0E2LSuD0ryt3NarFQon2/fHHNkQ5.', NULL, NULL, NULL, NULL, NULL, NULL, NULL, NULL, NULL, NULL, NULL, NULL, NULL, '2024-12-12 23:13:03', '2024-12-12 23:13:03'),
(96, 'Bernie Satterfield', 'vallie86@example.com', NULL, '$2y$12$fO6o8t1OqD2vyi6vTQKCIOlTOTdcLd8YTn9u964IZa0q.hHiZqd3m', NULL, NULL, NULL, NULL, NULL, NULL, NULL, NULL, NULL, NULL, NULL, NULL, NULL, '2024-12-12 23:13:03', '2024-12-12 23:13:03'),
(97, 'Margaret Schinner', 'rutherford.tara@example.net', NULL, '$2y$12$QNMVMlbrz5RNmu8rHLyrHed6uXcpnewPSjHZA0OgN57jm.BTvO7ai', NULL, NULL, NULL, NULL, NULL, NULL, NULL, NULL, NULL, NULL, NULL, NULL, NULL, '2024-12-12 23:13:03', '2024-12-12 23:13:03'),
(98, 'Lula Kulas Jr.', 'renner.easton@example.org', NULL, '$2y$12$JDD0gFYNRzEm76YoNPRZFeRWDFpFAH2EB.gKS.tksICFPaPty8.L6', NULL, NULL, NULL, NULL, NULL, NULL, NULL, NULL, NULL, NULL, NULL, NULL, NULL, '2024-12-12 23:13:04', '2024-12-12 23:13:04'),
(99, 'Daryl Donnelly', 'raynor.lily@example.net', NULL, '$2y$12$rlIxTtU.8zCRTGcImJwLhOqVP0IMEivcF0nfnjHjReg/pbvxqgvBq', NULL, NULL, NULL, NULL, NULL, NULL, NULL, NULL, NULL, NULL, NULL, NULL, NULL, '2024-12-12 23:13:04', '2024-12-12 23:13:04'),
(100, 'Bridgette Wisozk', 'jacobs.eloisa@example.net', NULL, '$2y$12$agu91p2R0nDpeqMWmlVXH.8/YBZWPqe5ifHCmNhlYX9DJ632.vAvG', NULL, NULL, NULL, NULL, NULL, NULL, NULL, NULL, NULL, NULL, NULL, NULL, NULL, '2024-12-12 23:13:04', '2024-12-12 23:13:04'),
(101, 'Mrs. Jalyn Jaskolski DVM', 'eva.wilderman@example.com', NULL, '$2y$12$g6LZtsAX3kLFkrMbPfEM0u91NGf5BHnPMHPFRzJIwlnSPRqd7qZfW', NULL, NULL, NULL, NULL, NULL, NULL, NULL, NULL, NULL, NULL, NULL, NULL, NULL, '2024-12-12 23:13:04', '2024-12-12 23:13:04'),
(102, 'Kaylee Hodkiewicz', 'oberbrunner.gideon@example.com', NULL, '$2y$12$rHz2z6eLeSFky5D8oUdWoeSb5NBeOI7YU6mWaa9u3mrrlBPl5u0qa', NULL, NULL, NULL, NULL, NULL, NULL, NULL, NULL, NULL, NULL, NULL, NULL, NULL, '2024-12-12 23:13:04', '2024-12-12 23:13:04'),
(103, 'Prof. Giovanny Robel Jr.', 'uschneider@example.net', NULL, '$2y$12$R.1dHPKDkrw1Kci5dObYpO.jQJbiHvLqs7NTOawm0kbvGgo0eQJJq', NULL, NULL, NULL, NULL, NULL, NULL, NULL, NULL, NULL, NULL, NULL, NULL, NULL, '2024-12-12 23:13:05', '2024-12-12 23:13:05'),
(104, 'Rod Herman', 'layne.mann@example.net', NULL, '$2y$12$IWA0V4KYyyexyIjpHn819e1xeNJmqg.yguClb6oal3YFmEzuK94o2', NULL, NULL, NULL, NULL, NULL, NULL, NULL, NULL, NULL, NULL, NULL, NULL, NULL, '2024-12-12 23:13:05', '2024-12-12 23:13:05'),
(105, 'Lisandro Baumbach', 'ruth72@example.net', NULL, '$2y$12$4XpQRPdfPT4YpnLkMzXGiOzsZZAzHGTqUO3pSfOVQDN0u5uGg5Cci', NULL, NULL, NULL, NULL, NULL, NULL, NULL, NULL, NULL, NULL, NULL, NULL, NULL, '2024-12-12 23:13:05', '2024-12-12 23:13:05'),
(106, 'Trey Orn', 'erna72@example.net', NULL, '$2y$12$oMclG.IO8.zvKmdff6I9WeKW0IODwk/cXlCOM42eLx4Kmtbv5k46K', NULL, NULL, NULL, NULL, NULL, NULL, NULL, NULL, NULL, NULL, NULL, NULL, NULL, '2024-12-12 23:13:05', '2024-12-12 23:13:05'),
(107, 'Marina Kilback', 'isac17@example.net', NULL, '$2y$12$ezEMq59TxqoaiOq3hmAY1OLpddZbBYT25h9SC7Y2qtc2Tz8J6TWcS', NULL, NULL, NULL, NULL, NULL, NULL, NULL, NULL, NULL, NULL, NULL, NULL, NULL, '2024-12-12 23:13:05', '2024-12-12 23:13:05'),
(108, 'Kristopher Hand', 'kaylie57@example.org', NULL, '$2y$12$M42H4k2hTPRZigMDuuuXxOyn1Bbp5j9RhIHwpnowSTdn7tP2eKCB2', NULL, NULL, NULL, NULL, NULL, NULL, NULL, NULL, NULL, NULL, NULL, NULL, NULL, '2024-12-12 23:13:06', '2024-12-12 23:13:06'),
(109, 'Christopher Ankunding', 'vjerde@example.org', NULL, '$2y$12$hqztJy7brzpYluQn07sIbempAo5yclMgyzO1Y3bhZpDDWGgyUapHS', NULL, NULL, NULL, NULL, NULL, NULL, NULL, NULL, NULL, NULL, NULL, NULL, NULL, '2024-12-12 23:13:06', '2024-12-12 23:13:06'),
(110, 'Mr. Timmothy Stiedemann Jr.', 'katrine.oconnell@example.com', NULL, '$2y$12$FehCw.ZoniTTkQf8z6X/8.JCIk7JML//4oDCkt0Rpze5UNSt0Vtp6', NULL, NULL, NULL, NULL, NULL, NULL, NULL, NULL, NULL, NULL, NULL, NULL, NULL, '2024-12-12 23:13:06', '2024-12-12 23:13:06'),
(111, 'Lucious Lehner', 'marquardt.ansley@example.org', NULL, '$2y$12$D86G4uqSjkj/ALOyPdwhdeCFlTGnwMOuHRjGuFnwEDUib093Zdf.u', NULL, NULL, NULL, NULL, NULL, NULL, NULL, NULL, NULL, NULL, NULL, NULL, NULL, '2024-12-12 23:13:06', '2024-12-12 23:13:06'),
(112, 'Dr. Emmanuel Block Sr.', 'yratke@example.org', NULL, '$2y$12$4ES0uoFsEGg0hLv/CN.vdex8B/Os4cTIEdY7Mqw5Qjdn7Y9kKEYyS', NULL, NULL, NULL, NULL, NULL, NULL, NULL, NULL, NULL, NULL, NULL, NULL, NULL, '2024-12-12 23:13:07', '2024-12-12 23:13:07'),
(113, 'Angel Brekke', 'mcdermott.thaddeus@example.net', NULL, '$2y$12$/NdCniqCvw4f/hw8lLaCs.AkGbdsMH0pPvDE5XYKHdL5/.RcIuWwe', NULL, NULL, NULL, NULL, NULL, NULL, NULL, NULL, NULL, NULL, NULL, NULL, NULL, '2024-12-12 23:13:07', '2024-12-12 23:13:07'),
(114, 'Ms. Nakia Koss', 'mosciski.fidel@example.com', NULL, '$2y$12$UmVpdfrQHShSNPlbNFUhuOnfn.nlabWNo4IRvJRTqaxicIacQy7Q2', NULL, NULL, NULL, NULL, NULL, NULL, NULL, NULL, NULL, NULL, NULL, NULL, NULL, '2024-12-12 23:13:07', '2024-12-12 23:13:07'),
(115, 'Amie Ernser II', 'jules.yost@example.org', NULL, '$2y$12$YAHIYoNfSwswID7Zd.DlT.ZS6WOMn9qpdU735nliUHYf1URPebZnK', NULL, NULL, NULL, NULL, NULL, NULL, NULL, NULL, NULL, NULL, NULL, NULL, NULL, '2024-12-12 23:13:07', '2024-12-12 23:13:07'),
(116, 'Miss Della Deckow IV', 'kaitlin75@example.net', NULL, '$2y$12$HMI.TxGT.3c4ZU4quC99O.ibdhuNwjYks/58jzPU4HrpDKfnRWA26', NULL, NULL, NULL, NULL, NULL, NULL, NULL, NULL, NULL, NULL, NULL, NULL, NULL, '2024-12-12 23:13:07', '2024-12-12 23:13:07'),
(117, 'Gwendolyn O\'Connell', 'larry.donnelly@example.com', NULL, '$2y$12$kKIvNM7vKfddekwEacz7GeSJiO1VBi4kQfEi/0P1/ZVZNnj8.hkI.', NULL, NULL, NULL, NULL, NULL, NULL, NULL, NULL, NULL, NULL, NULL, NULL, NULL, '2024-12-12 23:13:08', '2024-12-12 23:13:08'),
(118, 'Dr. Christelle Bogan', 'rowe.loyal@example.org', NULL, '$2y$12$2LiLjtFfwSF.hCiQJlygVOru9D5pRV2AvTY2PPr2dtPKhhL.XJ9Ki', NULL, NULL, NULL, NULL, NULL, NULL, NULL, NULL, NULL, NULL, NULL, NULL, NULL, '2024-12-12 23:13:08', '2024-12-12 23:13:08'),
(119, 'Prof. Heloise Stoltenberg', 'ogrant@example.com', NULL, '$2y$12$nY9cQuoX1f/8937GkcYTCeVX0yjjJWuMhHmEe2K1TQoWcsuvX23C2', NULL, NULL, NULL, NULL, NULL, NULL, NULL, NULL, NULL, NULL, NULL, NULL, NULL, '2024-12-12 23:13:08', '2024-12-12 23:13:08'),
(120, 'Lois Weber', 'eddie74@example.net', NULL, '$2y$12$82jQYdhFAM/gbuBlCS2/fOU56BCM0lyBWXpUYgZeT6CaU0Z429uzy', NULL, NULL, NULL, NULL, NULL, NULL, NULL, NULL, NULL, NULL, NULL, NULL, NULL, '2024-12-12 23:13:08', '2024-12-12 23:13:08'),
(121, 'Federico Hand II', 'bradtke.una@example.org', NULL, '$2y$12$NefHqbd9TGZynOWI9IRb2u5HKbOomAap.DJB2NzeLnd.pYzczizJ6', NULL, NULL, NULL, NULL, NULL, NULL, NULL, NULL, NULL, NULL, NULL, NULL, NULL, '2024-12-12 23:13:09', '2024-12-12 23:13:09'),
(122, 'Jett Herman', 'maggie99@example.org', NULL, '$2y$12$pJp7jltCEt4dUTWTeIt2J.yooNW3ExXiYCkV/2WrhQURfB8lALW2K', NULL, NULL, NULL, NULL, NULL, NULL, NULL, NULL, NULL, NULL, NULL, NULL, NULL, '2024-12-12 23:13:09', '2024-12-12 23:13:09'),
(123, 'Helen Fisher', 'carolanne.raynor@example.net', NULL, '$2y$12$QoFTk3CG5pYmZ0VcLPnKPeucEnXTBT6OFTUs6sIO.LNVGALbq.Asm', NULL, NULL, NULL, NULL, NULL, NULL, NULL, NULL, NULL, NULL, NULL, NULL, NULL, '2024-12-12 23:13:09', '2024-12-12 23:13:09'),
(124, 'Jillian Willms', 'oberbrunner.rhiannon@example.net', NULL, '$2y$12$wNKuugGC5uwML5SN2uXPAORvoxy6XLrq1.v66dV3QMPz19PXKPTbS', NULL, NULL, NULL, NULL, NULL, NULL, NULL, NULL, NULL, NULL, NULL, NULL, NULL, '2024-12-12 23:13:09', '2024-12-12 23:13:09'),
(125, 'Glenna VonRueden', 'konopelski.raquel@example.org', NULL, '$2y$12$WYXCIOkHEhGKPO1lA9OQkOq07zY7eaPQih7.JBNWPhFuvBt3r4sXe', NULL, NULL, NULL, NULL, NULL, NULL, NULL, NULL, NULL, NULL, NULL, NULL, NULL, '2024-12-12 23:13:09', '2024-12-12 23:13:09'),
(126, 'Miss Jodie Lueilwitz IV', 'percy.kub@example.net', NULL, '$2y$12$jfCki2GbU2ng6Qr2vrGHBuhea5w57NYB8ZfpH1iT3ynr6MKp0sMZC', NULL, NULL, NULL, NULL, NULL, NULL, NULL, NULL, NULL, NULL, NULL, NULL, NULL, '2024-12-12 23:13:10', '2024-12-12 23:13:10'),
(127, 'Prof. Fabiola Bruen', 'olga86@example.com', NULL, '$2y$12$jMjXRpWSUtPgbYxZhQIc8uZ.7eltfKrRaJTE0hVhrpA4ISz0pJp1.', NULL, NULL, NULL, NULL, NULL, NULL, NULL, NULL, NULL, NULL, NULL, NULL, NULL, '2024-12-12 23:13:10', '2024-12-12 23:13:10'),
(128, 'Dr. Madalyn Murazik MD', 'von.jarrett@example.net', NULL, '$2y$12$NIYfc4jEAoRIvLU7YCzEr.031LNDeo5pYaBG1tS4oRqRMqlx/IBF6', NULL, NULL, NULL, NULL, NULL, NULL, NULL, NULL, NULL, NULL, NULL, NULL, NULL, '2024-12-12 23:13:10', '2024-12-12 23:13:10'),
(129, 'Annabel Wilderman', 'dannie.skiles@example.org', NULL, '$2y$12$Y/U1v0DKUgc155iCkK9tN.SNKc4.2lswXlc6LdyR.lJzbv8bJSU7i', NULL, NULL, NULL, NULL, NULL, NULL, NULL, NULL, NULL, NULL, NULL, NULL, NULL, '2024-12-12 23:13:10', '2024-12-12 23:13:10'),
(130, 'Carmen Sanford', 'zulauf.ray@example.com', NULL, '$2y$12$pfRNFAVY2unDHGdmNRd7cez/WI6MG7Opqcqr1L2bsUdibbk7NZtza', NULL, NULL, NULL, NULL, NULL, NULL, NULL, NULL, NULL, NULL, NULL, NULL, NULL, '2024-12-12 23:13:10', '2024-12-12 23:13:10'),
(131, 'Joshuah Lubowitz', 'margaret.emmerich@example.com', NULL, '$2y$12$hR4Lfxon85b6WyLM7BrbDOT2znvbAVPUVLeKBMyXmZe6QxJ.NklHe', NULL, NULL, NULL, NULL, NULL, NULL, NULL, NULL, NULL, NULL, NULL, NULL, NULL, '2024-12-12 23:13:11', '2024-12-12 23:13:11'),
(132, 'Osborne Gerhold', 'lkovacek@example.org', NULL, '$2y$12$h5jmh3R4BIpp4/kNL/./5u0HmGPhjqVF4Vp6zSrn3nVhu8tU8J0uu', NULL, NULL, NULL, NULL, NULL, NULL, NULL, NULL, NULL, NULL, NULL, NULL, NULL, '2024-12-12 23:13:11', '2024-12-12 23:13:11'),
(133, 'Madison Lindgren', 'earlene51@example.org', NULL, '$2y$12$lcuzXz0ItXR4/XGaxYXMr.EW0M9TQIHG/tpOOI9fhjXioLQebB0r2', NULL, NULL, NULL, NULL, NULL, NULL, NULL, NULL, NULL, NULL, NULL, NULL, NULL, '2024-12-12 23:13:11', '2024-12-12 23:13:11'),
(134, 'Jacklyn Lynch', 'weber.dion@example.org', NULL, '$2y$12$Z95VY1oNgyoWeItDNktX4uFMHr2F4N13bFufEM39IyrJViufnimCu', NULL, NULL, NULL, NULL, NULL, NULL, NULL, NULL, NULL, NULL, NULL, NULL, NULL, '2024-12-12 23:13:11', '2024-12-12 23:13:11'),
(135, 'Prof. Alvah Jones', 'zoe.hamill@example.org', NULL, '$2y$12$1.w603UL4dN9nvWURoJw2OOv2l.KUaoM2g.iyN.yF18DlYYKj/R8G', NULL, NULL, NULL, NULL, NULL, NULL, NULL, NULL, NULL, NULL, NULL, NULL, NULL, '2024-12-12 23:13:12', '2024-12-12 23:13:12'),
(136, 'Sincere Treutel', 'ograham@example.org', NULL, '$2y$12$Nd1XYViXCYvdKlHTuMi9AuGh03CwjcQEoX3jToTywcMvkERLDVLxK', NULL, NULL, NULL, NULL, NULL, NULL, NULL, NULL, NULL, NULL, NULL, NULL, NULL, '2024-12-12 23:13:12', '2024-12-12 23:13:12'),
(137, 'Annabel Gleason PhD', 'weber.nathan@example.net', NULL, '$2y$12$2wRA0O3xLf3.RoWwAPEX9.dXYtyfrl8reKu8kYfa7vrAROo4bqmR6', NULL, NULL, NULL, NULL, NULL, NULL, NULL, NULL, NULL, NULL, NULL, NULL, NULL, '2024-12-12 23:13:12', '2024-12-12 23:13:12'),
(138, 'Vito Fisher', 'marquardt.josh@example.org', NULL, '$2y$12$ihuFzaA2Am6JGerA9WO7K.QHqlbrPNIvo1jbIHWXxxIvFCNvRRXUm', NULL, NULL, NULL, NULL, NULL, NULL, NULL, NULL, NULL, NULL, NULL, NULL, NULL, '2024-12-12 23:13:12', '2024-12-12 23:13:12'),
(139, 'Maymie Blick', 'borer.krystel@example.com', NULL, '$2y$12$EpJQdMcAm7sPnNwyxmtaeedFFPDNHqkCHhROj.opkyiWMEIdTXM6C', NULL, NULL, NULL, NULL, NULL, NULL, NULL, NULL, NULL, NULL, NULL, NULL, NULL, '2024-12-12 23:13:12', '2024-12-12 23:13:12'),
(140, 'Mr. Daron Grimes', 'chadd.wuckert@example.net', NULL, '$2y$12$/x91nbhwEfN/ycdh8HlNPOwtymgvY3pMhGg39P1ZGJg.xccs5ITLq', NULL, NULL, NULL, NULL, NULL, NULL, NULL, NULL, NULL, NULL, NULL, NULL, NULL, '2024-12-12 23:13:13', '2024-12-12 23:13:13'),
(141, 'Dr. Shanna Beahan', 'uhermiston@example.com', NULL, '$2y$12$U8Z3/k5a6wRDO7XUly97AelwZtv8vldIyzPwSzIOJPNWBxXAzjC9m', NULL, NULL, NULL, NULL, NULL, NULL, NULL, NULL, NULL, NULL, NULL, NULL, NULL, '2024-12-12 23:13:13', '2024-12-12 23:13:13'),
(142, 'Prof. Davin Kuvalis II', 'annie.borer@example.org', NULL, '$2y$12$zQAKBip49T5FdyDiI/U/QuxUnCdmhrEVtsg5KX9bHd410Qoq1T.du', NULL, NULL, NULL, NULL, NULL, NULL, NULL, NULL, NULL, NULL, NULL, NULL, NULL, '2024-12-12 23:13:13', '2024-12-12 23:13:13'),
(143, 'Rosetta Green', 'xmetz@example.org', NULL, '$2y$12$EBasw3knLEczcsz/zqVY.u6.wnd9H1aG1TX20uxNZf7GeCtlw//.W', NULL, NULL, NULL, NULL, NULL, NULL, NULL, NULL, NULL, NULL, NULL, NULL, NULL, '2024-12-12 23:13:13', '2024-12-12 23:13:13'),
(144, 'Victor Dibbert', 'hermann.jacques@example.com', NULL, '$2y$12$sMmAxCw29YodQr.kTeiVH.5oMYST7gUa5v8PAw.Pbh22rw190MZ/6', NULL, NULL, NULL, NULL, NULL, NULL, NULL, NULL, NULL, NULL, NULL, NULL, NULL, '2024-12-12 23:13:13', '2024-12-12 23:13:13'),
(145, 'Brody Muller III', 'magali.blanda@example.com', NULL, '$2y$12$EvVAKcNC/hojXix5HJggFemDLNILhAyvVzV4kwBippSUS5VjtN79C', NULL, NULL, NULL, NULL, NULL, NULL, NULL, NULL, NULL, NULL, NULL, NULL, NULL, '2024-12-12 23:13:14', '2024-12-12 23:13:14'),
(146, 'Jaiden Huel', 'wgorczany@example.net', NULL, '$2y$12$S/jAJ7z5nDeAt8A8kVzw2.BaCqaHggTGso4fGdxfYUdBRDBoqV2be', NULL, NULL, NULL, NULL, NULL, NULL, NULL, NULL, NULL, NULL, NULL, NULL, NULL, '2024-12-12 23:13:14', '2024-12-12 23:13:14'),
(147, 'Justice Hoppe', 'baylee.rodriguez@example.com', NULL, '$2y$12$EqORkZNFZwPET7iWxv8hYO5yDrjOVIReEWn8YR42HkR3wOKhBL8zi', NULL, NULL, NULL, NULL, NULL, NULL, NULL, NULL, NULL, NULL, NULL, NULL, NULL, '2024-12-12 23:13:14', '2024-12-12 23:13:14'),
(148, 'Darren Wisoky', 'cristopher00@example.com', NULL, '$2y$12$41m7GN9fblrPBODZYzG9jehnyysjgl65JXzkuJOUP1STKFONHKdC2', NULL, NULL, NULL, NULL, NULL, NULL, NULL, NULL, NULL, NULL, NULL, NULL, NULL, '2024-12-12 23:13:14', '2024-12-12 23:13:14'),
(149, 'Jedediah Bogan', 'murray.hazel@example.org', NULL, '$2y$12$EcpOk0gu46A.SvzHL8tceuPIa4bdkrzR6E1sp5AR4tItVZanzWmcK', NULL, NULL, NULL, NULL, NULL, NULL, NULL, NULL, NULL, NULL, NULL, NULL, NULL, '2024-12-12 23:13:15', '2024-12-12 23:13:15'),
(150, 'Sister Auer', 'schneider.shanon@example.net', NULL, '$2y$12$rsmIgjy248YA/kf9yinmNOiSPxdmjdEJ0WARipO096Xe8irTCoLtK', NULL, NULL, NULL, NULL, NULL, NULL, NULL, NULL, NULL, NULL, NULL, NULL, NULL, '2024-12-12 23:13:15', '2024-12-12 23:13:15'),
(151, 'Cristina Kshlerin', 'mhermiston@example.org', NULL, '$2y$12$T3BCBt7cF370W5KyJFC6zO3a7oLmpQVEiR.zEW.AgpHDvzPLOha5W', NULL, NULL, NULL, NULL, NULL, NULL, NULL, NULL, NULL, NULL, NULL, NULL, NULL, '2024-12-12 23:13:15', '2024-12-12 23:13:15'),
(152, 'Cleveland Lowe', 'erwin63@example.org', NULL, '$2y$12$pPdj9hDbH2AqG5/oolevgu3pSI6H/28qo9zQYCTsjji/jTqBxgG8K', NULL, NULL, NULL, NULL, NULL, NULL, NULL, NULL, NULL, NULL, NULL, NULL, NULL, '2024-12-12 23:13:15', '2024-12-12 23:13:15'),
(153, 'Daphney Cummings', 'davonte31@example.org', NULL, '$2y$12$Jf3eMJU9K1u3BABKjgcM3esVzE413U1lkZIJuuE96l/zdC3G4gaDm', NULL, NULL, NULL, NULL, NULL, NULL, NULL, NULL, NULL, NULL, NULL, NULL, NULL, '2024-12-12 23:13:15', '2024-12-12 23:13:15'),
(154, 'Mr. Silas Kreiger', 'lesch.ruthie@example.net', NULL, '$2y$12$K/uo1S6xwKm916fS.lxLd.VuAFXrYqFWVvLvNrCO.ATnfM0Pnvoka', NULL, NULL, NULL, NULL, NULL, NULL, NULL, NULL, NULL, NULL, NULL, NULL, NULL, '2024-12-12 23:13:16', '2024-12-12 23:13:16'),
(155, 'Tobin Jacobs', 'samir27@example.org', NULL, '$2y$12$0uU3FhCaE33jsk3F7Q.MtuzQo1DIwXAv5zos3ZSwULFtn4oOPzvme', NULL, NULL, NULL, NULL, NULL, NULL, NULL, NULL, NULL, NULL, NULL, NULL, NULL, '2024-12-12 23:13:16', '2024-12-12 23:13:16'),
(156, 'Waino DuBuque', 'jast.elmo@example.org', NULL, '$2y$12$/BCrKixFYv3nwUioSFNVRe2zRgdiGRodnJ0JUExmV7injYVJA4gi.', NULL, NULL, NULL, NULL, NULL, NULL, NULL, NULL, NULL, NULL, NULL, NULL, NULL, '2024-12-12 23:13:16', '2024-12-12 23:13:16'),
(157, 'Aniya Vandervort', 'mueller.stan@example.com', NULL, '$2y$12$NGiCu9UUb/e5l5wr0zWhLu0ejl3LhGBA8Dp/1grwCpJtD5HKo2Ze6', NULL, NULL, NULL, NULL, NULL, NULL, NULL, NULL, NULL, NULL, NULL, NULL, NULL, '2024-12-12 23:13:16', '2024-12-12 23:13:16'),
(158, 'Louie Lemke', 'paolo.lakin@example.org', NULL, '$2y$12$aV8adbgLk3mzZBnmpCy5f.JeGxRXUiROzJYVapgA8cQ3Ibq3wT2OK', NULL, NULL, NULL, NULL, NULL, NULL, NULL, NULL, NULL, NULL, NULL, NULL, NULL, '2024-12-12 23:13:17', '2024-12-12 23:13:17'),
(159, 'Cordia Kozey', 'yost.furman@example.net', NULL, '$2y$12$Q.3RrWSDO6zYUbKALHOFJuHaO1bCNbivp.CzdmXnoYKb33kkSMa8S', NULL, NULL, NULL, NULL, NULL, NULL, NULL, NULL, NULL, NULL, NULL, NULL, NULL, '2024-12-12 23:13:17', '2024-12-12 23:13:17'),
(160, 'Jairo Hessel', 'jlemke@example.net', NULL, '$2y$12$v8f./VkcLEjpuQK1IwMWGuepILon6hmG3BJGmHRY1Vj2biaw.J/Yu', NULL, NULL, NULL, NULL, NULL, NULL, NULL, NULL, NULL, NULL, NULL, NULL, NULL, '2024-12-12 23:13:17', '2024-12-12 23:13:17'),
(161, 'Ms. Emmy DuBuque', 'brooke40@example.org', NULL, '$2y$12$.hQLoEYCd1lUs1Ivq6BkNehzlRwyPgCOiW1sk1aUSfzbpSi2mTzk2', NULL, NULL, NULL, NULL, NULL, NULL, NULL, NULL, NULL, NULL, NULL, NULL, NULL, '2024-12-12 23:13:17', '2024-12-12 23:13:17'),
(162, 'Ilene Lakin', 'pasquale98@example.com', NULL, '$2y$12$3dw1LxKxv87yaaUp8iizb.o1aalik9SKlcNSUsRmOFQRKPeBzO/jm', NULL, NULL, NULL, NULL, NULL, NULL, NULL, NULL, NULL, NULL, NULL, NULL, NULL, '2024-12-12 23:13:17', '2024-12-12 23:13:17'),
(163, 'Natasha Schaefer', 'gilbert.hilpert@example.net', NULL, '$2y$12$2QFum0CrCDDa8Z9.6gfPFOLxFZhu8ySpMagkjkkYQAxIWRSb4ByP.', NULL, NULL, NULL, NULL, NULL, NULL, NULL, NULL, NULL, NULL, NULL, NULL, NULL, '2024-12-12 23:13:18', '2024-12-12 23:13:18'),
(164, 'Daryl Bayer IV', 'welch.ruthe@example.com', NULL, '$2y$12$rhkCAbLJs9E8jrVjSCBxl.iD0vkDhnVEJeIc832XORgoEt2J5smr2', NULL, NULL, NULL, NULL, NULL, NULL, NULL, NULL, NULL, NULL, NULL, NULL, NULL, '2024-12-12 23:13:18', '2024-12-12 23:13:18'),
(165, 'Sunny Bradtke', 'erunolfsson@example.org', NULL, '$2y$12$X6vdg/Ik0C9h2zkDRQZRtu4RTKq94KMuBNO2E4by04FUFbnBv3QIm', NULL, NULL, NULL, NULL, NULL, NULL, NULL, NULL, NULL, NULL, NULL, NULL, NULL, '2024-12-12 23:13:18', '2024-12-12 23:13:18'),
(166, 'Rylee Johnson', 'mills.stefanie@example.com', NULL, '$2y$12$upR6hwbOAYBSLdNx1TVCfOJvZGAj5FimGCaodLLQhw2TycK5qSMUK', NULL, NULL, NULL, NULL, NULL, NULL, NULL, NULL, NULL, NULL, NULL, NULL, NULL, '2024-12-12 23:13:18', '2024-12-12 23:13:18'),
(167, 'Mr. Brennon Towne III', 'osinski.rubie@example.net', NULL, '$2y$12$MTuQ3BzxtBhH40HnghwPh.tfkxkR2S/DYR3f6g.cf4C/payRUF11m', NULL, NULL, NULL, NULL, NULL, NULL, NULL, NULL, NULL, NULL, NULL, NULL, NULL, '2024-12-12 23:13:18', '2024-12-12 23:13:18'),
(168, 'Ahmed Cruickshank', 'blick.dewitt@example.org', NULL, '$2y$12$00ZVuQVTkXCBkLu.HgQqCeu9xyRTMMVHtGB6gwrU4R2UpPaJS1S26', NULL, NULL, NULL, NULL, NULL, NULL, NULL, NULL, NULL, NULL, NULL, NULL, NULL, '2024-12-12 23:13:19', '2024-12-12 23:13:19'),
(169, 'Palma Gerlach', 'nicolas.ron@example.com', NULL, '$2y$12$zI1xBA1LIeZ.Ijtx5J.LrO1VYAsno5qknxbUtTrHnUx4HjbCC4rxm', NULL, NULL, NULL, NULL, NULL, NULL, NULL, NULL, NULL, NULL, NULL, NULL, NULL, '2024-12-12 23:13:19', '2024-12-12 23:13:19'),
(170, 'Electa Stroman', 'xborer@example.net', NULL, '$2y$12$Cfd10bcWhdEUfznDH./ayub7/suj3TPKcMFixnDAYgnPYFmTtmp0C', NULL, NULL, NULL, NULL, NULL, NULL, NULL, NULL, NULL, NULL, NULL, NULL, NULL, '2024-12-12 23:13:19', '2024-12-12 23:13:19'),
(171, 'Kelly Harber', 'julia60@example.org', NULL, '$2y$12$LZVdgSair/C9zLJUd.wRi.nvJsWpQIYBxNlxc0s.4j9ieVfZTu11m', NULL, NULL, NULL, NULL, NULL, NULL, NULL, NULL, NULL, NULL, NULL, NULL, NULL, '2024-12-12 23:13:19', '2024-12-12 23:13:19'),
(172, 'Dr. Jamison Hermann', 'augustine.zulauf@example.org', NULL, '$2y$12$B.X75V5fzhQmtZ.Mn/PX2egHcNeLfWV8/AwXJi7rwUlBQgxJlbu8K', NULL, NULL, NULL, NULL, NULL, NULL, NULL, NULL, NULL, NULL, NULL, NULL, NULL, '2024-12-12 23:13:20', '2024-12-12 23:13:20'),
(173, 'Dr. Serenity Price', 'greenholt.troy@example.net', NULL, '$2y$12$ocje64aMZhdHDCZbIIQfseyh3qNqE4YyNVF.MEQs6cQT0jaNc.gBS', NULL, NULL, NULL, NULL, NULL, NULL, NULL, NULL, NULL, NULL, NULL, NULL, NULL, '2024-12-12 23:13:20', '2024-12-12 23:13:20'),
(174, 'Sasha Hartmann', 'nathaniel72@example.net', NULL, '$2y$12$79afPlw4tpqRm69sHzh5FOSBVy5/siG5gsW4.32C5AQlXflKQL9A.', NULL, NULL, NULL, NULL, NULL, NULL, NULL, NULL, NULL, NULL, NULL, NULL, NULL, '2024-12-12 23:13:20', '2024-12-12 23:13:20'),
(175, 'Mr. Justus Morar', 'brunolfsdottir@example.org', NULL, '$2y$12$5iWzSSHKb5ltI9zzm6F.S.4ZbPBJpo/cbnoVmdShvM.GqeBS7lhA2', NULL, NULL, NULL, NULL, NULL, NULL, NULL, NULL, NULL, NULL, NULL, NULL, NULL, '2024-12-12 23:13:20', '2024-12-12 23:13:20'),
(176, 'Durward Bayer III', 'myrtis.lubowitz@example.net', NULL, '$2y$12$4tRQ5BYmW7Ey6T5fyDWqtuokZyx.qbkU.ZaMDy3.L1L2zaXrOMuhC', NULL, NULL, NULL, NULL, NULL, NULL, NULL, NULL, NULL, NULL, NULL, NULL, NULL, '2024-12-12 23:13:20', '2024-12-12 23:13:20'),
(177, 'Kaylah Rohan', 'vtoy@example.com', NULL, '$2y$12$Bp90w3ua4pL1iUOiV5lzD.17/u1v2IqiLQYQErAZAMbLys39sFsrO', NULL, NULL, NULL, NULL, NULL, NULL, NULL, NULL, NULL, NULL, NULL, NULL, NULL, '2024-12-12 23:13:21', '2024-12-12 23:13:21'),
(178, 'Dr. Kayleigh Ferry V', 'schulist.london@example.com', NULL, '$2y$12$W7k5QhVDeFXLTH4z3IP1weUfv0aLhuS4Q42hLpB88PTxiFpOO3XPe', NULL, NULL, NULL, NULL, NULL, NULL, NULL, NULL, NULL, NULL, NULL, NULL, NULL, '2024-12-12 23:13:21', '2024-12-12 23:13:21'),
(179, 'Prof. Alvis Zboncak DDS', 'roslyn29@example.net', NULL, '$2y$12$Se8ZnSJTTdWcnlu/wb.K6.Z/68fVU9SZrTExSZcVEQghlSKGa6Mc.', NULL, NULL, NULL, NULL, NULL, NULL, NULL, NULL, NULL, NULL, NULL, NULL, NULL, '2024-12-12 23:13:21', '2024-12-12 23:13:21'),
(180, 'Nayeli Stark', 'gaylord.darrick@example.com', NULL, '$2y$12$FX2MUJ7TDAPiOS1wttjyw.KjjNrbq1ffdpfRnEqSaRPYYHVk7iNSi', NULL, NULL, NULL, NULL, NULL, NULL, NULL, NULL, NULL, NULL, NULL, NULL, NULL, '2024-12-12 23:13:21', '2024-12-12 23:13:21'),
(181, 'Grover Koepp', 'anderson.kerluke@example.com', NULL, '$2y$12$zGlI7rhpG0RJbpcpKFj3G.NHbVyEN/sbmw/Zt03LxarngNZOhWOi.', NULL, NULL, NULL, NULL, NULL, NULL, NULL, NULL, NULL, NULL, NULL, NULL, NULL, '2024-12-12 23:13:22', '2024-12-12 23:13:22'),
(182, 'Josiane Nicolas', 'alycia08@example.net', NULL, '$2y$12$HnPL0alD8sDD1e14sLBFWeP9nj4RG.jang9zt6iKvWvRuHxclFYYa', NULL, NULL, NULL, NULL, NULL, NULL, NULL, NULL, NULL, NULL, NULL, NULL, NULL, '2024-12-12 23:13:22', '2024-12-12 23:13:22'),
(183, 'Nadia Hahn IV', 'boehm.bonita@example.org', NULL, '$2y$12$UPYUx3jPagvfCtrxvN4qvOiqvX1kP0wCwJ41tBms9h6dan086pUyK', NULL, NULL, NULL, NULL, NULL, NULL, NULL, NULL, NULL, NULL, NULL, NULL, NULL, '2024-12-12 23:13:22', '2024-12-12 23:13:22'),
(184, 'Harmon Krajcik', 'tamia51@example.org', NULL, '$2y$12$/7GAl8slGwSk9PIlb8d.duwccj7iVGb9AnFS9zOU7pi7pqxOChsQu', NULL, NULL, NULL, NULL, NULL, NULL, NULL, NULL, NULL, NULL, NULL, NULL, NULL, '2024-12-12 23:13:22', '2024-12-12 23:13:22'),
(185, 'Patrick Swift', 'yjerde@example.org', NULL, '$2y$12$d3pQjPNC6DYVrEFWcH.5E.qSW9yZS2cLN7CtptRd8Ot/OkqC94HYW', NULL, NULL, NULL, NULL, NULL, NULL, NULL, NULL, NULL, NULL, NULL, NULL, NULL, '2024-12-12 23:13:22', '2024-12-12 23:13:22'),
(186, 'Christine Balistreri', 'karelle.koelpin@example.com', NULL, '$2y$12$sC1sfMNgdyL7E7Jm4OWF6uOG.dXhEzRjg0a/f/Qdp6o8Higb5tHT2', NULL, NULL, NULL, NULL, NULL, NULL, NULL, NULL, NULL, NULL, NULL, NULL, NULL, '2024-12-12 23:13:23', '2024-12-12 23:13:23'),
(187, 'Oran Altenwerth', 'kaylin.wehner@example.com', NULL, '$2y$12$JxKAGopakAQBfSB3M8TAhOVD7j4jd/8MemTwaj5YDDxP8ec6V53N2', NULL, NULL, NULL, NULL, NULL, NULL, NULL, NULL, NULL, NULL, NULL, NULL, NULL, '2024-12-12 23:13:23', '2024-12-12 23:13:23'),
(188, 'Tre Deckow', 'dina.monahan@example.org', NULL, '$2y$12$LhjcioDso67cMzqerEg4.efyxcoV.GZC9HBSIW6MIA0fFuqbK4JuW', NULL, NULL, NULL, NULL, NULL, NULL, NULL, NULL, NULL, NULL, NULL, NULL, NULL, '2024-12-12 23:13:23', '2024-12-12 23:13:23'),
(189, 'Dr. Buford Wolf', 'ray26@example.net', NULL, '$2y$12$K33aOIx06gQfFLTRM1OBv...PHsUXw4N.P07zxeIO/qlRQCYstjiC', NULL, NULL, NULL, NULL, NULL, NULL, NULL, NULL, NULL, NULL, NULL, NULL, NULL, '2024-12-12 23:13:23', '2024-12-12 23:13:23'),
(190, 'Isai Ryan III', 'adriana82@example.org', NULL, '$2y$12$Zq9YJnm9iu5gmYpTrCCUT.qVs2OwU0ZmePjPW7lrRhYB5i2B4r3ia', NULL, NULL, NULL, NULL, NULL, NULL, NULL, NULL, NULL, NULL, NULL, NULL, NULL, '2024-12-12 23:13:23', '2024-12-12 23:13:23'),
(191, 'Prof. Merl Donnelly V', 'carlie.cummings@example.org', NULL, '$2y$12$lW.ar.ekfRDZRrnug.T/4OTtrNPQY/rpkBJLO0D5eBszTLEHFK8SC', NULL, NULL, NULL, NULL, NULL, NULL, NULL, NULL, NULL, NULL, NULL, NULL, NULL, '2024-12-12 23:13:24', '2024-12-12 23:13:24'),
(192, 'Nikko Schimmel', 'xkerluke@example.com', NULL, '$2y$12$.a8Udung53v7gmVfjM2DHe1wymXJuOoudyP9yw8KVP2ik7vUQrSWu', NULL, NULL, NULL, NULL, NULL, NULL, NULL, NULL, NULL, NULL, NULL, NULL, NULL, '2024-12-12 23:13:24', '2024-12-12 23:13:24'),
(193, 'Madilyn Crist PhD', 'mckayla.medhurst@example.org', NULL, '$2y$12$MzuJkbG2iIcpkT9asAp0x.yboiVjBJEUM6Z/cm1ocOG/jJu6zQwH2', NULL, NULL, NULL, NULL, NULL, NULL, NULL, NULL, NULL, NULL, NULL, NULL, NULL, '2024-12-12 23:13:24', '2024-12-12 23:13:24'),
(194, 'Dr. Kade White PhD', 'ustreich@example.org', NULL, '$2y$12$zGj33WwFclb0.meoNInuvOuI4tCv78hu1avflhLG51SNXkPqowv2m', NULL, NULL, NULL, NULL, NULL, NULL, NULL, NULL, NULL, NULL, NULL, NULL, NULL, '2024-12-12 23:13:24', '2024-12-12 23:13:24'),
(195, 'Dr. Edwin Connelly Sr.', 'wborer@example.org', NULL, '$2y$12$e/IrsygLQ.TsZ/3QS3L2xuSVRJ4hduEjpZK4cFSccyW2Nf6/tZr4i', NULL, NULL, NULL, NULL, NULL, NULL, NULL, NULL, NULL, NULL, NULL, NULL, NULL, '2024-12-12 23:13:25', '2024-12-12 23:13:25'),
(196, 'Jennyfer Welch IV', 'lilian66@example.com', NULL, '$2y$12$BzZQ3AtIE8ThXu8dm8kEbOvVQd/9lu2qKc0oKlPW7HdOKrHXeOi12', NULL, NULL, NULL, NULL, NULL, NULL, NULL, NULL, NULL, NULL, NULL, NULL, NULL, '2024-12-12 23:13:25', '2024-12-12 23:13:25'),
(197, 'Wilbert Purdy', 'ondricka.jan@example.org', NULL, '$2y$12$TxtUHlo4PjxLlecnl9//UeM7jm52MH8WtWB10oDlVkbMhgXLudaFC', NULL, NULL, NULL, NULL, NULL, NULL, NULL, NULL, NULL, NULL, NULL, NULL, NULL, '2024-12-12 23:13:25', '2024-12-12 23:13:25'),
(198, 'Mrs. Talia Torphy', 'hdaniel@example.com', NULL, '$2y$12$2lNdT0Wh8RdffciUtdcyl.bs0llyRjcte7p8WJOrqUa5FeP2IU/om', NULL, NULL, NULL, NULL, NULL, NULL, NULL, NULL, NULL, NULL, NULL, NULL, NULL, '2024-12-12 23:13:25', '2024-12-12 23:13:25'),
(199, 'Lionel Rohan', 'dahlia18@example.net', NULL, '$2y$12$13C/5OH0VdP6FE8oR0rT.etk6WeW8JcVXPUmuByPxaoAXBL9iaBBu', NULL, NULL, NULL, NULL, NULL, NULL, NULL, NULL, NULL, NULL, NULL, NULL, NULL, '2024-12-12 23:13:25', '2024-12-12 23:13:25'),
(200, 'Hipolito Stroman', 'ruthe50@example.com', NULL, '$2y$12$WbEIuD9CMiT1TZRQOvg3..czSWK2i8cWEbvjgJ2fg3czKytUqmyDW', NULL, NULL, NULL, NULL, NULL, NULL, NULL, NULL, NULL, NULL, NULL, NULL, NULL, '2024-12-12 23:13:26', '2024-12-12 23:13:26'),
(201, 'Mr. Watson Romaguera MD', 'mfeeney@example.org', NULL, '$2y$12$biFRgcAtXk0KNpgkfVG23Optviy.OfcsG3BQYU0KrxUpOOFlsV53m', NULL, NULL, NULL, NULL, NULL, NULL, NULL, NULL, NULL, NULL, NULL, NULL, NULL, '2024-12-12 23:13:26', '2024-12-12 23:13:26'),
(202, 'Kameron Konopelski', 'syble.metz@example.net', NULL, '$2y$12$LhgqDl.iHywOZudErXGr1eiSqoeKuW2t6K17b3eqI0tv8XqoBqTw2', NULL, NULL, NULL, NULL, NULL, NULL, NULL, NULL, NULL, NULL, NULL, NULL, NULL, '2024-12-12 23:13:26', '2024-12-12 23:13:26'),
(203, 'Prof. Tod Stamm PhD', 'mckenzie39@example.net', NULL, '$2y$12$uJZ77u9TxvDX778o7wfY.OQqyPPA5E99bMbYFPbIQT3Ne2Y2yRaXS', NULL, NULL, NULL, NULL, NULL, NULL, NULL, NULL, NULL, NULL, NULL, NULL, NULL, '2024-12-12 23:13:26', '2024-12-12 23:13:26');
INSERT INTO `users` (`id`, `name`, `email`, `email_verified_at`, `password`, `two_factor_secret`, `two_factor_recovery_codes`, `two_factor_confirmed_at`, `date_of_birth`, `phone_number`, `address`, `city`, `state`, `zip_code`, `remember_token`, `current_team_id`, `profile_photo_path`, `deleted_at`, `created_at`, `updated_at`) VALUES
(204, 'Mrs. Kenyatta Fahey', 'devante96@example.org', NULL, '$2y$12$ktel3oN8HbpV4iCb.h2C6.fPmChgKusTkwcBU4A1z1pCJZ6PJT2EK', NULL, NULL, NULL, NULL, NULL, NULL, NULL, NULL, NULL, NULL, NULL, NULL, NULL, '2024-12-12 23:13:27', '2024-12-12 23:13:27'),
(205, 'Sienna Collier', 'fritsch.cheyanne@example.net', NULL, '$2y$12$sWJR183gB0eLqiMR75uHyOIAMgbEepegeRLvNkIY/M1Y.pOF8XNwO', NULL, NULL, NULL, NULL, NULL, NULL, NULL, NULL, NULL, NULL, NULL, NULL, NULL, '2024-12-12 23:13:27', '2024-12-12 23:13:27'),
(206, 'Duane Daniel', 'pablo54@example.net', NULL, '$2y$12$M.O2HB2rY.ylEIVa61r.F.iEKVZY/Xw8ESLvubJbgY6TbFChep2Cy', NULL, NULL, NULL, NULL, NULL, NULL, NULL, NULL, NULL, NULL, NULL, NULL, NULL, '2024-12-12 23:13:27', '2024-12-12 23:13:27'),
(207, 'Miss Twila Marquardt V', 'gilda.lind@example.net', NULL, '$2y$12$SlC7k77azUJtJKtA6sHB6ufzoVTSJeQ8TBpXJYMyNrnrhwlEf.nXC', NULL, NULL, NULL, NULL, NULL, NULL, NULL, NULL, NULL, NULL, NULL, NULL, NULL, '2024-12-12 23:13:27', '2024-12-12 23:13:27'),
(208, 'Osvaldo Turner', 'santino.sporer@example.com', NULL, '$2y$12$JmB07.zjzSydWA/VhuvhludKvGJR5SXCp65FcmqnHlALiXG4B.the', NULL, NULL, NULL, NULL, NULL, NULL, NULL, NULL, NULL, NULL, NULL, NULL, NULL, '2024-12-12 23:13:27', '2024-12-12 23:13:27'),
(209, 'Ms. Brandi Maggio IV', 'ebba.mccullough@example.com', NULL, '$2y$12$GS1fYrepWP0W037qmgghYe8njd6o.S4O2l1TjkHgeeK.KQaRhFQA6', NULL, NULL, NULL, NULL, NULL, NULL, NULL, NULL, NULL, NULL, NULL, NULL, NULL, '2024-12-12 23:13:28', '2024-12-12 23:13:28'),
(210, 'Olga Blanda', 'morissette.zetta@example.com', NULL, '$2y$12$bIsx4g0DuuXD39RqyHM2q.zwYk7LX/4qe5eakg4WuQnRxtDk.Qb8q', NULL, NULL, NULL, NULL, NULL, NULL, NULL, NULL, NULL, NULL, NULL, NULL, NULL, '2024-12-12 23:13:28', '2024-12-12 23:13:28'),
(211, 'Prof. Felipe Feeney Jr.', 'isaias34@example.org', NULL, '$2y$12$FSVk8xQnK0dEB/Z22x2hbux8KZqUIGRU5QKFlkWpgHE1wHSO6I8oK', NULL, NULL, NULL, NULL, NULL, NULL, NULL, NULL, NULL, NULL, NULL, NULL, NULL, '2024-12-12 23:13:28', '2024-12-12 23:13:28'),
(212, 'Krystal Predovic', 'braun.deborah@example.com', NULL, '$2y$12$lgv/qB6hen2tMntyClhYJ.lEuOHpKTDKGbXOB297u5LUaSft6NpKa', NULL, NULL, NULL, NULL, NULL, NULL, NULL, NULL, NULL, NULL, NULL, NULL, NULL, '2024-12-12 23:13:28', '2024-12-12 23:13:28'),
(213, 'Dr. Ed Conroy DVM', 'marvin.bartell@example.net', NULL, '$2y$12$vhJ4PI06miBui8mlAXvFLuQU5XIv8G6.e9908IlfpOVuWKJrJKhRm', NULL, NULL, NULL, NULL, NULL, NULL, NULL, NULL, NULL, NULL, NULL, NULL, NULL, '2024-12-12 23:13:28', '2024-12-12 23:13:28'),
(214, 'Elnora Weber', 'brekke.ross@example.org', NULL, '$2y$12$C29coW0gTbgmda5J6a6UKuMW114rtEYDcg/HMov/O8xIra4pqEpUu', NULL, NULL, NULL, NULL, NULL, NULL, NULL, NULL, NULL, NULL, NULL, NULL, NULL, '2024-12-12 23:13:29', '2024-12-12 23:13:29'),
(215, 'Emmet Vandervort', 'rdonnelly@example.org', NULL, '$2y$12$Nrn5wzJpyFOivEUTrOoBTe8GqaABeiOu8.fIs/jfJOUJMMjVIxVRK', NULL, NULL, NULL, NULL, NULL, NULL, NULL, NULL, NULL, NULL, NULL, NULL, NULL, '2024-12-12 23:13:29', '2024-12-12 23:13:29'),
(216, 'Izaiah Weimann', 'msawayn@example.net', NULL, '$2y$12$nFwdcrIZ5DCzF/nc9TsB.ugvLcru1GuREy/7/BPglAZFV0OBI1PPy', NULL, NULL, NULL, NULL, NULL, NULL, NULL, NULL, NULL, NULL, NULL, NULL, NULL, '2024-12-12 23:13:29', '2024-12-12 23:13:29'),
(217, 'Savanah Walker', 'dariana.west@example.com', NULL, '$2y$12$dFOemhP5vZGQDYF4YpTAtuJ.R0DNgzSWC31f8jCPEXYTomZ5mI4bS', NULL, NULL, NULL, NULL, NULL, NULL, NULL, NULL, NULL, NULL, NULL, NULL, NULL, '2024-12-12 23:13:29', '2024-12-12 23:13:29'),
(218, 'Joanne Predovic', 'earl.schneider@example.net', NULL, '$2y$12$3NzvlDnZrf4SZ9rvhvouIebS/IjHvFQcHHryWqerj8Giuda1W/Bw6', NULL, NULL, NULL, NULL, NULL, NULL, NULL, NULL, NULL, NULL, NULL, NULL, NULL, '2024-12-12 23:13:30', '2024-12-12 23:13:30'),
(219, 'Dr. Cristina Cole III', 'gkling@example.com', NULL, '$2y$12$8rX1KxVLWhx30mFNE9uckODl78ze0LUU6OxLeZUPGil5KwTpin1z.', NULL, NULL, NULL, NULL, NULL, NULL, NULL, NULL, NULL, NULL, NULL, NULL, NULL, '2024-12-12 23:13:30', '2024-12-12 23:13:30'),
(220, 'Rex Bayer', 'graham.jerry@example.net', NULL, '$2y$12$uc3WXg3J25/XHQIrPfoPOOIAHcFIknqAs60SFeVqXB3vNqREvOHga', NULL, NULL, NULL, NULL, NULL, NULL, NULL, NULL, NULL, NULL, NULL, NULL, NULL, '2024-12-12 23:13:30', '2024-12-12 23:13:30'),
(221, 'Glenda Marquardt DVM', 'cdooley@example.net', NULL, '$2y$12$sf6wvHhVzGJPiuVJFJ7kfuXbuQjg3TRncxz77AR12AI8AnqpmUgzu', NULL, NULL, NULL, NULL, NULL, NULL, NULL, NULL, NULL, NULL, NULL, NULL, NULL, '2024-12-12 23:13:30', '2024-12-12 23:13:30'),
(222, 'Prof. Yadira Feil PhD', 'mina.krajcik@example.org', NULL, '$2y$12$Otynf7dkJFF8TAph98DI8.D0JnVlWc7GcKwUsjcEQJTRVdDs9FUTu', NULL, NULL, NULL, NULL, NULL, NULL, NULL, NULL, NULL, NULL, NULL, NULL, NULL, '2024-12-12 23:13:31', '2024-12-12 23:13:31'),
(223, 'Dan Spencer', 'dina.rosenbaum@example.net', NULL, '$2y$12$xwShmwnCSzCdKycYSnWlG.zywbF6HeVuUzaYAb/YW1LDvaE6xnTB6', NULL, NULL, NULL, NULL, NULL, NULL, NULL, NULL, NULL, NULL, NULL, NULL, NULL, '2024-12-12 23:13:31', '2024-12-12 23:13:31'),
(224, 'Prof. Ben Hackett PhD', 'marianne96@example.org', NULL, '$2y$12$qqq9OUILPdZT4nJ2Tp1Lf.2QDZDIqJvA4k432B/hw7.BOC8ihuOIa', NULL, NULL, NULL, NULL, NULL, NULL, NULL, NULL, NULL, NULL, NULL, NULL, NULL, '2024-12-12 23:13:31', '2024-12-12 23:13:31'),
(225, 'Lea Hickle', 'marlene47@example.net', NULL, '$2y$12$Tus9NmDkqAKeLAPBOzKNTe4mtiV.ocpvEG2Zr5z9K4Fwy8cYRyVBm', NULL, NULL, NULL, NULL, NULL, NULL, NULL, NULL, NULL, NULL, NULL, NULL, NULL, '2024-12-12 23:13:32', '2024-12-12 23:13:32'),
(226, 'Travis Jacobson', 'aoberbrunner@example.org', NULL, '$2y$12$HbSl6vdPfFdWWPYruJObzu4cNPuRvmvrWmvVnHIVRXTmwVG1VaTfG', NULL, NULL, NULL, NULL, NULL, NULL, NULL, NULL, NULL, NULL, NULL, NULL, NULL, '2024-12-12 23:13:32', '2024-12-12 23:13:32'),
(227, 'Prof. Tyrell Schmitt III', 'raphaelle41@example.net', NULL, '$2y$12$WDYCSZ9OWQ4hqk4b1xVsgO5Obl./2FvJgk/pDwH/mn7ndbRhFxGZu', NULL, NULL, NULL, NULL, NULL, NULL, NULL, NULL, NULL, NULL, NULL, NULL, NULL, '2024-12-12 23:13:32', '2024-12-12 23:13:32'),
(228, 'Stephan Carroll', 'trenton.cruickshank@example.net', NULL, '$2y$12$vPgECG14vkMatsQ0iLol4ebh.ycr9WYAFgdy1l3C.sItJJQz1MTlW', NULL, NULL, NULL, NULL, NULL, NULL, NULL, NULL, NULL, NULL, NULL, NULL, NULL, '2024-12-12 23:13:32', '2024-12-12 23:13:32'),
(229, 'Evalyn Volkman', 'spencer.athena@example.org', NULL, '$2y$12$WytNNNp475q7Sp7Q/tWUGuVHh1jPiRoChTmd380L1UbZNfl72e2JK', NULL, NULL, NULL, NULL, NULL, NULL, NULL, NULL, NULL, NULL, NULL, NULL, NULL, '2024-12-12 23:13:33', '2024-12-12 23:13:33'),
(230, 'Catharine Tromp III', 'vdenesik@example.com', NULL, '$2y$12$u9EiS/WoQYwCTn4szbQVF.EAXREqLA3gcwsWUajgIVR0GtVcLlGZe', NULL, NULL, NULL, NULL, NULL, NULL, NULL, NULL, NULL, NULL, NULL, NULL, NULL, '2024-12-12 23:13:33', '2024-12-12 23:13:33'),
(231, 'Gillian Wyman DDS', 'abartoletti@example.net', NULL, '$2y$12$SZxJfyUnpDIXwS9CRvcWdOPzQiGiylXysUs15Dit1GvBoXjV0lsTW', NULL, NULL, NULL, NULL, NULL, NULL, NULL, NULL, NULL, NULL, NULL, NULL, NULL, '2024-12-12 23:13:33', '2024-12-12 23:13:33'),
(232, 'Prof. Laverne Keebler', 'providenci.glover@example.org', NULL, '$2y$12$ohmg6Z7wx0jVaRmBcEE/ced6KRoPOBx00mosyGHX4vPmcZbLhbzlS', NULL, NULL, NULL, NULL, NULL, NULL, NULL, NULL, NULL, NULL, NULL, NULL, NULL, '2024-12-12 23:13:33', '2024-12-12 23:13:33'),
(233, 'Else Boehm', 'carroll.jeanie@example.org', NULL, '$2y$12$GydfayuZDwpoIyaG5QDWmutVtdyydebkjfWlGTp4QKd..a2reOmz.', NULL, NULL, NULL, NULL, NULL, NULL, NULL, NULL, NULL, NULL, NULL, NULL, NULL, '2024-12-12 23:13:34', '2024-12-12 23:13:34'),
(234, 'Jaylin Hessel', 'kohler.arlene@example.com', NULL, '$2y$12$6sQi7GknGfn4kSJVPiEACustvsCi5oyF2qBCbRM5KYfBNiTBTfsna', NULL, NULL, NULL, NULL, NULL, NULL, NULL, NULL, NULL, NULL, NULL, NULL, NULL, '2024-12-12 23:13:34', '2024-12-12 23:13:34'),
(235, 'Keira Grimes', 'sterling05@example.com', NULL, '$2y$12$WY0I2K1wtE6LY3wblU/V1.lot91LEJUQnYX3AseJItLZmJJzOmLdG', NULL, NULL, NULL, NULL, NULL, NULL, NULL, NULL, NULL, NULL, NULL, NULL, NULL, '2024-12-12 23:13:34', '2024-12-12 23:13:34'),
(236, 'Jessy Kautzer', 'vada.ratke@example.org', NULL, '$2y$12$wQ.GvfBOrwlKIQOpz4rFNufRY/m4dkNVn24ItojQkY63dxoOAdT4O', NULL, NULL, NULL, NULL, NULL, NULL, NULL, NULL, NULL, NULL, NULL, NULL, NULL, '2024-12-12 23:13:35', '2024-12-12 23:13:35'),
(237, 'Laury Anderson', 'evalyn.king@example.net', NULL, '$2y$12$J7oTdt0dXY3RROpf3e944uUgXGRJsxqucKgS2KzPUWy7quE2KPp6a', NULL, NULL, NULL, NULL, NULL, NULL, NULL, NULL, NULL, NULL, NULL, NULL, NULL, '2024-12-12 23:13:35', '2024-12-12 23:13:35'),
(238, 'Ward Wolff Jr.', 'jeanette04@example.com', NULL, '$2y$12$jOoUwTZOnB0BVo9c1Wd5FeWfzRq3Mh9iVL3IV0A3ew1BoTG5qBAyW', NULL, NULL, NULL, NULL, NULL, NULL, NULL, NULL, NULL, NULL, NULL, NULL, NULL, '2024-12-12 23:13:35', '2024-12-12 23:13:35'),
(239, 'Prof. Emmie Casper MD', 'dhammes@example.com', NULL, '$2y$12$Nnpjx.qgzi8Slu3x1FEWwuhfTyp7H/E8bFiBIOszasWYsf0iYNVpm', NULL, NULL, NULL, NULL, NULL, NULL, NULL, NULL, NULL, NULL, NULL, NULL, NULL, '2024-12-12 23:13:36', '2024-12-12 23:13:36'),
(240, 'Jarvis Schinner', 'hassie.ernser@example.net', NULL, '$2y$12$sX8T9h0FvAL1ExbPlWlnX.vKDvzba/D4H3NdFrKWr7EXlxxjrQgN6', NULL, NULL, NULL, NULL, NULL, NULL, NULL, NULL, NULL, NULL, NULL, NULL, NULL, '2024-12-12 23:13:36', '2024-12-12 23:13:36'),
(241, 'Jamel Cole', 'rempel.skyla@example.net', NULL, '$2y$12$5TJ8ahGPtwzdaxikkELlMu3dYEwmEAGrPGHDZFa5.sqHBX8imyqLK', NULL, NULL, NULL, NULL, NULL, NULL, NULL, NULL, NULL, NULL, NULL, NULL, NULL, '2024-12-12 23:13:37', '2024-12-12 23:13:37'),
(242, 'Dr. Winona Smith II', 'van.kertzmann@example.org', NULL, '$2y$12$jRRmAGQvnMSFyp3YEbxsw.XrrND9FWkziXfSbNm.C30aZJve5aiU6', NULL, NULL, NULL, NULL, NULL, NULL, NULL, NULL, NULL, NULL, NULL, NULL, NULL, '2024-12-12 23:13:37', '2024-12-12 23:13:37'),
(243, 'Ettie Gislason', 'sammie85@example.org', NULL, '$2y$12$DvhZZflNGrKB0K.NIfuxIO/Weqv1pFdWk2EwxzPlfDIUO5DJ8QbXG', NULL, NULL, NULL, NULL, NULL, NULL, NULL, NULL, NULL, NULL, NULL, NULL, NULL, '2024-12-12 23:13:37', '2024-12-12 23:13:37'),
(244, 'Ali Sanford', 'schmitt.madyson@example.net', NULL, '$2y$12$YysIFH90yNPqUi42ojBk5uhZjd2PI4utiK.m/5DhN07ZsXnQYrGA.', NULL, NULL, NULL, NULL, NULL, NULL, NULL, NULL, NULL, NULL, NULL, NULL, NULL, '2024-12-12 23:13:38', '2024-12-12 23:13:38'),
(245, 'May Weissnat Jr.', 'krystina64@example.com', NULL, '$2y$12$ASZuzKvGHOuEzSV4QLQh/.PPlZDfbVeGmCK9o/7PT4UvLO7s58bpu', NULL, NULL, NULL, NULL, NULL, NULL, NULL, NULL, NULL, NULL, NULL, NULL, NULL, '2024-12-12 23:13:38', '2024-12-12 23:13:38'),
(246, 'Mrs. Kathryn Rogahn Sr.', 'douglas.jordan@example.org', NULL, '$2y$12$OiaXk4jvwUvhcYVMjEKn7.ur5Q2Mac.q6j/j7GpoNGSyiOsq4bbWO', NULL, NULL, NULL, NULL, NULL, NULL, NULL, NULL, NULL, NULL, NULL, NULL, NULL, '2024-12-12 23:13:38', '2024-12-12 23:13:38'),
(247, 'Sammy Friesen', 'dbergstrom@example.org', NULL, '$2y$12$4P3RMPyzSisVsQ84a1d9P.zUu26pT7Hnf4jOWEF6MQCpQjom8TC6G', NULL, NULL, NULL, NULL, NULL, NULL, NULL, NULL, NULL, NULL, NULL, NULL, NULL, '2024-12-12 23:13:39', '2024-12-12 23:13:39'),
(248, 'Urban Bergstrom', 'lisa46@example.com', NULL, '$2y$12$MC30fkwpbwmI0CwSsNM3hOjaJlu9G9fuJYUSGIN8Dtd5df.6LcAGu', NULL, NULL, NULL, NULL, NULL, NULL, NULL, NULL, NULL, NULL, NULL, NULL, NULL, '2024-12-12 23:13:39', '2024-12-12 23:13:39'),
(249, 'Mrs. Keely Little DVM', 'amie.roob@example.com', NULL, '$2y$12$sZGtqXvPt6VGhZCJZMbqvOyoh00IN4WUB31.vq/izRHoTyj9ksNzW', NULL, NULL, NULL, NULL, NULL, NULL, NULL, NULL, NULL, NULL, NULL, NULL, NULL, '2024-12-12 23:13:40', '2024-12-12 23:13:40'),
(250, 'Mylene Mante', 'keegan.sipes@example.com', NULL, '$2y$12$fISSeGhRLYF5dvdCrP4cy.LDxJ5MUDkBP26yJv4tyXyMVo0cLJfui', NULL, NULL, NULL, NULL, NULL, NULL, NULL, NULL, NULL, NULL, NULL, NULL, NULL, '2024-12-12 23:13:40', '2024-12-12 23:13:40'),
(251, 'Brook Eichmann DDS', 'vern.corkery@example.net', NULL, '$2y$12$ecaYv.1smKGElQXdxfxnVecetQ8Go7ZtIh4X2SHfBiP7Qunnf5tQm', NULL, NULL, NULL, NULL, NULL, NULL, NULL, NULL, NULL, NULL, NULL, NULL, NULL, '2024-12-12 23:13:40', '2024-12-12 23:13:40'),
(252, 'Sam Pollich', 'ernser.keanu@example.net', NULL, '$2y$12$gWYoPAl4f59jl2xdDGRZsekd0M8b5ut96AuWnUeF4zXAQ6gOUgpBy', NULL, NULL, NULL, NULL, NULL, NULL, NULL, NULL, NULL, NULL, NULL, NULL, NULL, '2024-12-12 23:13:41', '2024-12-12 23:13:41'),
(253, 'Mrs. Meda Ferry', 'felton86@example.net', NULL, '$2y$12$Us0Iju9jG2qbePX9zYp3l.jwnTgF5LT5o7Ddt9gOVP6CjF5OVhMmm', NULL, NULL, NULL, NULL, NULL, NULL, NULL, NULL, NULL, NULL, NULL, NULL, NULL, '2024-12-12 23:13:41', '2024-12-12 23:13:41'),
(254, 'Nora Hand', 'kenyon.pacocha@example.com', NULL, '$2y$12$4cVIqMFL.XrC2U35P01Uy.01jnsl8RzaNlc2ab7x5iBmstYkig9Xq', NULL, NULL, NULL, NULL, NULL, NULL, NULL, NULL, NULL, NULL, NULL, NULL, NULL, '2024-12-12 23:13:42', '2024-12-12 23:13:42'),
(255, 'Dr. Daisha Hagenes V', 'roxanne96@example.com', NULL, '$2y$12$xR5suHBi7veRdUlTuf/XT.Zu5kCLLxA6mvGNqh.6xTuzU/Gn3l6ku', NULL, NULL, NULL, NULL, NULL, NULL, NULL, NULL, NULL, NULL, NULL, NULL, NULL, '2024-12-12 23:13:42', '2024-12-12 23:13:42'),
(256, 'Arnoldo Predovic', 'heath.streich@example.net', NULL, '$2y$12$d7OAQG93qYMeaJY0Vtv1bekqgmzs/ISzv1OgAfOZjQVUhNM0cTWaq', NULL, NULL, NULL, NULL, NULL, NULL, NULL, NULL, NULL, NULL, NULL, NULL, NULL, '2024-12-12 23:13:42', '2024-12-12 23:13:42'),
(257, 'Mark Kshlerin', 'rodriguez.valerie@example.org', NULL, '$2y$12$zm0kPEtw.ItBLaMp4xFRiukf5yQEi.ypRgdf7E3iAs3dqyFeMzo8i', NULL, NULL, NULL, NULL, NULL, NULL, NULL, NULL, NULL, NULL, NULL, NULL, NULL, '2024-12-12 23:13:43', '2024-12-12 23:13:43'),
(258, 'Johnpaul Feil', 'aliza.turner@example.com', NULL, '$2y$12$ar0WAu.2g978pm/G1K.8tOiDVrebZRUQlDO6Dovy5gGmHcYQufoyK', NULL, NULL, NULL, NULL, NULL, NULL, NULL, NULL, NULL, NULL, NULL, NULL, NULL, '2024-12-12 23:13:43', '2024-12-12 23:13:43'),
(259, 'Marlee Haag', 'henriette43@example.org', NULL, '$2y$12$wyUegFPazAxqzhcR7HuyPubqv3byPWyAOjeL4Vefb6m9t4V4csLs6', NULL, NULL, NULL, NULL, NULL, NULL, NULL, NULL, NULL, NULL, NULL, NULL, NULL, '2024-12-12 23:13:44', '2024-12-12 23:13:44'),
(260, 'Ms. Damaris Donnelly MD', 'ericka.walker@example.org', NULL, '$2y$12$pMLVB6jKponiv.MISg7uLeFvcthTZDQkKOjZjLi.bMN6tkdvcgMKG', NULL, NULL, NULL, NULL, NULL, NULL, NULL, NULL, NULL, NULL, NULL, NULL, NULL, '2024-12-12 23:13:44', '2024-12-12 23:13:44'),
(261, 'Jessy Romaguera II', 'mborer@example.org', NULL, '$2y$12$yzHY03wFTL6rc7pq1I0So.Vs9da5o7/4sRv.ubDhb56TYJYtP5Mqe', NULL, NULL, NULL, NULL, NULL, NULL, NULL, NULL, NULL, NULL, NULL, NULL, NULL, '2024-12-12 23:13:45', '2024-12-12 23:13:45'),
(262, 'Alden Considine', 'karen47@example.com', NULL, '$2y$12$hz0Jl/U1FmlsbOsiVyFuLuSw2SJPgmAPl0NB4yT7bYuO8ERav8tqm', NULL, NULL, NULL, NULL, NULL, NULL, NULL, NULL, NULL, NULL, NULL, NULL, NULL, '2024-12-12 23:13:45', '2024-12-12 23:13:45'),
(263, 'Marina Feest MD', 'ghilpert@example.org', NULL, '$2y$12$Ud7Xj23Flp1ZY5WNz/RGs.O1L9TwGcGosNdwgP1s7pNMhqYE3m1RS', NULL, NULL, NULL, NULL, NULL, NULL, NULL, NULL, NULL, NULL, NULL, NULL, NULL, '2024-12-12 23:13:45', '2024-12-12 23:13:45'),
(264, 'Joy Upton', 'effie.jacobs@example.net', NULL, '$2y$12$uFfiQ88KHthiYmQ9Gdn4q.smBkTKHnePjOYKykGPMu5caB1EBsQWO', NULL, NULL, NULL, NULL, NULL, NULL, NULL, NULL, NULL, NULL, NULL, NULL, NULL, '2024-12-12 23:13:46', '2024-12-12 23:13:46'),
(265, 'Myra Terry', 'yrohan@example.com', NULL, '$2y$12$I9.3rbR7zCmQrbRl7jm3ge3d9JmnqP4yneFbVf4nAl7q97kRnRM8m', NULL, NULL, NULL, NULL, NULL, NULL, NULL, NULL, NULL, NULL, NULL, NULL, NULL, '2024-12-12 23:13:46', '2024-12-12 23:13:46'),
(266, 'Gregg Cruickshank', 'gerlach.wanda@example.net', NULL, '$2y$12$Fyk6xRzMgeGc5BAuSXJfH.EblO2H9.c5Mdddp3/eB/UVrlV3u7c3q', NULL, NULL, NULL, NULL, NULL, NULL, NULL, NULL, NULL, NULL, NULL, NULL, NULL, '2024-12-12 23:13:47', '2024-12-12 23:13:47'),
(267, 'Miss Lillian Will IV', 'rae05@example.org', NULL, '$2y$12$JRcwIaEkxX.j/MTaxjqf4u6U/jCHx3eMFCXY0rMhr9MtVMk3IVU2W', NULL, NULL, NULL, NULL, NULL, NULL, NULL, NULL, NULL, NULL, NULL, NULL, NULL, '2024-12-12 23:13:47', '2024-12-12 23:13:47'),
(268, 'Mr. Moshe Effertz', 'agustin.dubuque@example.org', NULL, '$2y$12$XOC7cnWPcfL6wzWx5z52PuxOj7fo.yN3hA9Kvby67832/EoRr00VG', NULL, NULL, NULL, NULL, NULL, NULL, NULL, NULL, NULL, NULL, NULL, NULL, NULL, '2024-12-12 23:13:47', '2024-12-12 23:13:47'),
(269, 'Zena Torphy', 'darien43@example.com', NULL, '$2y$12$ZTlKiE2fUbRfGB6.GIrJ2uzW/dGHIz6DHJMQB1.EHPFcXeuKZ6UPG', NULL, NULL, NULL, NULL, NULL, NULL, NULL, NULL, NULL, NULL, NULL, NULL, NULL, '2024-12-12 23:13:48', '2024-12-12 23:13:48'),
(270, 'Miss Chelsea Skiles', 'vgulgowski@example.net', NULL, '$2y$12$Z/lgWdsPkZ17RGnLhVIq2epxq7PRKIdiX6OqWRTPsyGe0qEX8.Ctq', NULL, NULL, NULL, NULL, NULL, NULL, NULL, NULL, NULL, NULL, NULL, NULL, NULL, '2024-12-12 23:13:48', '2024-12-12 23:13:48'),
(271, 'Hillard Hodkiewicz II', 'kreiger.daphne@example.com', NULL, '$2y$12$DLg7EvlElE2vBMHBsa/CZ./g1zEoGyVk1./BJK.TsceYMHQ/ETxGK', NULL, NULL, NULL, NULL, NULL, NULL, NULL, NULL, NULL, NULL, NULL, NULL, NULL, '2024-12-12 23:13:48', '2024-12-12 23:13:48'),
(272, 'Cyril Nienow DVM', 'rfahey@example.net', NULL, '$2y$12$ThLu67B0sE39eBWtsl22mu6iAJE6a16I3IHaph2lXV4jTJwKD9UDK', NULL, NULL, NULL, NULL, NULL, NULL, NULL, NULL, NULL, NULL, NULL, NULL, NULL, '2024-12-12 23:13:49', '2024-12-12 23:13:49'),
(273, 'Lillie Prohaska', 'rmohr@example.com', NULL, '$2y$12$5UGSW6Xbc5VBEfgef8d7FeS/SDFqjX0H7xAdwsYTRyh0RryaHMU4u', NULL, NULL, NULL, NULL, NULL, NULL, NULL, NULL, NULL, NULL, NULL, NULL, NULL, '2024-12-12 23:13:49', '2024-12-12 23:13:49'),
(274, 'Rhianna Lakin', 'barrett.quitzon@example.net', NULL, '$2y$12$xE439gru2lsmdOIYIftObO52N/gHEhwZhRfqM1O6H35E9sBCTxYG.', NULL, NULL, NULL, NULL, NULL, NULL, NULL, NULL, NULL, NULL, NULL, NULL, NULL, '2024-12-12 23:13:50', '2024-12-12 23:13:50'),
(275, 'Tess Hamill', 'vauer@example.net', NULL, '$2y$12$lKweFK910m9W6GABhEjlsOm5E8hwzI10Ti/7P5HrHPolVuLYJ0vdC', NULL, NULL, NULL, NULL, NULL, NULL, NULL, NULL, NULL, NULL, NULL, NULL, NULL, '2024-12-12 23:13:50', '2024-12-12 23:13:50'),
(276, 'Kendra Pouros', 'bradley.nicolas@example.org', NULL, '$2y$12$BpIOsHfugs77PDbURihENOU00xLL2CfTxO.Itta50SDbGDlwOcixi', NULL, NULL, NULL, NULL, NULL, NULL, NULL, NULL, NULL, NULL, NULL, NULL, NULL, '2024-12-12 23:13:50', '2024-12-12 23:13:50'),
(277, 'Arjun Reinger', 'bruen.josiah@example.com', NULL, '$2y$12$IAYwcqSzVwRpXXKmDCu8x.4BxF4v0/9yezLoeark7w/GzzSAVIG4G', NULL, NULL, NULL, NULL, NULL, NULL, NULL, NULL, NULL, NULL, NULL, NULL, NULL, '2024-12-12 23:13:51', '2024-12-12 23:13:51'),
(278, 'Ms. Madeline Huel', 'modesto21@example.com', NULL, '$2y$12$2qNhF17PjrWZmh4RUl6pve0QSQ5iMYsc8Bpks/F7FBh4ldTxASCQy', NULL, NULL, NULL, NULL, NULL, NULL, NULL, NULL, NULL, NULL, NULL, NULL, NULL, '2024-12-12 23:13:51', '2024-12-12 23:13:51'),
(279, 'Francesco Kling', 'noelia.quitzon@example.org', NULL, '$2y$12$7.Gj/LwqdwZEektjXLyd/.Wrk5J7r587VWsn3VnV5FKCyF9Q4WPIK', NULL, NULL, NULL, NULL, NULL, NULL, NULL, NULL, NULL, NULL, NULL, NULL, NULL, '2024-12-12 23:13:52', '2024-12-12 23:13:52'),
(280, 'Euna O\'Hara Sr.', 'west.ramiro@example.com', NULL, '$2y$12$uUoKyTAmUHbqULvNmTdkK.RAmmOG97RxbN857TBi/h2qmu8wjG4le', NULL, NULL, NULL, NULL, NULL, NULL, NULL, NULL, NULL, NULL, NULL, NULL, NULL, '2024-12-12 23:13:52', '2024-12-12 23:13:52'),
(281, 'Aaliyah Littel', 'cheyanne.connelly@example.net', NULL, '$2y$12$LDTh11JVD0VpzmsSCud5L.sY4BMOdqHKyt5Q1Vx9UpxNN8kYZ9diy', NULL, NULL, NULL, NULL, NULL, NULL, NULL, NULL, NULL, NULL, NULL, NULL, NULL, '2024-12-12 23:13:52', '2024-12-12 23:13:52'),
(282, 'Shaniya Altenwerth', 'ichamplin@example.net', NULL, '$2y$12$SLuo49oMDf4/ovMaD9rM1eOalc7jzjlh.ZFxI.MTgCRSDUpNDB3SG', NULL, NULL, NULL, NULL, NULL, NULL, NULL, NULL, NULL, NULL, NULL, NULL, NULL, '2024-12-12 23:13:53', '2024-12-12 23:13:53'),
(283, 'Alycia Bosco II', 'gklocko@example.org', NULL, '$2y$12$4hiB2UA6Gt4qFplueg.9je8UsdtgQkGn0gUd18VmYyk3S70kRgQY.', NULL, NULL, NULL, NULL, NULL, NULL, NULL, NULL, NULL, NULL, NULL, NULL, NULL, '2024-12-12 23:13:53', '2024-12-12 23:13:53'),
(284, 'Dolly Heathcote', 'dee88@example.net', NULL, '$2y$12$yiEUTnciy5IopvN0MgomXeEwXNF5Xha07r6hIkaFTP6FEMYZiobcu', NULL, NULL, NULL, NULL, NULL, NULL, NULL, NULL, NULL, NULL, NULL, NULL, NULL, '2024-12-12 23:13:54', '2024-12-12 23:13:54'),
(285, 'Larissa Keebler', 'lessie95@example.com', NULL, '$2y$12$4R1dEUFvx7rojMtSKvMGce33vawif7E8fo.tuATP2t2wIGQ.jwuty', NULL, NULL, NULL, NULL, NULL, NULL, NULL, NULL, NULL, NULL, NULL, NULL, NULL, '2024-12-12 23:13:54', '2024-12-12 23:13:54'),
(286, 'Zetta Wunsch', 'predovic.kathlyn@example.com', NULL, '$2y$12$1XUzmZ7TdN2.uoOWtBilbOOwDolOf3Q0i6omt0aZ.7UfuRxrqV7pm', NULL, NULL, NULL, NULL, NULL, NULL, NULL, NULL, NULL, NULL, NULL, NULL, NULL, '2024-12-12 23:13:54', '2024-12-12 23:13:54'),
(287, 'Aiden Sawayn', 'jules.cassin@example.com', NULL, '$2y$12$sKj/NWkVaj2.3Cki/RVxx.ibM.UH5Qw36c51MnyxnWr2QAvfda5hq', NULL, NULL, NULL, NULL, NULL, NULL, NULL, NULL, NULL, NULL, NULL, NULL, NULL, '2024-12-12 23:13:55', '2024-12-12 23:13:55'),
(288, 'Tavares Cruickshank', 'elfrieda.sporer@example.net', NULL, '$2y$12$mKSJpoikf7nMeQ/WTIRlZegB5TzWFVv12eZ8yNj/StcwdpLEfmuH6', NULL, NULL, NULL, NULL, NULL, NULL, NULL, NULL, NULL, NULL, NULL, NULL, NULL, '2024-12-12 23:13:55', '2024-12-12 23:13:55'),
(289, 'Mr. Luther Rutherford II', 'norberto.robel@example.com', NULL, '$2y$12$ZlFrcm7XGyYdoZNE4m6zR.aBbJU2OA7XaZSFC9rRwxsH6UWWRI1m.', NULL, NULL, NULL, NULL, NULL, NULL, NULL, NULL, NULL, NULL, NULL, NULL, NULL, '2024-12-12 23:13:56', '2024-12-12 23:13:56'),
(290, 'Prof. Retha Collier', 'hyatt.naomi@example.net', NULL, '$2y$12$zj9/wObMTvGM7Fb3kyEDbugnWDKGJUmU7KoVugtQFgEsUeTqomZTS', NULL, NULL, NULL, NULL, NULL, NULL, NULL, NULL, NULL, NULL, NULL, NULL, NULL, '2024-12-12 23:13:56', '2024-12-12 23:13:56'),
(291, 'Bud Connelly', 'tobin89@example.com', NULL, '$2y$12$.v4rewm.1XXC3momvK48muqSNzE.1p3SJzttaFjElLGK9p2WrDan.', NULL, NULL, NULL, NULL, NULL, NULL, NULL, NULL, NULL, NULL, NULL, NULL, NULL, '2024-12-12 23:13:56', '2024-12-12 23:13:56'),
(292, 'Dr. Edd Grady I', 'xbartell@example.com', NULL, '$2y$12$d5V4VNWUhf8wXnLTLnlDeOypQqwbS1NC9eHz55.K39BjOPGC0Si/2', NULL, NULL, NULL, NULL, NULL, NULL, NULL, NULL, NULL, NULL, NULL, NULL, NULL, '2024-12-12 23:13:57', '2024-12-12 23:13:57'),
(293, 'Keegan Huel', 'nitzsche.ashton@example.com', NULL, '$2y$12$U6c0XfaAUwnlQYj0G2lPXehZJ8/H/R5/pB6/P2z68zjkK6qdkPE3O', NULL, NULL, NULL, NULL, NULL, NULL, NULL, NULL, NULL, NULL, NULL, NULL, NULL, '2024-12-12 23:13:57', '2024-12-12 23:13:57'),
(294, 'Albert Hirthe', 'tianna74@example.net', NULL, '$2y$12$GsKNy8yTSrINnlcHfnl3SubMX8c3d6aHoaZbTXF01hRKG3ROSCRMS', NULL, NULL, NULL, NULL, NULL, NULL, NULL, NULL, NULL, NULL, NULL, NULL, NULL, '2024-12-12 23:13:58', '2024-12-12 23:13:58'),
(295, 'Chadrick Mayer', 'pgerlach@example.net', NULL, '$2y$12$ifOc6CSb0YNq3qw/IPeTfO7y.V85IX86NlJIYr1g6uzOoD7h9Tcg2', NULL, NULL, NULL, NULL, NULL, NULL, NULL, NULL, NULL, NULL, NULL, NULL, NULL, '2024-12-12 23:13:58', '2024-12-12 23:13:58'),
(296, 'Iva Kuphal', 'cassin.dorothea@example.org', NULL, '$2y$12$aDwfbHuJdkIUMQrKcbA5GOK0zNhdpPhFk/iXLS3MPTYKKT2XJ/iAq', NULL, NULL, NULL, NULL, NULL, NULL, NULL, NULL, NULL, NULL, NULL, NULL, NULL, '2024-12-12 23:13:59', '2024-12-12 23:13:59'),
(297, 'Cayla Breitenberg', 'nroob@example.com', NULL, '$2y$12$98PZwfD90DOohoKScqHtYuqjIKZ6f/.P/lcNEWRgo8NKvAzMbONxG', NULL, NULL, NULL, NULL, NULL, NULL, NULL, NULL, NULL, NULL, NULL, NULL, NULL, '2024-12-12 23:13:59', '2024-12-12 23:13:59'),
(298, 'Terry Boehm', 'zdavis@example.com', NULL, '$2y$12$Tp52/B1w2sTLEjKQhL6HqOWZ43XNMbmw3GqQVfO7fKyX82HwDG7Eu', NULL, NULL, NULL, NULL, NULL, NULL, NULL, NULL, NULL, NULL, NULL, NULL, NULL, '2024-12-12 23:13:59', '2024-12-12 23:13:59'),
(299, 'Christine Turner', 'santiago22@example.net', NULL, '$2y$12$55s6htqAmpUcMoqQ1s.1X.ng/AcveZZc/5rfIHDNo99i3mDL9tNZO', NULL, NULL, NULL, NULL, NULL, NULL, NULL, NULL, NULL, NULL, NULL, NULL, NULL, '2024-12-12 23:14:00', '2024-12-12 23:14:00'),
(300, 'Izabella Durgan', 'mmoore@example.com', NULL, '$2y$12$sTnXVjGWh0GEC6ZbFGqgsuLsYybwuh8Xjxa1E0TWNr7jUfwERZ9LS', NULL, NULL, NULL, NULL, NULL, NULL, NULL, NULL, NULL, NULL, NULL, NULL, NULL, '2024-12-12 23:14:00', '2024-12-12 23:14:00'),
(301, 'Matt Feeney', 'drohan@example.org', NULL, '$2y$12$fPxunR/AkF3MXeIa9Uax4ubA/OUok2aeoPPd615NEBFKpa.x1jcSq', NULL, NULL, NULL, NULL, NULL, NULL, NULL, NULL, NULL, NULL, NULL, NULL, NULL, '2024-12-12 23:14:01', '2024-12-12 23:14:01'),
(302, 'Candace Graham', 'sid09@example.com', NULL, '$2y$12$27vW3qe8p2hfR5d6GgR7A.QQF3PKZhkJq49x6c5mee.okau26vFy.', NULL, NULL, NULL, NULL, NULL, NULL, NULL, NULL, NULL, NULL, NULL, NULL, NULL, '2024-12-12 23:14:01', '2024-12-12 23:14:01'),
(303, 'Moshe Heller', 'lind.zachery@example.net', NULL, '$2y$12$nPtB79oot5r3buuk56OvPeJ5G1nXbMrXIpAOy8m4Y1cN3fEz5amgi', NULL, NULL, NULL, NULL, NULL, NULL, NULL, NULL, NULL, NULL, NULL, NULL, NULL, '2024-12-12 23:14:01', '2024-12-12 23:14:01'),
(304, 'Prof. Vivienne Brekke MD', 'abbott.magali@example.net', NULL, '$2y$12$hXtFqcQEe1Pig/MIpMVn2ePOz74KhQ2UIaUrDsnhnDGcngsyECzaC', NULL, NULL, NULL, NULL, NULL, NULL, NULL, NULL, NULL, NULL, NULL, NULL, NULL, '2024-12-12 23:14:02', '2024-12-12 23:14:02'),
(305, 'Mr. Cameron Corkery I', 'botsford.chelsie@example.org', NULL, '$2y$12$yCs6lgx4Y2bYAYX3C.nOSuNtKzatE8wGHAe/KfFkNhULV4iLWm1ce', NULL, NULL, NULL, NULL, NULL, NULL, NULL, NULL, NULL, NULL, NULL, NULL, NULL, '2024-12-12 23:14:02', '2024-12-12 23:14:02'),
(306, 'Sadie Christiansen', 'bergnaum.peter@example.net', NULL, '$2y$12$/gwhpRLQ3Jhe7lZH8q1YvOSe/AzSEhorHRdxuqk2V..A5TM6C4QNS', NULL, NULL, NULL, NULL, NULL, NULL, NULL, NULL, NULL, NULL, NULL, NULL, NULL, '2024-12-12 23:14:03', '2024-12-12 23:14:03'),
(307, 'Bernadine Brekke', 'wswift@example.com', NULL, '$2y$12$nG2KL/FJ4F469LpEIJ0q1e54H9ylbWfQDxdenqVIb5Ig0yY.i8DeG', NULL, NULL, NULL, NULL, NULL, NULL, NULL, NULL, NULL, NULL, NULL, NULL, NULL, '2024-12-12 23:14:03', '2024-12-12 23:14:03'),
(308, 'Viviane Feeney', 'gudrun27@example.org', NULL, '$2y$12$oH5vs5Zgv3ckFMwrpyggOuUcEDdjxZQS6r5XMmGRt25rBoCgnxoHO', NULL, NULL, NULL, NULL, NULL, NULL, NULL, NULL, NULL, NULL, NULL, NULL, NULL, '2024-12-12 23:14:03', '2024-12-12 23:14:03'),
(309, 'Miss Rossie Lynch Jr.', 'imani52@example.org', NULL, '$2y$12$s34UZP.8t63AIaXgyJYn6u550NwDA.pwmpZ0Tf2AN8VhByMAYGId.', NULL, NULL, NULL, NULL, NULL, NULL, NULL, NULL, NULL, NULL, NULL, NULL, NULL, '2024-12-12 23:14:04', '2024-12-12 23:14:04'),
(310, 'Alessandro Reichel', 'rutherford.maia@example.net', NULL, '$2y$12$nUhDWpeA/oJitVV.xRUp/uCqZw7eAWQa2xLquYxS0KrGnTTumH3BS', NULL, NULL, NULL, NULL, NULL, NULL, NULL, NULL, NULL, NULL, NULL, NULL, NULL, '2024-12-12 23:14:04', '2024-12-12 23:14:04'),
(311, 'Clark Waters', 'logan05@example.net', NULL, '$2y$12$HH1r8ikBOBIRI4cvaXnDvevq5/Y9LxD8NTXGzYpow0ees/khtmZoW', NULL, NULL, NULL, NULL, NULL, NULL, NULL, NULL, NULL, NULL, NULL, NULL, NULL, '2024-12-12 23:14:05', '2024-12-12 23:14:05'),
(312, 'Chanel Batz', 'erik.white@example.com', NULL, '$2y$12$lhgcAYzH8c9vhlO728cZN.ddJf0V7TfhueUEH0QymR2E3RqTSt3Ti', NULL, NULL, NULL, NULL, NULL, NULL, NULL, NULL, NULL, NULL, NULL, NULL, NULL, '2024-12-12 23:14:05', '2024-12-12 23:14:05'),
(313, 'Makenzie Grady MD', 'shanon.bradtke@example.com', NULL, '$2y$12$.ceFul1jr/js75V2VL6D5uT23MsINsVum5.4xFoZD1L.Kb2OTS/f.', NULL, NULL, NULL, NULL, NULL, NULL, NULL, NULL, NULL, NULL, NULL, NULL, NULL, '2024-12-12 23:14:05', '2024-12-12 23:14:05'),
(314, 'Ms. Viviane Conroy', 'tarmstrong@example.com', NULL, '$2y$12$XGGLZZE2Uak2nKWrIo8Dxulb0Dhy1JhzbqAIJw3/pvVxOt5aLBbr6', NULL, NULL, NULL, NULL, NULL, NULL, NULL, NULL, NULL, NULL, NULL, NULL, NULL, '2024-12-12 23:14:06', '2024-12-12 23:14:06'),
(315, 'Mr. Ephraim Kihn', 'icrist@example.net', NULL, '$2y$12$1Oz.63Yhlzv755WfxLvVfehtInQajjWfdJg21BifgttFHQ35Ypa12', NULL, NULL, NULL, NULL, NULL, NULL, NULL, NULL, NULL, NULL, NULL, NULL, NULL, '2024-12-12 23:14:06', '2024-12-12 23:14:06'),
(316, 'Dolly Crona', 'kayla.moen@example.org', NULL, '$2y$12$RFSX3IItFfxdn4mYJznbQeNY8aR08oi14O0KiBJje5ECF001jOGLq', NULL, NULL, NULL, NULL, NULL, NULL, NULL, NULL, NULL, NULL, NULL, NULL, NULL, '2024-12-12 23:14:07', '2024-12-12 23:14:07'),
(317, 'Katherine Hyatt', 'bayer.joanie@example.net', NULL, '$2y$12$NlsnA6JskS2HsqAjX3yoXOTEydnxSK8govm.NL.yNTtliN3oNxQ7S', NULL, NULL, NULL, NULL, NULL, NULL, NULL, NULL, NULL, NULL, NULL, NULL, NULL, '2024-12-12 23:14:07', '2024-12-12 23:14:07'),
(318, 'Braxton Schuppe Sr.', 'paolo40@example.com', NULL, '$2y$12$nKFFhWcJ9hjYO2U.g4Sxb.MroAdkrdf92a1eOf/TOM9Md0K31irh.', NULL, NULL, NULL, NULL, NULL, NULL, NULL, NULL, NULL, NULL, NULL, NULL, NULL, '2024-12-12 23:14:07', '2024-12-12 23:14:07'),
(319, 'Mr. Amani Greenholt DDS', 'emmerich.ed@example.net', NULL, '$2y$12$oJFBJQ3ZzG7yBUkPSYKNnetpN/LTcnMiHRAnxvjYO6DDv0zQgGrsy', NULL, NULL, NULL, NULL, NULL, NULL, NULL, NULL, NULL, NULL, NULL, NULL, NULL, '2024-12-12 23:14:08', '2024-12-12 23:14:08'),
(320, 'Dr. Anais Strosin', 'gwillms@example.com', NULL, '$2y$12$HdpLBs4FwPZ8D3mxDRqPseHkH9atVeymHPWBlyu9FXFfixBEy5oF2', NULL, NULL, NULL, NULL, NULL, NULL, NULL, NULL, NULL, NULL, NULL, NULL, NULL, '2024-12-12 23:14:08', '2024-12-12 23:14:08'),
(321, 'Dr. Eli Walsh', 'leola.mcdermott@example.com', NULL, '$2y$12$shFK0pIUKGruMC/i5wA7AuT14xxOgYPBSvGW2V3GB0xOrl3M9De62', NULL, NULL, NULL, NULL, NULL, NULL, NULL, NULL, NULL, NULL, NULL, NULL, NULL, '2024-12-12 23:14:09', '2024-12-12 23:14:09'),
(322, 'Dortha Wehner', 'luz95@example.com', NULL, '$2y$12$tFgFbxQgyPNtz3tog2/s7u1a4ofeURGmMEfA.XCoLdVC2eanMIgES', NULL, NULL, NULL, NULL, NULL, NULL, NULL, NULL, NULL, NULL, NULL, NULL, NULL, '2024-12-12 23:14:09', '2024-12-12 23:14:09'),
(323, 'Mavis Jacobs', 'drunolfsson@example.org', NULL, '$2y$12$25Ni1rc/kDFNNgmFicMvUuPoLcP366d4HjhRtySTLpAItGUiOSla.', NULL, NULL, NULL, NULL, NULL, NULL, NULL, NULL, NULL, NULL, NULL, NULL, NULL, '2024-12-12 23:14:09', '2024-12-12 23:14:09'),
(324, 'Loraine Ondricka', 'kyleigh66@example.net', NULL, '$2y$12$juAlCPaQL/nnyQ4BSeAW3OQPNjSpCOD3n215.gQlf1ya5w1kjmpCS', NULL, NULL, NULL, NULL, NULL, NULL, NULL, NULL, NULL, NULL, NULL, NULL, NULL, '2024-12-12 23:14:10', '2024-12-12 23:14:10'),
(325, 'Levi Haag', 'lola.kessler@example.com', NULL, '$2y$12$t16nRgP3Mdzf4MXNNCDI9.dHDxgHU/oHlswXISvnqDl2r/QNQi6wG', NULL, NULL, NULL, NULL, NULL, NULL, NULL, NULL, NULL, NULL, NULL, NULL, NULL, '2024-12-12 23:14:10', '2024-12-12 23:14:10'),
(326, 'Joey Purdy V', 'vidal.wolff@example.com', NULL, '$2y$12$gdDa6Hlyxn/zJZKXXK/eS.AiiZVMegH6RjIT68j/uFvofhj7Q7YLO', NULL, NULL, NULL, NULL, NULL, NULL, NULL, NULL, NULL, NULL, NULL, NULL, NULL, '2024-12-12 23:14:11', '2024-12-12 23:14:11'),
(327, 'Dr. Bailey Hammes', 'kiel.corwin@example.com', NULL, '$2y$12$wfkZj8Axn5mIm4c3Bkh8uuZkiRPac7B3lRxuRvWZEnGwgbj4IsmQ.', NULL, NULL, NULL, NULL, NULL, NULL, NULL, NULL, NULL, NULL, NULL, NULL, NULL, '2024-12-12 23:14:11', '2024-12-12 23:14:11'),
(328, 'Mrs. Heaven Hirthe', 'gilda.hickle@example.com', NULL, '$2y$12$m7OMPKPE73/6jiCna3dM4eaLVRPm/ZY7V8KbhCrFs6UHjIVcgGZ9.', NULL, NULL, NULL, NULL, NULL, NULL, NULL, NULL, NULL, NULL, NULL, NULL, NULL, '2024-12-12 23:14:12', '2024-12-12 23:14:12'),
(329, 'Dexter Farrell', 'wkessler@example.com', NULL, '$2y$12$vCYLzWTnwQFdNEjvo33CTeViImfdBv8GMmD8QHHonCN1TIighv7z6', NULL, NULL, NULL, NULL, NULL, NULL, NULL, NULL, NULL, NULL, NULL, NULL, NULL, '2024-12-12 23:14:12', '2024-12-12 23:14:12'),
(330, 'Reuben Green I', 'kutch.wilmer@example.org', NULL, '$2y$12$UTjbsuRpIvNVNxybN/K17e95soiJL7ZmE3jSSP2PHrRWYBhR3jVv2', NULL, NULL, NULL, NULL, NULL, NULL, NULL, NULL, NULL, NULL, NULL, NULL, NULL, '2024-12-12 23:14:12', '2024-12-12 23:14:12'),
(331, 'Dr. Keagan Huel III', 'xkiehn@example.net', NULL, '$2y$12$pVZzVXXN7xzkqUg3FsonmuMog3EZi1wLbmrb8/NZxyaDgC5AzYlFC', NULL, NULL, NULL, NULL, NULL, NULL, NULL, NULL, NULL, NULL, NULL, NULL, NULL, '2024-12-12 23:14:12', '2024-12-12 23:14:12'),
(332, 'Shawna Stoltenberg', 'evans.harris@example.net', NULL, '$2y$12$eu7BODCXzhwvKV88Z3y5lu1WLZD4r.V3ex9SzhR2wUaw61FTyaxFq', NULL, NULL, NULL, NULL, NULL, NULL, NULL, NULL, NULL, NULL, NULL, NULL, NULL, '2024-12-12 23:14:13', '2024-12-12 23:14:13'),
(333, 'Prof. Ignatius Haley II', 'crona.augustus@example.com', NULL, '$2y$12$OstgMbg4/6JNryS6jPIcCee5SoLHp61I38teTd1FfflpXMNNSGGmO', NULL, NULL, NULL, NULL, NULL, NULL, NULL, NULL, NULL, NULL, NULL, NULL, NULL, '2024-12-12 23:14:13', '2024-12-12 23:14:13'),
(334, 'Juliet O\'Keefe', 'ryann83@example.org', NULL, '$2y$12$nUkr5QkDKXTz.A3cqUDSZenm.hFCePQHuiBfREyS7xUnFHuOCVIzG', NULL, NULL, NULL, NULL, NULL, NULL, NULL, NULL, NULL, NULL, NULL, NULL, NULL, '2024-12-12 23:14:13', '2024-12-12 23:14:13'),
(335, 'Sallie Cruickshank', 'jreinger@example.com', NULL, '$2y$12$fgBJjDTpJzvmuxKf102/.eguE7UIPYQs3k7st7iBwzQule.276XCi', NULL, NULL, NULL, NULL, NULL, NULL, NULL, NULL, NULL, NULL, NULL, NULL, NULL, '2024-12-12 23:14:13', '2024-12-12 23:14:13'),
(336, 'Dr. Raleigh Ondricka DVM', 'muller.brett@example.net', NULL, '$2y$12$OvFZ7vVwt7QrNqoNqnQbj.xH3jV32Jf6ZatiT8v7PB468kci6E22O', NULL, NULL, NULL, NULL, NULL, NULL, NULL, NULL, NULL, NULL, NULL, NULL, NULL, '2024-12-12 23:14:14', '2024-12-12 23:14:14'),
(337, 'June Nolan', 'stracke.lora@example.com', NULL, '$2y$12$1Xf1P/ZGh9ln/hhuOV/wNOX0Yp8OuXuVgOtGQMMa7ZsaNPfZhGY1a', NULL, NULL, NULL, NULL, NULL, NULL, NULL, NULL, NULL, NULL, NULL, NULL, NULL, '2024-12-12 23:14:14', '2024-12-12 23:14:14'),
(338, 'Dr. Markus Larkin', 'gregorio.mcglynn@example.org', NULL, '$2y$12$/Smot9RZxSFH2LRKGJstxeMwgwSj5F8c68rdMQhMxPRNaPCNssrji', NULL, NULL, NULL, NULL, NULL, NULL, NULL, NULL, NULL, NULL, NULL, NULL, NULL, '2024-12-12 23:14:14', '2024-12-12 23:14:14'),
(339, 'Lorenzo Fadel', 'schmidt.waylon@example.org', NULL, '$2y$12$RitrIq.zZrX6pj7eytK/Zue6AyqJxXUIreZP/ms405RlFMeVux9lS', NULL, NULL, NULL, NULL, NULL, NULL, NULL, NULL, NULL, NULL, NULL, NULL, NULL, '2024-12-12 23:14:14', '2024-12-12 23:14:14'),
(340, 'Edgardo Effertz', 'felicity.orn@example.com', NULL, '$2y$12$9/Jdh1Ll8kfftghraruHn.Gv8LTFAJjiTgDovYiLnTnAy.KkbjOo6', NULL, NULL, NULL, NULL, NULL, NULL, NULL, NULL, NULL, NULL, NULL, NULL, NULL, '2024-12-12 23:14:15', '2024-12-12 23:14:15'),
(341, 'Alessandra Kerluke', 'lueilwitz.salvador@example.org', NULL, '$2y$12$qPnSBXwz1wKkjVXe4JRVzum2xhyjsyt3RuCWiBCy9jqYFp/QN0gDi', NULL, NULL, NULL, NULL, NULL, NULL, NULL, NULL, NULL, NULL, NULL, NULL, NULL, '2024-12-12 23:14:15', '2024-12-12 23:14:15'),
(342, 'Alejandra Ullrich', 'abernhard@example.com', NULL, '$2y$12$.uKfUJl2FB8n.YvV0/Z0COODTNjpG5qmkh/m0/KjHJltfkPqNjEkm', NULL, NULL, NULL, NULL, NULL, NULL, NULL, NULL, NULL, NULL, NULL, NULL, NULL, '2024-12-12 23:14:15', '2024-12-12 23:14:15'),
(343, 'Oma Eichmann I', 'ostreich@example.com', NULL, '$2y$12$ujwYlI5P8XrS8pgIivz/p.05KvXWdIjw3nsk2mFXgsi74p5R6kzxC', NULL, NULL, NULL, NULL, NULL, NULL, NULL, NULL, NULL, NULL, NULL, NULL, NULL, '2024-12-12 23:14:15', '2024-12-12 23:14:15'),
(344, 'Cooper Renner', 'maritza.muller@example.com', NULL, '$2y$12$q/hcUneWZ87SUMUZHuv9uOzbip9gooSqsnoogdGUZiBJwwimMCPQm', NULL, NULL, NULL, NULL, NULL, NULL, NULL, NULL, NULL, NULL, NULL, NULL, NULL, '2024-12-12 23:14:15', '2024-12-12 23:14:15'),
(345, 'Florencio Leuschke', 'bpfannerstill@example.com', NULL, '$2y$12$83Fes1fuFNxIMPazpvq0S.2AvlAnC.C6qE/XWgwiEKFW/sHVlmipK', NULL, NULL, NULL, NULL, NULL, NULL, NULL, NULL, NULL, NULL, NULL, NULL, NULL, '2024-12-12 23:14:16', '2024-12-12 23:14:16'),
(346, 'Aniya Kilback', 'hansen.stephen@example.net', NULL, '$2y$12$WvDacg6WX.9XGanr70g7JeMelfLuYLvfmWR1K.8Els0ipLhdEH4I6', NULL, NULL, NULL, NULL, NULL, NULL, NULL, NULL, NULL, NULL, NULL, NULL, NULL, '2024-12-12 23:14:16', '2024-12-12 23:14:16'),
(347, 'Dr. Hiram Gleichner PhD', 'fjast@example.com', NULL, '$2y$12$CCKEW.Jg14q.tWiNaJ8mx.8OsGLNY3NVPtUgdAg0mlFjkUM.OWsVK', NULL, NULL, NULL, NULL, NULL, NULL, NULL, NULL, NULL, NULL, NULL, NULL, NULL, '2024-12-12 23:14:16', '2024-12-12 23:14:16'),
(348, 'Guido McCullough', 'monty17@example.org', NULL, '$2y$12$tRHC7uuMUzTDLVkskKFS9etQpyfQW38VDCiSKoTaDrlGROvZjKvE6', NULL, NULL, NULL, NULL, NULL, NULL, NULL, NULL, NULL, NULL, NULL, NULL, NULL, '2024-12-12 23:14:16', '2024-12-12 23:14:16'),
(349, 'Maud Gutkowski', 'lavina.schmeler@example.org', NULL, '$2y$12$X3bHlOwwTYpNoNtvSsVTh.8ufePl.55l7.86zGBtQ.7YXeIwMO7UG', NULL, NULL, NULL, NULL, NULL, NULL, NULL, NULL, NULL, NULL, NULL, NULL, NULL, '2024-12-12 23:14:17', '2024-12-12 23:14:17'),
(350, 'Dr. Hardy Kuhlman DDS', 'rocio.kovacek@example.org', NULL, '$2y$12$KvM5SVbtq58ynS0fyQatf.F9Ceyp/my8aveH5IMix5ctmzQLIEE7G', NULL, NULL, NULL, NULL, NULL, NULL, NULL, NULL, NULL, NULL, NULL, NULL, NULL, '2024-12-12 23:14:17', '2024-12-12 23:14:17'),
(351, 'Mitchell Nienow', 'vlubowitz@example.com', NULL, '$2y$12$O6g5nmuXghjsZZEMde7tEunzB71oPcAVrWIMFtF2fGQwHyw0nsiU.', NULL, NULL, NULL, NULL, NULL, NULL, NULL, NULL, NULL, NULL, NULL, NULL, NULL, '2024-12-12 23:14:17', '2024-12-12 23:14:17'),
(352, 'Barrett Stroman', 'hbarton@example.net', NULL, '$2y$12$O1rmEqFVBlZjOodeXL2.uuJBVrDsHpV9ZyJ87HsS.YyVd8GwNO0LG', NULL, NULL, NULL, NULL, NULL, NULL, NULL, NULL, NULL, NULL, NULL, NULL, NULL, '2024-12-12 23:14:17', '2024-12-12 23:14:17'),
(353, 'Maxwell Larkin V', 'jennie12@example.net', NULL, '$2y$12$GfvCnmiAHo6Vc.9LuM0V3.VaWlx3qlHNruiJ8TgS2sdWEfWO.SvQW', NULL, NULL, NULL, NULL, NULL, NULL, NULL, NULL, NULL, NULL, NULL, NULL, NULL, '2024-12-12 23:14:18', '2024-12-12 23:14:18'),
(354, 'Prof. Brennan Flatley III', 'lula.huels@example.org', NULL, '$2y$12$1RGC8rNzdO9LEE5yjMJwhuDobAw4wRDpaeWbuPO.CHuHKIGm/obmO', NULL, NULL, NULL, NULL, NULL, NULL, NULL, NULL, NULL, NULL, NULL, NULL, NULL, '2024-12-12 23:14:18', '2024-12-12 23:14:18'),
(355, 'Taylor Thompson', 'kelvin03@example.org', NULL, '$2y$12$uANdq7D2x8KvUPWu12uat.pCYQu.wupyu9sjZWtstgSqDLOehQDEe', NULL, NULL, NULL, NULL, NULL, NULL, NULL, NULL, NULL, NULL, NULL, NULL, NULL, '2024-12-12 23:14:18', '2024-12-12 23:14:18'),
(356, 'Harmon Roberts I', 'estella.rice@example.com', NULL, '$2y$12$2s8F6juYKjipr8ngmoOd6OIHUiS.eSSVz1G.3diaHqK9WGFb/te0.', NULL, NULL, NULL, NULL, NULL, NULL, NULL, NULL, NULL, NULL, NULL, NULL, NULL, '2024-12-12 23:14:18', '2024-12-12 23:14:18'),
(357, 'Marisol Kling DVM', 'iswift@example.com', NULL, '$2y$12$b1MUTxm8ntfLGxKrr4rp4O8KdIaYyHZCha76jjKClpJYqUxD/cmA2', NULL, NULL, NULL, NULL, NULL, NULL, NULL, NULL, NULL, NULL, NULL, NULL, NULL, '2024-12-12 23:14:18', '2024-12-12 23:14:18'),
(358, 'Mr. Derek Schneider III', 'lauryn26@example.com', NULL, '$2y$12$Aseqt5UZhCpT/5p2Oa30YOzLIR5samdMaKvCX1PYVu.hgCa4bucHi', NULL, NULL, NULL, NULL, NULL, NULL, NULL, NULL, NULL, NULL, NULL, NULL, NULL, '2024-12-12 23:14:19', '2024-12-12 23:14:19'),
(359, 'Enid Rohan', 'hoppe.lester@example.org', NULL, '$2y$12$IGk8ilpGvEvwBON00s7BLeNJDoTO2Pk1XTUqeT0ycBNT0wtJuhEPm', NULL, NULL, NULL, NULL, NULL, NULL, NULL, NULL, NULL, NULL, NULL, NULL, NULL, '2024-12-12 23:14:19', '2024-12-12 23:14:19'),
(360, 'Josephine Luettgen', 'mkemmer@example.com', NULL, '$2y$12$bKlN4mucl9no3s9i0K9bkO4nl8sntr8zZCwBnEC5Jp/mcbNdseRmG', NULL, NULL, NULL, NULL, NULL, NULL, NULL, NULL, NULL, NULL, NULL, NULL, NULL, '2024-12-12 23:14:19', '2024-12-12 23:14:19'),
(361, 'Miss Tianna Walter Jr.', 'labadie.carrie@example.org', NULL, '$2y$12$JaU3U78UXPIwjqMPm6rdbuXHMfh5iTjXPfevMIl9H13rGvhXtUDhm', NULL, NULL, NULL, NULL, NULL, NULL, NULL, NULL, NULL, NULL, NULL, NULL, NULL, '2024-12-12 23:14:19', '2024-12-12 23:14:19'),
(362, 'Leonardo O\'Connell', 'torphy.kenton@example.net', NULL, '$2y$12$qFvAEVcK0L3tDPjFIbcJh.o2xphsyD4TmmnGK1TS.qYelDwb7h/gO', NULL, NULL, NULL, NULL, NULL, NULL, NULL, NULL, NULL, NULL, NULL, NULL, NULL, '2024-12-12 23:14:20', '2024-12-12 23:14:20'),
(363, 'Maritza Koch', 'guiseppe.bernier@example.com', NULL, '$2y$12$2WWw/5PYHwDTh2BnPCdM.el5qVpjdpLiblBI7miNwraBRoBHlYXGm', NULL, NULL, NULL, NULL, NULL, NULL, NULL, NULL, NULL, NULL, NULL, NULL, NULL, '2024-12-12 23:14:20', '2024-12-12 23:14:20'),
(364, 'Julio Watsica', 'cassidy.senger@example.net', NULL, '$2y$12$Oe2nvVujvxNGDrRmk3suNerB5oMTcfIpt/XzgdQ1GSMoZnXMMdXuy', NULL, NULL, NULL, NULL, NULL, NULL, NULL, NULL, NULL, NULL, NULL, NULL, NULL, '2024-12-12 23:14:20', '2024-12-12 23:14:20'),
(365, 'Krystel Bauch', 'kilback.loyal@example.org', NULL, '$2y$12$rfybyEJ2yl5YfF8ggK61DeDU1R0KyQrJp6evea13YEK/tt9szf0.y', NULL, NULL, NULL, NULL, NULL, NULL, NULL, NULL, NULL, NULL, NULL, NULL, NULL, '2024-12-12 23:14:20', '2024-12-12 23:14:20'),
(366, 'Marcel Braun PhD', 'jared32@example.net', NULL, '$2y$12$Bp3PoA6lfql7kxEAXSXnZ.859oJcbvuUHKN52BQmQgsBPE4U3LJVe', NULL, NULL, NULL, NULL, NULL, NULL, NULL, NULL, NULL, NULL, NULL, NULL, NULL, '2024-12-12 23:14:21', '2024-12-12 23:14:21'),
(367, 'Rafaela Schmidt', 'shany98@example.org', NULL, '$2y$12$/vlLyQl6akooxupaL25Mhew6iP8cH0aRKcjLblfhlMPddU5NWtm8i', NULL, NULL, NULL, NULL, NULL, NULL, NULL, NULL, NULL, NULL, NULL, NULL, NULL, '2024-12-12 23:14:21', '2024-12-12 23:14:21'),
(368, 'Therese Kozey', 'nhane@example.com', NULL, '$2y$12$xIPR8ZfvQ9XELEx.BPm0wO6IR2WcKFOpe9Hy1/YAlfqSLYfKLapKO', NULL, NULL, NULL, NULL, NULL, NULL, NULL, NULL, NULL, NULL, NULL, NULL, NULL, '2024-12-12 23:14:21', '2024-12-12 23:14:21'),
(369, 'Prof. Ressie Wehner DDS', 'kraig.orn@example.net', NULL, '$2y$12$E7QxDRxc3UrjW794MEM/guWNAquHCGsUheIOo3FpWbXICPXjxP2nK', NULL, NULL, NULL, NULL, NULL, NULL, NULL, NULL, NULL, NULL, NULL, NULL, NULL, '2024-12-12 23:14:21', '2024-12-12 23:14:21'),
(370, 'Prof. Cordelia Williamson', 'jennifer.kuphal@example.org', NULL, '$2y$12$WZVk8s4lmEG3f14A58xO.uGR3RcnKFeaYFaC5LkA0ZEliFW0GZYPS', NULL, NULL, NULL, NULL, NULL, NULL, NULL, NULL, NULL, NULL, NULL, NULL, NULL, '2024-12-12 23:14:21', '2024-12-12 23:14:21'),
(371, 'Eryn Harber', 'alexzander52@example.net', NULL, '$2y$12$p8MrlpHihgw3ZbKv7MH/GuK2VzVd.XKhZNxYchkrQhKpYx7F0edau', NULL, NULL, NULL, NULL, NULL, NULL, NULL, NULL, NULL, NULL, NULL, NULL, NULL, '2024-12-12 23:14:22', '2024-12-12 23:14:22'),
(372, 'Amaya Heathcote Jr.', 'pkunde@example.com', NULL, '$2y$12$GGeMdd7LjCvEIv.TYHcHyu2hIkYd2hsj2bBYdiWBCc7GGDEQD/2u.', NULL, NULL, NULL, NULL, NULL, NULL, NULL, NULL, NULL, NULL, NULL, NULL, NULL, '2024-12-12 23:14:22', '2024-12-12 23:14:22'),
(373, 'Wyatt Hamill II', 'bobby83@example.org', NULL, '$2y$12$10BHFGJOF2amF.3QaXe9LOa81GWIyO/GMHB5gp67HRNaC6/xoUkRq', NULL, NULL, NULL, NULL, NULL, NULL, NULL, NULL, NULL, NULL, NULL, NULL, NULL, '2024-12-12 23:14:22', '2024-12-12 23:14:22'),
(374, 'Beau Hahn PhD', 'mcglynn.enoch@example.net', NULL, '$2y$12$nU1KqrCuseTXT.fcfsDL8OQMBe3q76lOMV/kO0JzXKH3BRE8l4xci', NULL, NULL, NULL, NULL, NULL, NULL, NULL, NULL, NULL, NULL, NULL, NULL, NULL, '2024-12-12 23:14:22', '2024-12-12 23:14:22'),
(375, 'King Turcotte', 'lucile01@example.org', NULL, '$2y$12$5irKtnz7cuQGRxd2sM1P.e3ixrcGCAkQJR3iRmQolXEsXuQbmfivq', NULL, NULL, NULL, NULL, NULL, NULL, NULL, NULL, NULL, NULL, NULL, NULL, NULL, '2024-12-12 23:14:23', '2024-12-12 23:14:23'),
(376, 'Arielle McKenzie', 'margarett.herzog@example.org', NULL, '$2y$12$S4ds9jzmUFNqHVT7PLf4DOnmgrzUxQorKiIkBSeM/6L78OjEcFZ7y', NULL, NULL, NULL, NULL, NULL, NULL, NULL, NULL, NULL, NULL, NULL, NULL, NULL, '2024-12-12 23:14:23', '2024-12-12 23:14:23'),
(377, 'Mrs. Jennyfer Hagenes IV', 'idach@example.org', NULL, '$2y$12$N1CbX1W.16G0ksdElkN.ue24fLWekB2TsiCzyCdNuofofSVX923oq', NULL, NULL, NULL, NULL, NULL, NULL, NULL, NULL, NULL, NULL, NULL, NULL, NULL, '2024-12-12 23:14:23', '2024-12-12 23:14:23'),
(378, 'Arch Crooks', 'runolfsson.alessia@example.com', NULL, '$2y$12$hKMzwOXQZ0.IOUdDuzbmBeh9T5KThNB3eE4PpTMtbfvL8vh1ZQcCC', NULL, NULL, NULL, NULL, NULL, NULL, NULL, NULL, NULL, NULL, NULL, NULL, NULL, '2024-12-12 23:14:23', '2024-12-12 23:14:23'),
(379, 'Baron Shields', 'isaias27@example.org', NULL, '$2y$12$qWyp9VijeKQaIuI5r0nKheylL550OyfdWSkLcQ2zdKYdlN7UH8i7G', NULL, NULL, NULL, NULL, NULL, NULL, NULL, NULL, NULL, NULL, NULL, NULL, NULL, '2024-12-12 23:14:24', '2024-12-12 23:14:24'),
(380, 'Earnestine Greenholt', 'littel.bernice@example.net', NULL, '$2y$12$QoDJGyE7cvXtITJso.QxBeEP.dKQr.ccu/6SiZ790nCxwbGJM7drW', NULL, NULL, NULL, NULL, NULL, NULL, NULL, NULL, NULL, NULL, NULL, NULL, NULL, '2024-12-12 23:14:24', '2024-12-12 23:14:24'),
(381, 'Esperanza Heidenreich DDS', 'cole70@example.com', NULL, '$2y$12$j6gACepHYL2Z2.pWLU6SmuNawGnbL7dgnSPqbjiHILgzdR2tH8CJC', NULL, NULL, NULL, NULL, NULL, NULL, NULL, NULL, NULL, NULL, NULL, NULL, NULL, '2024-12-12 23:14:24', '2024-12-12 23:14:24'),
(382, 'Lysanne Hegmann', 'ressie.stracke@example.org', NULL, '$2y$12$rKvcGFjz28EFOB2siu1cy.Gi5ChHMumidzaKIGVZ84DUSX6qRpx6S', NULL, NULL, NULL, NULL, NULL, NULL, NULL, NULL, NULL, NULL, NULL, NULL, NULL, '2024-12-12 23:14:24', '2024-12-12 23:14:24'),
(383, 'Mrs. Estrella Sawayn', 'ythompson@example.net', NULL, '$2y$12$RyNTeN0Sqyyojkyy1z8sXOZjRCWiOxijkac.RvXNtOI.HPc7/ohbO', NULL, NULL, NULL, NULL, NULL, NULL, NULL, NULL, NULL, NULL, NULL, NULL, NULL, '2024-12-12 23:14:24', '2024-12-12 23:14:24'),
(384, 'Mrs. Sienna Balistreri', 'domenick97@example.net', NULL, '$2y$12$gzIoCK5PQU6UIoIVa1rgN.9amHnF9F.GSYDSU/u9vdhOmYtTa6L42', NULL, NULL, NULL, NULL, NULL, NULL, NULL, NULL, NULL, NULL, NULL, NULL, NULL, '2024-12-12 23:14:25', '2024-12-12 23:14:25'),
(385, 'Khalil Bogan V', 'robb.bailey@example.net', NULL, '$2y$12$7rjgGfMMssCtenZIYjy0feRdj68sWS6akzS9MsF8wemrwkWh.GnV6', NULL, NULL, NULL, NULL, NULL, NULL, NULL, NULL, NULL, NULL, NULL, NULL, NULL, '2024-12-12 23:14:25', '2024-12-12 23:14:25'),
(386, 'Mr. Jeremy Wuckert DVM', 'wunsch.fred@example.net', NULL, '$2y$12$dh4tvSBpLt4.OkJ72nJHFO5cvPvS2RAVxmVyzHfrosSNPaOXzBCBO', NULL, NULL, NULL, NULL, NULL, NULL, NULL, NULL, NULL, NULL, NULL, NULL, NULL, '2024-12-12 23:14:25', '2024-12-12 23:14:25'),
(387, 'Kaitlin Marvin', 'xyundt@example.net', NULL, '$2y$12$w56QiqT6WICs29GclgdY4eV6cnbo7iTP0kvbnPzgLBXWvDNehbmu.', NULL, NULL, NULL, NULL, NULL, NULL, NULL, NULL, NULL, NULL, NULL, NULL, NULL, '2024-12-12 23:14:25', '2024-12-12 23:14:25'),
(388, 'Cassandre Purdy II', 'lou.king@example.com', NULL, '$2y$12$dCnknvYP2wyupiUiSdydaeMdsc2mtguWqrn3CFeb0htXXjgEs.20i', NULL, NULL, NULL, NULL, NULL, NULL, NULL, NULL, NULL, NULL, NULL, NULL, NULL, '2024-12-12 23:14:26', '2024-12-12 23:14:26'),
(389, 'Dr. Loren Wolf', 'dustin.ferry@example.net', NULL, '$2y$12$9nVVujjfNUKu4eZCJ9M9BO/3/1TJFhnGwcfxjyFWXZQmyH2ljoPlu', NULL, NULL, NULL, NULL, NULL, NULL, NULL, NULL, NULL, NULL, NULL, NULL, NULL, '2024-12-12 23:14:26', '2024-12-12 23:14:26'),
(390, 'Lonzo Gerlach II', 'chadd.schulist@example.org', NULL, '$2y$12$XoMRgfNjjYsVg1Lg1uU6fOadL434o5SAFWhuW17giO.Sv3CFnWzZC', NULL, NULL, NULL, NULL, NULL, NULL, NULL, NULL, NULL, NULL, NULL, NULL, NULL, '2024-12-12 23:14:26', '2024-12-12 23:14:26'),
(391, 'Adelbert Funk IV', 'hodkiewicz.angel@example.net', NULL, '$2y$12$86WhLYr03tmBcohUNtLQ0eS5NY6je17dpnx9giHh6i8INGEoJsG3W', NULL, NULL, NULL, NULL, NULL, NULL, NULL, NULL, NULL, NULL, NULL, NULL, NULL, '2024-12-12 23:14:26', '2024-12-12 23:14:26'),
(392, 'Prof. Braden Russel Sr.', 'linnea.collins@example.com', NULL, '$2y$12$h8hG9MFhPFKElgOiG7k.S.gW8PDLSGA7Y6dyolBRCstFHp86FC/jW', NULL, NULL, NULL, NULL, NULL, NULL, NULL, NULL, NULL, NULL, NULL, NULL, NULL, '2024-12-12 23:14:27', '2024-12-12 23:14:27'),
(393, 'Vicenta Zboncak', 'waelchi.marcella@example.org', NULL, '$2y$12$UEQZlFAjdZ3W2XfHxD2Gy.ZfYZ78RS0yKTXoMVOX9Pyoi7azVCSOO', NULL, NULL, NULL, NULL, NULL, NULL, NULL, NULL, NULL, NULL, NULL, NULL, NULL, '2024-12-12 23:14:27', '2024-12-12 23:14:27'),
(394, 'Lexus Gusikowski', 'fleuschke@example.net', NULL, '$2y$12$tYkILk.3jMgnESQmWGFY2.8bfquN49lj7FUXaGndcpy5vxca8KS8m', NULL, NULL, NULL, NULL, NULL, NULL, NULL, NULL, NULL, NULL, NULL, NULL, NULL, '2024-12-12 23:14:27', '2024-12-12 23:14:27'),
(395, 'Alfonso Leffler IV', 'geoffrey05@example.net', NULL, '$2y$12$IA0Ce1qj3mxwHKozvyWUrOCTYQElH4XTTdLCGkFtipJW7Bl9Ct6GC', NULL, NULL, NULL, NULL, NULL, NULL, NULL, NULL, NULL, NULL, NULL, NULL, NULL, '2024-12-12 23:14:27', '2024-12-12 23:14:27'),
(396, 'Prof. Ansley Bergnaum IV', 'wbuckridge@example.net', NULL, '$2y$12$5iVg21DFiXFXlFtPGXknxOLlq0fuB34Xs163RxoyM7CD.EhWSR0WC', NULL, NULL, NULL, NULL, NULL, NULL, NULL, NULL, NULL, NULL, NULL, NULL, NULL, '2024-12-12 23:14:28', '2024-12-12 23:14:28'),
(397, 'Willis Kuvalis', 'kbecker@example.org', NULL, '$2y$12$MDHk7669gNeFjJmeow/7P.49cJsw8713m9xvhcwX1LTfmEdRYycMW', NULL, NULL, NULL, NULL, NULL, NULL, NULL, NULL, NULL, NULL, NULL, NULL, NULL, '2024-12-12 23:14:28', '2024-12-12 23:14:28'),
(398, 'Alford Moore', 'lynch.janelle@example.net', NULL, '$2y$12$cg4Ixb8kdSSa0nE8JNYTkO7NTWGrjqJOY/ByR4C5A/Hj9iGhqPica', NULL, NULL, NULL, NULL, NULL, NULL, NULL, NULL, NULL, NULL, NULL, NULL, NULL, '2024-12-12 23:14:28', '2024-12-12 23:14:28'),
(399, 'Bonnie Keebler', 'rcrist@example.com', NULL, '$2y$12$BKNiMNK3JiIQ4rczyZYcWuzoK7MF9/aBfF5B48kFp9l1EsSx8D6Qa', NULL, NULL, NULL, NULL, NULL, NULL, NULL, NULL, NULL, NULL, NULL, NULL, NULL, '2024-12-12 23:14:29', '2024-12-12 23:14:29'),
(400, 'Brandon Volkman', 'myrtle.oreilly@example.org', NULL, '$2y$12$Qz84l9Nil5HUmHfENvXr0.Gw79pSWKFiTP8iBD55q06yIgQ2rJ596', NULL, NULL, NULL, NULL, NULL, NULL, NULL, NULL, NULL, NULL, NULL, NULL, NULL, '2024-12-12 23:14:29', '2024-12-12 23:14:29'),
(401, 'Alec Sanford', 'braun.hayley@example.org', NULL, '$2y$12$tRxJioSqDZDqfR9krvY9pefIzUwmrcxDBrIa69KkYwPoyjHfI7WZy', NULL, NULL, NULL, NULL, NULL, NULL, NULL, NULL, NULL, NULL, NULL, NULL, NULL, '2024-12-12 23:14:29', '2024-12-12 23:14:29'),
(402, 'Delphine Sanford', 'ava.douglas@example.net', NULL, '$2y$12$vdMqx1ZVD.eD8SsWgwCL6OGH23kojZd7O5o2fYWfGKV87PFXduZ5a', NULL, NULL, NULL, NULL, NULL, NULL, NULL, NULL, NULL, NULL, NULL, NULL, NULL, '2024-12-12 23:14:29', '2024-12-12 23:14:29'),
(403, 'Dakota Douglas', 'ellen.stoltenberg@example.com', NULL, '$2y$12$HBbuYa3/LxX03lvErjXlRu1IsylDWYH.NTIPC/LYIiIJQ5x9ruFjG', NULL, NULL, NULL, NULL, NULL, NULL, NULL, NULL, NULL, NULL, NULL, NULL, NULL, '2024-12-12 23:14:30', '2024-12-12 23:14:30'),
(404, 'Electa Sporer', 'xmcclure@example.org', NULL, '$2y$12$h68T7fZN/0zgu8/QiDhZgeEjhS4R.3aId327vAPEqzmuo3hzuUrO.', NULL, NULL, NULL, NULL, NULL, NULL, NULL, NULL, NULL, NULL, NULL, NULL, NULL, '2024-12-12 23:14:30', '2024-12-12 23:14:30'),
(405, 'Prof. Alvah Powlowski Jr.', 'koelpin.kaitlin@example.net', NULL, '$2y$12$EbLDbDQIJGCa7s1/0DZt6.duSjxcNJuW3sHe6RgtiaiLXTZDfYm3q', NULL, NULL, NULL, NULL, NULL, NULL, NULL, NULL, NULL, NULL, NULL, NULL, NULL, '2024-12-12 23:14:30', '2024-12-12 23:14:30');
INSERT INTO `users` (`id`, `name`, `email`, `email_verified_at`, `password`, `two_factor_secret`, `two_factor_recovery_codes`, `two_factor_confirmed_at`, `date_of_birth`, `phone_number`, `address`, `city`, `state`, `zip_code`, `remember_token`, `current_team_id`, `profile_photo_path`, `deleted_at`, `created_at`, `updated_at`) VALUES
(406, 'Gerson Price', 'gledner@example.org', NULL, '$2y$12$w93vaLFkOarzarxaFjcxK.2O4NfehkCs6/ywxKiAP4wGLGlVQY196', NULL, NULL, NULL, NULL, NULL, NULL, NULL, NULL, NULL, NULL, NULL, NULL, NULL, '2024-12-12 23:14:30', '2024-12-12 23:14:30'),
(407, 'Ms. Scarlett Cole Sr.', 'loraine.collier@example.com', NULL, '$2y$12$4FkoHhR257j90eMioSrPkeIFkJw.jdiLWxVR2dt7eHSFWaY/3Coby', NULL, NULL, NULL, NULL, NULL, NULL, NULL, NULL, NULL, NULL, NULL, NULL, NULL, '2024-12-12 23:14:31', '2024-12-12 23:14:31'),
(408, 'Terry Toy', 'bboehm@example.net', NULL, '$2y$12$SFzMfz0coNaN42ERg.BEuOXqs7rOgMYjLC1OnVpS7iPCy3gTE47WK', NULL, NULL, NULL, NULL, NULL, NULL, NULL, NULL, NULL, NULL, NULL, NULL, NULL, '2024-12-12 23:14:31', '2024-12-12 23:14:31'),
(409, 'Mr. Wiley Romaguera', 'lauriane82@example.org', NULL, '$2y$12$z25gg4WAENWM3VJSdM0usOnFXbmp7yz5IQMv9OcQvdaf.tSvnEYnG', NULL, NULL, NULL, NULL, NULL, NULL, NULL, NULL, NULL, NULL, NULL, NULL, NULL, '2024-12-12 23:14:31', '2024-12-12 23:14:31'),
(410, 'Dannie Yundt', 'vgusikowski@example.org', NULL, '$2y$12$ueOXtvgQK7O7/dBKMpFnke/V0jwDm2Dro1Rt6oj7vIrloo3EM.DnW', NULL, NULL, NULL, NULL, NULL, NULL, NULL, NULL, NULL, NULL, NULL, NULL, NULL, '2024-12-12 23:14:32', '2024-12-12 23:14:32'),
(411, 'Prof. Dorris Anderson', 'eterry@example.net', NULL, '$2y$12$56gZXJFYS6Z1ML085QGMleJuCOqnxwHZ7eLXOYJNENcEnlsuXWT.i', NULL, NULL, NULL, NULL, NULL, NULL, NULL, NULL, NULL, NULL, NULL, NULL, NULL, '2024-12-12 23:14:32', '2024-12-12 23:14:32'),
(412, 'Tyrel Hills', 'rolson@example.org', NULL, '$2y$12$zghOrxeG7kB3S9LMRj8C/.xQE6bmE2HX7nz3XCjQWNm4SDwVv4i3W', NULL, NULL, NULL, NULL, NULL, NULL, NULL, NULL, NULL, NULL, NULL, NULL, NULL, '2024-12-12 23:14:33', '2024-12-12 23:14:33'),
(413, 'Terry Paucek DVM', 'nwhite@example.net', NULL, '$2y$12$VDWnqV2irOGzp3PDR3IXUOvLMpRag4LfS.BDM.RU34f6GTAiizMsa', NULL, NULL, NULL, NULL, NULL, NULL, NULL, NULL, NULL, NULL, NULL, NULL, NULL, '2024-12-12 23:14:33', '2024-12-12 23:14:33'),
(414, 'Juwan Nikolaus', 'annabel.denesik@example.com', NULL, '$2y$12$bnBQx/rWv3r7kyXjXUonZer4QOTwz5Z/37MpBMJ7UgnAerri8vS8S', NULL, NULL, NULL, NULL, NULL, NULL, NULL, NULL, NULL, NULL, NULL, NULL, NULL, '2024-12-12 23:14:33', '2024-12-12 23:14:33'),
(415, 'Emma Mosciski', 'ashton.stiedemann@example.net', NULL, '$2y$12$3w.EaJe8EImRFab15qh73eW0VKCK4gb0bT/.xe8rra/z4TDjEA5Pq', NULL, NULL, NULL, NULL, NULL, NULL, NULL, NULL, NULL, NULL, NULL, NULL, NULL, '2024-12-12 23:14:34', '2024-12-12 23:14:34'),
(416, 'Alfredo Lockman', 'loraine.wisozk@example.com', NULL, '$2y$12$nH9a9WuLVDN.bsubS8mLnuh2GnBmbNGwi594b7QNanfW1eMqSNlFS', NULL, NULL, NULL, NULL, NULL, NULL, NULL, NULL, NULL, NULL, NULL, NULL, NULL, '2024-12-12 23:14:34', '2024-12-12 23:14:34'),
(417, 'Darien Heller', 'jammie75@example.org', NULL, '$2y$12$RNxSSa6EGiBGM1IxqQTFZOU6k0YtFUzG8Jjf4KZ/6NbdxjhFixwo2', NULL, NULL, NULL, NULL, NULL, NULL, NULL, NULL, NULL, NULL, NULL, NULL, NULL, '2024-12-12 23:14:35', '2024-12-12 23:14:35'),
(418, 'Anabel Smith PhD', 'vleuschke@example.com', NULL, '$2y$12$RsEJOkdtDs5.mRMaXDfjLe.xVHRBVFDvnAU2s7zCOZJmi7r5eV3ua', NULL, NULL, NULL, NULL, NULL, NULL, NULL, NULL, NULL, NULL, NULL, NULL, NULL, '2024-12-12 23:14:35', '2024-12-12 23:14:35'),
(419, 'Bradley Walter', 'kacie.auer@example.com', NULL, '$2y$12$osktYgJpGUwppRM/qJL7huzN5zOJPCT52K0YUj04bx0E.Qeto/EiW', NULL, NULL, NULL, NULL, NULL, NULL, NULL, NULL, NULL, NULL, NULL, NULL, NULL, '2024-12-12 23:14:35', '2024-12-12 23:14:35'),
(420, 'Ms. Pat Braun', 'adrianna38@example.org', NULL, '$2y$12$IT1UUgspBW5dvwxRBVrbBeyfCupPIK3SSMLLkQo6YN1QJH0I02HBS', NULL, NULL, NULL, NULL, NULL, NULL, NULL, NULL, NULL, NULL, NULL, NULL, NULL, '2024-12-12 23:14:36', '2024-12-12 23:14:36'),
(421, 'Jacques Zemlak', 'hackett.raina@example.com', NULL, '$2y$12$Dh20VRVMXgp2J8KuSNr6.eZt5rs4nSoCPhW6fj1BJCL.kwr2MLXPC', NULL, NULL, NULL, NULL, NULL, NULL, NULL, NULL, NULL, NULL, NULL, NULL, NULL, '2024-12-12 23:14:36', '2024-12-12 23:14:36'),
(422, 'Dena Connelly', 'ola55@example.org', NULL, '$2y$12$/.ylaXNMildME3sTWh0SyOpQoMoS4qRwgT7Whpzo/GQ9EEp2C21ba', NULL, NULL, NULL, NULL, NULL, NULL, NULL, NULL, NULL, NULL, NULL, NULL, NULL, '2024-12-12 23:14:36', '2024-12-12 23:14:36'),
(423, 'Miss Jacynthe Little MD', 'jerrod49@example.org', NULL, '$2y$12$ykWXVNMAxUDkEMI7A6zv5ee9AgS0bxO6R/hPzu1JTfs/1i.s9qZkK', NULL, NULL, NULL, NULL, NULL, NULL, NULL, NULL, NULL, NULL, NULL, NULL, NULL, '2024-12-12 23:14:37', '2024-12-12 23:14:37'),
(424, 'Colleen Schaefer', 'tblanda@example.net', NULL, '$2y$12$Px6VFMPGecyn.4hkILHdlu.TeiLSQRH.7cfJIMilH1k0SrDFP28VK', NULL, NULL, NULL, NULL, NULL, NULL, NULL, NULL, NULL, NULL, NULL, NULL, NULL, '2024-12-12 23:14:37', '2024-12-12 23:14:37'),
(425, 'Dock Stracke', 'qgoldner@example.net', NULL, '$2y$12$rtbHArJ06E9p5VrcQhYoHehEJGHSo/9iNJUZ0JZT/6/85vzZGmdra', NULL, NULL, NULL, NULL, NULL, NULL, NULL, NULL, NULL, NULL, NULL, NULL, NULL, '2024-12-12 23:14:38', '2024-12-12 23:14:38'),
(426, 'Miguel Mosciski', 'ova40@example.com', NULL, '$2y$12$qqOMQdbZkQ2vGAltpNyPOu2BOeLKZ7Ff8hBvVWKEdMhMT8/sL3mmK', NULL, NULL, NULL, NULL, NULL, NULL, NULL, NULL, NULL, NULL, NULL, NULL, NULL, '2024-12-12 23:14:38', '2024-12-12 23:14:38'),
(427, 'Dr. Lexie Koepp', 'malinda39@example.com', NULL, '$2y$12$wgFmS2TB3F9YWfZZmTX5Ge0U6wPmNTZO.FRR0M3MT.vyeyqi1CaRq', NULL, NULL, NULL, NULL, NULL, NULL, NULL, NULL, NULL, NULL, NULL, NULL, NULL, '2024-12-12 23:14:38', '2024-12-12 23:14:38'),
(428, 'Justen Denesik', 'martin.stokes@example.com', NULL, '$2y$12$0XHDVQi/Ju5hbeTnEbkhzOrrSyB/ulMo1Epizaw4sQKEuSqLeA3f6', NULL, NULL, NULL, NULL, NULL, NULL, NULL, NULL, NULL, NULL, NULL, NULL, NULL, '2024-12-12 23:14:39', '2024-12-12 23:14:39'),
(429, 'Vivienne Paucek', 'fschowalter@example.net', NULL, '$2y$12$J6JAWG5urlzVBm4neHbTq.FgSQxz3aX0jV.9OohKKUTYdky5zxmsS', NULL, NULL, NULL, NULL, NULL, NULL, NULL, NULL, NULL, NULL, NULL, NULL, NULL, '2024-12-12 23:14:39', '2024-12-12 23:14:39'),
(430, 'Reina Haag DDS', 'amurray@example.com', NULL, '$2y$12$u.68zSQt7o8QToEDAULDl.ROcD/xPPQAGkmL2BanT8qiQFQQAh0q6', NULL, NULL, NULL, NULL, NULL, NULL, NULL, NULL, NULL, NULL, NULL, NULL, NULL, '2024-12-12 23:14:40', '2024-12-12 23:14:40'),
(431, 'Rodrigo Price I', 'thamill@example.org', NULL, '$2y$12$Ipqm1KTh9MEGMuY1rx44Num2cSjC0mshCuFYWdYjLWD7yzV5CdFpG', NULL, NULL, NULL, NULL, NULL, NULL, NULL, NULL, NULL, NULL, NULL, NULL, NULL, '2024-12-12 23:14:40', '2024-12-12 23:14:40'),
(432, 'Mr. Willard Mayert MD', 'friesen.wilfredo@example.net', NULL, '$2y$12$JzN68qSNgtKCi9hzSQ49zOAzzapMZi3gUU0AQABIN7I3niPS/epYa', NULL, NULL, NULL, NULL, NULL, NULL, NULL, NULL, NULL, NULL, NULL, NULL, NULL, '2024-12-12 23:14:40', '2024-12-12 23:14:40'),
(433, 'Prof. Austin Schaden', 'langosh.khalil@example.org', NULL, '$2y$12$PPJw3jqmxD0HbXPct54/3eyd/8hBFtSgS4FkPFdx49CEgsx7LEzhS', NULL, NULL, NULL, NULL, NULL, NULL, NULL, NULL, NULL, NULL, NULL, NULL, NULL, '2024-12-12 23:14:41', '2024-12-12 23:14:41'),
(434, 'Nichole Moen', 'kerluke.kaylin@example.net', NULL, '$2y$12$diuHYvHZcDLkBG0YlkXq0O4YZnuJmJf1rJYibUnXee07XvbiC4oWG', NULL, NULL, NULL, NULL, NULL, NULL, NULL, NULL, NULL, NULL, NULL, NULL, NULL, '2024-12-12 23:14:41', '2024-12-12 23:14:41'),
(435, 'Alexys Moen', 'ila06@example.org', NULL, '$2y$12$r8e9eebyZgLHx2zuG5EWyekexYE8BZRPzBEj2sjWZD0OmkOS/mGU6', NULL, NULL, NULL, NULL, NULL, NULL, NULL, NULL, NULL, NULL, NULL, NULL, NULL, '2024-12-12 23:14:42', '2024-12-12 23:14:42'),
(436, 'Dr. Emmitt Parisian', 'kiarra46@example.com', NULL, '$2y$12$8.PRYloJLQK.k7U8MyFVWukG11N8EAiyTu7xoRXmQUexl.MPo9liy', NULL, NULL, NULL, NULL, NULL, NULL, NULL, NULL, NULL, NULL, NULL, NULL, NULL, '2024-12-12 23:14:42', '2024-12-12 23:14:42'),
(437, 'Jovanny Lueilwitz', 'avis.gorczany@example.com', NULL, '$2y$12$d9pOy/CJD19uvg1t4cLh6OpFJmn.uUeCTj3zkHnSe3IssCv2k922y', NULL, NULL, NULL, NULL, NULL, NULL, NULL, NULL, NULL, NULL, NULL, NULL, NULL, '2024-12-12 23:14:42', '2024-12-12 23:14:42'),
(438, 'Kellie Wiegand', 'nicolas.noel@example.net', NULL, '$2y$12$OV5MhdKydge9Q6.YFFqoIO1/wlXVfm.QTYHzRQNjhRs8RagsMhysO', NULL, NULL, NULL, NULL, NULL, NULL, NULL, NULL, NULL, NULL, NULL, NULL, NULL, '2024-12-12 23:14:43', '2024-12-12 23:14:43'),
(439, 'Prof. Maddison McGlynn', 'nwyman@example.net', NULL, '$2y$12$L6kKC7UYVTKro1NYKZ418esEM/KawQio0k0/mIqoca4VdYZ3oC/TW', NULL, NULL, NULL, NULL, NULL, NULL, NULL, NULL, NULL, NULL, NULL, NULL, NULL, '2024-12-12 23:14:43', '2024-12-12 23:14:43'),
(440, 'Marcus Jaskolski', 'mclaughlin.leopoldo@example.net', NULL, '$2y$12$2jWgcqLtDyXFHmb1MEXa7uMkuVcCstnraqvUkPDC14kqVKrnt.PP.', NULL, NULL, NULL, NULL, NULL, NULL, NULL, NULL, NULL, NULL, NULL, NULL, NULL, '2024-12-12 23:14:44', '2024-12-12 23:14:44'),
(441, 'Carley Hoppe PhD', 'elaina.walter@example.org', NULL, '$2y$12$pVItgnpboTri03ihOwF/sOyO5Ea5x6Z1.zkdnZzIgCSVDOzU0Tu/q', NULL, NULL, NULL, NULL, NULL, NULL, NULL, NULL, NULL, NULL, NULL, NULL, NULL, '2024-12-12 23:14:44', '2024-12-12 23:14:44'),
(442, 'Abigail Senger', 'jada.wiza@example.net', NULL, '$2y$12$m1X6jeqzHJoljzaHfSa0T.BeEGZEOKdoz1h8G0E6y0jr9W4AnloI2', NULL, NULL, NULL, NULL, NULL, NULL, NULL, NULL, NULL, NULL, NULL, NULL, NULL, '2024-12-12 23:14:44', '2024-12-12 23:14:44'),
(443, 'Megane Robel', 'ybeatty@example.org', NULL, '$2y$12$MjRujK4LNkWuc2mGyshcWOZAVhpNQIwa2gSxK.ov2sZ/pVYR4agQK', NULL, NULL, NULL, NULL, NULL, NULL, NULL, NULL, NULL, NULL, NULL, NULL, NULL, '2024-12-12 23:14:45', '2024-12-12 23:14:45'),
(444, 'Fern Carter', 'hahn.sharon@example.net', NULL, '$2y$12$UD3msIFsrLTEZHs8VQfW5O8y1J02wkLY5WCOo0FASsdxsvUEDYKFy', NULL, NULL, NULL, NULL, NULL, NULL, NULL, NULL, NULL, NULL, NULL, NULL, NULL, '2024-12-12 23:14:45', '2024-12-12 23:14:45'),
(445, 'Dr. Llewellyn Jenkins DVM', 'kory83@example.org', NULL, '$2y$12$qOdn.FxqdFFc/gOtBz4yDOt5BVezy8skct9GCzl0SfClsLvklFzU.', NULL, NULL, NULL, NULL, NULL, NULL, NULL, NULL, NULL, NULL, NULL, NULL, NULL, '2024-12-12 23:14:46', '2024-12-12 23:14:46'),
(446, 'Bernhard Mohr', 'jkuhlman@example.net', NULL, '$2y$12$Iibxcpevso4oJB9sKS1Nn.Zs8hbOhd5IcxLEQRGEARvi2Rp4uQN6m', NULL, NULL, NULL, NULL, NULL, NULL, NULL, NULL, NULL, NULL, NULL, NULL, NULL, '2024-12-12 23:14:46', '2024-12-12 23:14:46'),
(447, 'Roy Auer PhD', 'sheridan.daugherty@example.org', NULL, '$2y$12$SLCYaIRzDru4ZDcXDk2r9uKk0jiFIxIqCKHXiWwFA80v1u4C1yPZy', NULL, NULL, NULL, NULL, NULL, NULL, NULL, NULL, NULL, NULL, NULL, NULL, NULL, '2024-12-12 23:14:46', '2024-12-12 23:14:46'),
(448, 'Craig McGlynn', 'denesik.wava@example.net', NULL, '$2y$12$eYK3zifqMlx0Y5lpNpqlxOiUZW0lWGwu4wAnTHsU0HnhTnMjOAkBO', NULL, NULL, NULL, NULL, NULL, NULL, NULL, NULL, NULL, NULL, NULL, NULL, NULL, '2024-12-12 23:14:47', '2024-12-12 23:14:47'),
(449, 'Vincent Sawayn', 'gutkowski.shanel@example.org', NULL, '$2y$12$L5FNKE6oxukxTOnCvwmgN.Zo3TSnOfiCg2wFRmO2rAfThda3GwN0O', NULL, NULL, NULL, NULL, NULL, NULL, NULL, NULL, NULL, NULL, NULL, NULL, NULL, '2024-12-12 23:14:47', '2024-12-12 23:14:47'),
(450, 'Eriberto Koch', 'wwhite@example.net', NULL, '$2y$12$aqogKsVSOaxfV5HfnNAkCuCHbtzJ9juYeMlz.rR1bmHo0GpElW8A6', NULL, NULL, NULL, NULL, NULL, NULL, NULL, NULL, NULL, NULL, NULL, NULL, NULL, '2024-12-12 23:14:47', '2024-12-12 23:14:47'),
(451, 'Ms. Jacynthe Ferry', 'tremblay.bailey@example.org', NULL, '$2y$12$wjsvUAYsdsUv.uGNCy16d.lah5erRKi3BcYbFP7Koc84LHjG6OtgG', NULL, NULL, NULL, NULL, NULL, NULL, NULL, NULL, NULL, NULL, NULL, NULL, NULL, '2024-12-12 23:14:48', '2024-12-12 23:14:48'),
(452, 'Andres Romaguera', 'nolan.aubrey@example.com', NULL, '$2y$12$FMaYg3zDYbojpEmNw5wLN.1QLHwq8yzcQ0vvkTfKT1I3Syb7Fxb4.', NULL, NULL, NULL, NULL, NULL, NULL, NULL, NULL, NULL, NULL, NULL, NULL, NULL, '2024-12-12 23:14:48', '2024-12-12 23:14:48'),
(453, 'Ms. Estelle Kovacek', 'santiago.langworth@example.com', NULL, '$2y$12$wHwPjkTTsQErkOE0VltrkOg0/x8nqSU4LXQNaAKnUvqzhtQ7If4.y', NULL, NULL, NULL, NULL, NULL, NULL, NULL, NULL, NULL, NULL, NULL, NULL, NULL, '2024-12-12 23:14:48', '2024-12-12 23:14:48'),
(454, 'Antoinette Muller', 'lkoepp@example.org', NULL, '$2y$12$iyMNrfh9MDHIButbMmmVwe6iIu41F.x0N9tHhFnzX7d7NC1dBJAOO', NULL, NULL, NULL, NULL, NULL, NULL, NULL, NULL, NULL, NULL, NULL, NULL, NULL, '2024-12-12 23:14:48', '2024-12-12 23:14:48'),
(455, 'Cortney Collier', 'jasmin.waters@example.net', NULL, '$2y$12$V6dS3AI0hRAHPJ8Gn3WIUOH8Hghv9Xp3G1UMPZJu.sWJbxi5DnHBm', NULL, NULL, NULL, NULL, NULL, NULL, NULL, NULL, NULL, NULL, NULL, NULL, NULL, '2024-12-12 23:14:49', '2024-12-12 23:14:49'),
(456, 'Alessandra Medhurst', 'woodrow51@example.org', NULL, '$2y$12$UI2egKQ4vB4GqSCUu2LS.e/jwofj1B.Eq8D0mrfYLHT9V8cNXysoC', NULL, NULL, NULL, NULL, NULL, NULL, NULL, NULL, NULL, NULL, NULL, NULL, NULL, '2024-12-12 23:14:49', '2024-12-12 23:14:49'),
(457, 'Dovie Stoltenberg', 'elouise41@example.org', NULL, '$2y$12$d38uMkmiwgfl.P5yO5cBw.pyU0c1V8iAsJdoZRsKV1AF5YQGDw0u2', NULL, NULL, NULL, NULL, NULL, NULL, NULL, NULL, NULL, NULL, NULL, NULL, NULL, '2024-12-12 23:14:49', '2024-12-12 23:14:49'),
(458, 'Donato Fahey', 'jena.collier@example.org', NULL, '$2y$12$iaLJm.3Zdh6Qk1LG/i1fG.OmRRM5BHfhlnwfiF33pwG0p1vLBtIUK', NULL, NULL, NULL, NULL, NULL, NULL, NULL, NULL, NULL, NULL, NULL, NULL, NULL, '2024-12-12 23:14:49', '2024-12-12 23:14:49'),
(459, 'Mrs. Jermaine Konopelski V', 'fmorissette@example.com', NULL, '$2y$12$zrvKtqYRic2A5N.Zverz.Oriihb2MisLI1GhnJmgAiHp25LT8Cs6e', NULL, NULL, NULL, NULL, NULL, NULL, NULL, NULL, NULL, NULL, NULL, NULL, NULL, '2024-12-12 23:14:50', '2024-12-12 23:14:50'),
(460, 'Ms. Karina Johns', 'doris06@example.org', NULL, '$2y$12$Q6xcJ2H8TQgBROtkVFPy.OdYaKTdVgXn5UDCnZIaD23WjmFxCAwzu', NULL, NULL, NULL, NULL, NULL, NULL, NULL, NULL, NULL, NULL, NULL, NULL, NULL, '2024-12-12 23:14:50', '2024-12-12 23:14:50'),
(461, 'Mr. Carmine Hermiston', 'vida88@example.org', NULL, '$2y$12$OLnPoZdk9KPuNM6.BagLruLg3pQZggnhsuJ5aYURV15ajTezWEaEK', NULL, NULL, NULL, NULL, NULL, NULL, NULL, NULL, NULL, NULL, NULL, NULL, NULL, '2024-12-12 23:14:50', '2024-12-12 23:14:50'),
(462, 'Orrin Maggio', 'lakin.arnoldo@example.org', NULL, '$2y$12$KESTOCHP.ZoJ65szAWpNqe15mFNmxtUr/LyzlwhtvI0siIghcP9iq', NULL, NULL, NULL, NULL, NULL, NULL, NULL, NULL, NULL, NULL, NULL, NULL, NULL, '2024-12-12 23:14:50', '2024-12-12 23:14:50'),
(463, 'Osbaldo Ledner IV', 'oreilly.juliet@example.com', NULL, '$2y$12$1mhVaEo4.tIVDAE6kAvTzurQzVUUhEFEi..l5/KObuN/dOXqdfHhi', NULL, NULL, NULL, NULL, NULL, NULL, NULL, NULL, NULL, NULL, NULL, NULL, NULL, '2024-12-12 23:14:51', '2024-12-12 23:14:51'),
(464, 'Jacquelyn Ullrich', 'marcos.shanahan@example.com', NULL, '$2y$12$S.gTW68EgoXzrGRb5J0flebm8jXykjjdxp10/UlC2JcGh2M//r/JK', NULL, NULL, NULL, NULL, NULL, NULL, NULL, NULL, NULL, NULL, NULL, NULL, NULL, '2024-12-12 23:14:51', '2024-12-12 23:14:51'),
(465, 'Leonardo Hoppe', 'frederique.cartwright@example.com', NULL, '$2y$12$j037lk.gQijYQFbxyncP3OYaE22O5ghCWf9.kZ5DLHPLXnLHgueTO', NULL, NULL, NULL, NULL, NULL, NULL, NULL, NULL, NULL, NULL, NULL, NULL, NULL, '2024-12-12 23:14:51', '2024-12-12 23:14:51'),
(466, 'Gertrude Moore I', 'nitzsche.felicia@example.net', NULL, '$2y$12$uPnm.KaP4AeOfdvQhKwlqeeEnawxobZxUrr38w/NDi6G61tQuTG9q', NULL, NULL, NULL, NULL, NULL, NULL, NULL, NULL, NULL, NULL, NULL, NULL, NULL, '2024-12-12 23:14:51', '2024-12-12 23:14:51'),
(467, 'Braeden Hickle Sr.', 'conor.brown@example.com', NULL, '$2y$12$0ETNt2vypw/bXkeL9L5uWetHq34TIrFdzIr72fEzUv944/3afoCzy', NULL, NULL, NULL, NULL, NULL, NULL, NULL, NULL, NULL, NULL, NULL, NULL, NULL, '2024-12-12 23:14:52', '2024-12-12 23:14:52'),
(468, 'Amy O\'Connell', 'dlebsack@example.org', NULL, '$2y$12$rexCpOaFwHPS40Jw2mVDtO88tcbmNqcoszXq/j7LFmJxcZXra7SoS', NULL, NULL, NULL, NULL, NULL, NULL, NULL, NULL, NULL, NULL, NULL, NULL, NULL, '2024-12-12 23:14:52', '2024-12-12 23:14:52'),
(469, 'Monty Wehner', 'isipes@example.net', NULL, '$2y$12$uj.ToFeCXLosO6Q2OYcK2uwgTxs5JdY08gKXYjUVbyGjQSwJczcVa', NULL, NULL, NULL, NULL, NULL, NULL, NULL, NULL, NULL, NULL, NULL, NULL, NULL, '2024-12-12 23:14:52', '2024-12-12 23:14:52'),
(470, 'Dax Bartoletti Sr.', 'hobart.krajcik@example.org', NULL, '$2y$12$ySqLAdjye6Hs/qijBkObhOK53o3J3Jm6b.NnGa8J9dv5X5xMKaRnm', NULL, NULL, NULL, NULL, NULL, NULL, NULL, NULL, NULL, NULL, NULL, NULL, NULL, '2024-12-12 23:14:52', '2024-12-12 23:14:52'),
(471, 'Mr. Philip Ankunding I', 'volkman.adele@example.net', NULL, '$2y$12$g7n3E1sNfbyBgQg2QYkpFOgrCRpe.gMgYToKu7oIPbEK1immcZ4LS', NULL, NULL, NULL, NULL, NULL, NULL, NULL, NULL, NULL, NULL, NULL, NULL, NULL, '2024-12-12 23:14:52', '2024-12-12 23:14:52'),
(472, 'Theodora DuBuque', 'bianka10@example.org', NULL, '$2y$12$RZHAnF2HKctKKd8bjlIO2eJVf697wvqI1z6KsP0epaQKMG/iydZCW', NULL, NULL, NULL, NULL, NULL, NULL, NULL, NULL, NULL, NULL, NULL, NULL, NULL, '2024-12-12 23:14:53', '2024-12-12 23:14:53'),
(473, 'Erna Konopelski', 'madie.ryan@example.com', NULL, '$2y$12$x2S3G6JvRRd6W/PRe.mUbeye1/m/V9A.PhdYDowjWTHnWBaE1VyUG', NULL, NULL, NULL, NULL, NULL, NULL, NULL, NULL, NULL, NULL, NULL, NULL, NULL, '2024-12-12 23:14:53', '2024-12-12 23:14:53'),
(474, 'Miss Aletha Orn', 'purdy.eda@example.com', NULL, '$2y$12$dC9VPtw0tEIeN3mhpSe7Z.6Q7sqfiVbtMJe700.8exV33KTH19d3m', NULL, NULL, NULL, NULL, NULL, NULL, NULL, NULL, NULL, NULL, NULL, NULL, NULL, '2024-12-12 23:14:53', '2024-12-12 23:14:53'),
(475, 'Toy Hane', 'abergnaum@example.net', NULL, '$2y$12$9Z1wYj8.XT9l7T59XdZD1Oe3HBO2ADdCeX02cwGh3aI.0fT15vJxe', NULL, NULL, NULL, NULL, NULL, NULL, NULL, NULL, NULL, NULL, NULL, NULL, NULL, '2024-12-12 23:14:53', '2024-12-12 23:14:53'),
(476, 'Braxton Waelchi', 'nicholaus.mann@example.com', NULL, '$2y$12$PLSaRAoOOBVzbi9/JabAFeuCbhVl.jdAlfzdeHtxUX.kkfglYTErO', NULL, NULL, NULL, NULL, NULL, NULL, NULL, NULL, NULL, NULL, NULL, NULL, NULL, '2024-12-12 23:14:54', '2024-12-12 23:14:54'),
(477, 'Mrs. Ariane Kreiger Jr.', 'kshlerin.geraldine@example.org', NULL, '$2y$12$wmF9ZCD0Ki7hiSBAVB.tiOiAimTQUeghW30H3YR7BxJB4Qrht8t7S', NULL, NULL, NULL, NULL, NULL, NULL, NULL, NULL, NULL, NULL, NULL, NULL, NULL, '2024-12-12 23:14:54', '2024-12-12 23:14:54'),
(478, 'Kathryne Gutmann', 'jimmy.nader@example.org', NULL, '$2y$12$7dHil9K8VFVDhCldQi42YenBvbPEdSpF/KGVVGSFwKa/Owe2/CvLq', NULL, NULL, NULL, NULL, NULL, NULL, NULL, NULL, NULL, NULL, NULL, NULL, NULL, '2024-12-12 23:14:54', '2024-12-12 23:14:54'),
(479, 'Dr. Kelton Lubowitz', 'bruce.deckow@example.org', NULL, '$2y$12$Yxxvi4JDboMkBMtqbpkViO4LIAHL/byYwFiuH.dj1K4aJQ6zE4i2G', NULL, NULL, NULL, NULL, NULL, NULL, NULL, NULL, NULL, NULL, NULL, NULL, NULL, '2024-12-12 23:14:54', '2024-12-12 23:14:54'),
(480, 'Mr. Makenna Zboncak I', 'kuhn.marjory@example.com', NULL, '$2y$12$RTLDYPL7SbW7EBpg7GuacOZn/c18GJTNVDMy1Vfs/fP8pou.UNPsq', NULL, NULL, NULL, NULL, NULL, NULL, NULL, NULL, NULL, NULL, NULL, NULL, NULL, '2024-12-12 23:14:54', '2024-12-12 23:14:54'),
(481, 'Scot Hermiston', 'missouri81@example.net', NULL, '$2y$12$75ZfXkDMdQwN.EDQUyEMvuS6o4Msm1xbiAW0Ioc7bqpGNc5Ex2fGa', NULL, NULL, NULL, NULL, NULL, NULL, NULL, NULL, NULL, NULL, NULL, NULL, NULL, '2024-12-12 23:14:55', '2024-12-12 23:14:55'),
(482, 'Dr. Grayce Dach', 'marcos76@example.net', NULL, '$2y$12$KbK5K.1IRkvNq1MIE65FNOamPxYpn0xKvOPpG5UTRmDi/GwX.JwBO', NULL, NULL, NULL, NULL, NULL, NULL, NULL, NULL, NULL, NULL, NULL, NULL, NULL, '2024-12-12 23:14:55', '2024-12-12 23:14:55'),
(483, 'Brendon Hane', 'jaylan49@example.com', NULL, '$2y$12$cqFPbbxla.y1oY4hWgZb1.QwgaIgaH0qjEcL/.ziYHG3qHXu4iMuS', NULL, NULL, NULL, NULL, NULL, NULL, NULL, NULL, NULL, NULL, NULL, NULL, NULL, '2024-12-12 23:14:55', '2024-12-12 23:14:55'),
(484, 'Ms. Brisa Thompson V', 'ncormier@example.org', NULL, '$2y$12$aUX5PK11OD8k8BK9Y.KtnewjezhGfnXbnvNExlomaCW1moTG8QKVa', NULL, NULL, NULL, NULL, NULL, NULL, NULL, NULL, NULL, NULL, NULL, NULL, NULL, '2024-12-12 23:14:55', '2024-12-12 23:14:55'),
(485, 'Twila Jacobs', 'stacey85@example.com', NULL, '$2y$12$6vboc5JmwcVdJdq6JhBCt.CRBq8sSerL95RBXUfRiPhlop.gZJHxa', NULL, NULL, NULL, NULL, NULL, NULL, NULL, NULL, NULL, NULL, NULL, NULL, NULL, '2024-12-12 23:14:56', '2024-12-12 23:14:56'),
(486, 'Rhett Powlowski', 'nstoltenberg@example.com', NULL, '$2y$12$rq6IC9KsvHYSZzDK5rXtmupVeX6NwXX/u6hLrFw/zITJfHZpRtq1e', NULL, NULL, NULL, NULL, NULL, NULL, NULL, NULL, NULL, NULL, NULL, NULL, NULL, '2024-12-12 23:14:56', '2024-12-12 23:14:56'),
(487, 'Dr. Lloyd Ortiz', 'aufderhar.marilou@example.org', NULL, '$2y$12$1UN6RTI/ZSC/S8lQALjE7utII9KzaE39tY15yu.x0qmHSLJZEvnci', NULL, NULL, NULL, NULL, NULL, NULL, NULL, NULL, NULL, NULL, NULL, NULL, NULL, '2024-12-12 23:14:56', '2024-12-12 23:14:56'),
(488, 'Miss Jacinthe Stokes', 'qpowlowski@example.org', NULL, '$2y$12$jOOJZC8P8GWrzyabvP35VuuaK2KMUUhWxeIr/ETS7j/qx3ElU/7N.', NULL, NULL, NULL, NULL, NULL, NULL, NULL, NULL, NULL, NULL, NULL, NULL, NULL, '2024-12-12 23:14:56', '2024-12-12 23:14:56'),
(489, 'Destini Weissnat', 'juliet.vonrueden@example.com', NULL, '$2y$12$G4G9Pd3k67p9GJfk5jXxkOpQ8eG5VzS3PnniXX5WWh.5mRRJgU.vC', NULL, NULL, NULL, NULL, NULL, NULL, NULL, NULL, NULL, NULL, NULL, NULL, NULL, '2024-12-12 23:14:57', '2024-12-12 23:14:57'),
(490, 'Mathias Satterfield', 'kristy09@example.com', NULL, '$2y$12$HjCPX78g92lshtSuAxYag.UYj52H3H4mKr/lXdgHpUkX/jjZAUuM2', NULL, NULL, NULL, NULL, NULL, NULL, NULL, NULL, NULL, NULL, NULL, NULL, NULL, '2024-12-12 23:14:57', '2024-12-12 23:14:57'),
(491, 'Easter Sawayn MD', 'georgiana70@example.net', NULL, '$2y$12$IXPpSaztKj04JwEJEww8vOsvtTZj1U6uC3X5QSGfhID2Kd07dCtNi', NULL, NULL, NULL, NULL, NULL, NULL, NULL, NULL, NULL, NULL, NULL, NULL, NULL, '2024-12-12 23:14:57', '2024-12-12 23:14:57'),
(492, 'Arjun Hagenes', 'breitenberg.heloise@example.org', NULL, '$2y$12$xXAcibCGX9E.pdoup1I.4uNLf6BWyCkXvOUv6m5kspvzTRrSN4uAu', NULL, NULL, NULL, NULL, NULL, NULL, NULL, NULL, NULL, NULL, NULL, NULL, NULL, '2024-12-12 23:14:57', '2024-12-12 23:14:57'),
(493, 'Ms. Viola Bosco MD', 'ratke.judge@example.org', NULL, '$2y$12$HlStEf8xAAajNjyVXAF2Eu7veBQjGfzVuBNq1M.HThngPpH54fdNi', NULL, NULL, NULL, NULL, NULL, NULL, NULL, NULL, NULL, NULL, NULL, NULL, NULL, '2024-12-12 23:14:57', '2024-12-12 23:14:57'),
(494, 'Celestino Sanford V', 'vandervort.corene@example.org', NULL, '$2y$12$iu8ghrpMWUrh7989sUiztevwj6mndJLm6tCugIGXo19GRzI5jMe7C', NULL, NULL, NULL, NULL, NULL, NULL, NULL, NULL, NULL, NULL, NULL, NULL, NULL, '2024-12-12 23:14:58', '2024-12-12 23:14:58'),
(495, 'Mr. Tanner Ryan', 'furman.yost@example.net', NULL, '$2y$12$aD4C3CDYiQCYmRBxHs8vL.tlHTrZQl3QHeQpt/xIxtuLFd1sCVX3.', NULL, NULL, NULL, NULL, NULL, NULL, NULL, NULL, NULL, NULL, NULL, NULL, NULL, '2024-12-12 23:14:58', '2024-12-12 23:14:58'),
(496, 'Mrs. Leatha Turcotte IV', 'zrodriguez@example.com', NULL, '$2y$12$j50D3ZLWSgNriCH.sL7ZbOMUdhvtNfazm4ZpStbIYSYG5GHsUu66K', NULL, NULL, NULL, NULL, NULL, NULL, NULL, NULL, NULL, NULL, NULL, NULL, NULL, '2024-12-12 23:14:58', '2024-12-12 23:14:58'),
(497, 'Prof. Aleen Rosenbaum IV', 'lon20@example.org', NULL, '$2y$12$prfSVB0iEFwD7ocPCSM/i.eZth/pfCIQgVnerQtz2S2TPhuPZZ57G', NULL, NULL, NULL, NULL, NULL, NULL, NULL, NULL, NULL, NULL, NULL, NULL, NULL, '2024-12-12 23:14:58', '2024-12-12 23:14:58'),
(498, 'Dr. Colin Farrell IV', 'providenci26@example.org', NULL, '$2y$12$Dj527Mun8n2vbLZFWrTA4eOo8PcsHvRAJ.H63IF/cxrno3Q.yjFhO', NULL, NULL, NULL, NULL, NULL, NULL, NULL, NULL, NULL, NULL, NULL, NULL, NULL, '2024-12-12 23:14:59', '2024-12-12 23:14:59'),
(499, 'Daren Osinski', 'pierce.lowe@example.org', NULL, '$2y$12$DqBVfneX5qTkgvKLQ9jk0ONMu2YdjVrUm/qjcjbbo3qqPhhHR3vWu', NULL, NULL, NULL, NULL, NULL, NULL, NULL, NULL, NULL, NULL, NULL, NULL, NULL, '2024-12-12 23:14:59', '2024-12-12 23:14:59'),
(500, 'Prof. Alessia Mohr', 'nicholas.nienow@example.net', NULL, '$2y$12$JR29vUZ0VlomowapznXpfehRZQ7mGr.EmBryB/rloTInASkwmyrDy', NULL, NULL, NULL, NULL, NULL, NULL, NULL, NULL, NULL, NULL, NULL, NULL, NULL, '2024-12-12 23:14:59', '2024-12-12 23:14:59'),
(501, 'Shirley Swaniawski', 'melody61@example.net', NULL, '$2y$12$t6srpS24LvzTrjJFXK9f7.hp0nbyTBzp2LTY9/V3XfLiyoHrnoz5i', NULL, NULL, NULL, NULL, NULL, NULL, NULL, NULL, NULL, NULL, NULL, NULL, NULL, '2024-12-12 23:14:59', '2024-12-12 23:14:59'),
(502, 'Miss Agustina Osinski DVM', 'schultz.stefan@example.org', NULL, '$2y$12$NLeF3c1OYw/49ABkS3E7j.q4JNdjAZGjNLm5wxAibXn/u.SxAFuy2', NULL, NULL, NULL, NULL, NULL, NULL, NULL, NULL, NULL, NULL, NULL, NULL, NULL, '2024-12-12 23:14:59', '2024-12-12 23:14:59'),
(503, 'Isabell Upton', 'shields.aditya@example.com', NULL, '$2y$12$.abupEa4MILGlOjVrbN0uOBuohiFfiraAGwgZz93V6RI4YON0ZMZ6', NULL, NULL, NULL, NULL, NULL, NULL, NULL, NULL, NULL, NULL, NULL, NULL, NULL, '2024-12-12 23:15:00', '2024-12-12 23:15:00'),
(504, 'Leta Bosco', 'rodger.schaden@example.net', NULL, '$2y$12$LJMSrnumdqvf9hnXnBjSp.r0a9El5H7sm3c9Y.uwt6Tio2AAg7F1S', NULL, NULL, NULL, NULL, NULL, NULL, NULL, NULL, NULL, NULL, NULL, NULL, NULL, '2024-12-12 23:15:00', '2024-12-12 23:15:00'),
(505, 'Dolly Gulgowski', 'thad.sipes@example.com', NULL, '$2y$12$HEpp7tswILT7da0GQwWq1O0mCLddpCV3J3bN5GE.gFAptb9sv.vTi', NULL, NULL, NULL, NULL, NULL, NULL, NULL, NULL, NULL, NULL, NULL, NULL, NULL, '2024-12-12 23:15:00', '2024-12-12 23:15:00'),
(506, 'Deja Bogisich I', 'nona.satterfield@example.com', NULL, '$2y$12$L/J2ShAIZSEqbZ8rriYiH.Yq4TEAgvmDyiERVqAee94Pw4GgUGmqy', NULL, NULL, NULL, NULL, NULL, NULL, NULL, NULL, NULL, NULL, NULL, NULL, NULL, '2024-12-12 23:15:00', '2024-12-12 23:15:00'),
(507, 'Alvena Abernathy', 'taylor.cummerata@example.net', NULL, '$2y$12$ZAGEC.Bu0spyRU7F2fJfc.vpcE5iDvHxEB7s8qCnZ257XlIkSlEWi', NULL, NULL, NULL, NULL, NULL, NULL, NULL, NULL, NULL, NULL, NULL, NULL, NULL, '2024-12-12 23:15:01', '2024-12-12 23:15:01'),
(508, 'Kareem Ondricka', 'hailie.durgan@example.com', NULL, '$2y$12$A1t6cdpY9kfl.a0No3iUFe78tt6MzMwAuJhJ32s9odPdl8GfxtWVK', NULL, NULL, NULL, NULL, NULL, NULL, NULL, NULL, NULL, NULL, NULL, NULL, NULL, '2024-12-12 23:15:01', '2024-12-12 23:15:01'),
(509, 'Miss Astrid Jakubowski', 'steuber.birdie@example.net', NULL, '$2y$12$x/gGnLhGApguO.ugWDBYROwcudQuJpXthGNlyLnzcyxpx.BzoHEX6', NULL, NULL, NULL, NULL, NULL, NULL, NULL, NULL, NULL, NULL, NULL, NULL, NULL, '2024-12-12 23:15:01', '2024-12-12 23:15:01'),
(510, 'Paige Howe MD', 'joyce91@example.org', NULL, '$2y$12$HkjSwN.0QrzkUYnymLubd.eNNJYUnxvN6qdGw8CqFlvdn.e63ToG6', NULL, NULL, NULL, NULL, NULL, NULL, NULL, NULL, NULL, NULL, NULL, NULL, NULL, '2024-12-12 23:15:01', '2024-12-12 23:15:01'),
(511, 'Laron West', 'ritchie.nya@example.com', NULL, '$2y$12$a.cysXdfTq4CIOgrHcnpKeelCy84RaQXqa2miwAXH1SItqz2UlKuC', NULL, NULL, NULL, NULL, NULL, NULL, NULL, NULL, NULL, NULL, NULL, NULL, NULL, '2024-12-12 23:15:01', '2024-12-12 23:15:01'),
(512, 'Dr. Buford Kiehn PhD', 'etowne@example.org', NULL, '$2y$12$yGtWosThNODpUs3UeMxNGux/1xHGrQ4HjH/bVagvieD4iOfPpaJC.', NULL, NULL, NULL, NULL, NULL, NULL, NULL, NULL, NULL, NULL, NULL, NULL, NULL, '2024-12-12 23:15:02', '2024-12-12 23:15:02'),
(513, 'Prof. Jamaal Dooley II', 'cristobal70@example.com', NULL, '$2y$12$gUVZIiIE/fe3Z/fbvzYqTe1vBBV6bT.5KzxKsRGKbIGjcPzBjPEeW', NULL, NULL, NULL, NULL, NULL, NULL, NULL, NULL, NULL, NULL, NULL, NULL, NULL, '2024-12-12 23:15:02', '2024-12-12 23:15:02'),
(514, 'Litzy Bednar V', 'ervin86@example.org', NULL, '$2y$12$fLGLLgf9YP71uP8NMw2uQO/GFw7ulW5QxnR9lGTGAwrbeMEzQwRAG', NULL, NULL, NULL, NULL, NULL, NULL, NULL, NULL, NULL, NULL, NULL, NULL, NULL, '2024-12-12 23:15:02', '2024-12-12 23:15:02'),
(515, 'Miss Calista Wehner I', 'esmeralda.robel@example.net', NULL, '$2y$12$kfWa5eEW4ttNa6OVJ69druZojrxQmz1XgNyz6W3SORQp/k2hziida', NULL, NULL, NULL, NULL, NULL, NULL, NULL, NULL, NULL, NULL, NULL, NULL, NULL, '2024-12-12 23:15:02', '2024-12-12 23:15:02'),
(516, 'Mrs. Marguerite Boehm DVM', 'qwest@example.org', NULL, '$2y$12$wWD28D04tfxll1BQE/dYrOMXtH4iT0tiuADn1FU5I1p7LAPsr6XSK', NULL, NULL, NULL, NULL, NULL, NULL, NULL, NULL, NULL, NULL, NULL, NULL, NULL, '2024-12-12 23:15:03', '2024-12-12 23:15:03'),
(517, 'Prof. Abby Stracke DVM', 'rae20@example.org', NULL, '$2y$12$QAmSAIbMG94.WrrBmLUA7eOmzrIvO4Wk4IexpMSVrbqcEwtxNjxFK', NULL, NULL, NULL, NULL, NULL, NULL, NULL, NULL, NULL, NULL, NULL, NULL, NULL, '2024-12-12 23:15:03', '2024-12-12 23:15:03'),
(518, 'Eric Grimes', 'felipa.bernier@example.com', NULL, '$2y$12$QizVuO/QeXQ.QI80VaCR0OqG9NSAVInOO2IIDZ7HdlA66PqZO.Iqa', NULL, NULL, NULL, NULL, NULL, NULL, NULL, NULL, NULL, NULL, NULL, NULL, NULL, '2024-12-12 23:15:03', '2024-12-12 23:15:03'),
(519, 'Crystel Buckridge', 'deonte15@example.com', NULL, '$2y$12$hCArhwRpzrhBzfNkBFGTTO0AdtyXYsnceULxAK9x/BS7RvEB4GSEK', NULL, NULL, NULL, NULL, NULL, NULL, NULL, NULL, NULL, NULL, NULL, NULL, NULL, '2024-12-12 23:15:03', '2024-12-12 23:15:03'),
(520, 'Lyla Prohaska', 'torp.walker@example.net', NULL, '$2y$12$J0I04RJCr.8cpC9iI7MP1OHnsUFbkI7HMVmiI7hYWSlePJVCKXYXi', NULL, NULL, NULL, NULL, NULL, NULL, NULL, NULL, NULL, NULL, NULL, NULL, NULL, '2024-12-12 23:15:03', '2024-12-12 23:15:03'),
(521, 'Dr. Terence Beer', 'lurline20@example.net', NULL, '$2y$12$/H.zy/saEEhN4ut6Z1gfcu3m0q3PwcfAGs2g0rXxk24poIlSSnDj.', NULL, NULL, NULL, NULL, NULL, NULL, NULL, NULL, NULL, NULL, NULL, NULL, NULL, '2024-12-12 23:15:04', '2024-12-12 23:15:04'),
(522, 'Polly Cronin', 'icarroll@example.net', NULL, '$2y$12$Kgh6nlVFwDMLaSBK5Cawl.znDbE6mDKUCh0lqQWLV3BRAgmQ1br0O', NULL, NULL, NULL, NULL, NULL, NULL, NULL, NULL, NULL, NULL, NULL, NULL, NULL, '2024-12-12 23:15:04', '2024-12-12 23:15:04'),
(523, 'Allison Walsh', 'legros.mercedes@example.com', NULL, '$2y$12$Xd1PUnzW6uMsDqRXHBg5D.kbPUfhqZi3cg15lurV6N8jKd/slEOmC', NULL, NULL, NULL, NULL, NULL, NULL, NULL, NULL, NULL, NULL, NULL, NULL, NULL, '2024-12-12 23:15:04', '2024-12-12 23:15:04'),
(524, 'Kali Kuhn', 'haag.rebekah@example.net', NULL, '$2y$12$1OTfP0vygJwZeIxfBr5APO7aOnwbSowzSZCEwTc/ey.cVsto2kUGi', NULL, NULL, NULL, NULL, NULL, NULL, NULL, NULL, NULL, NULL, NULL, NULL, NULL, '2024-12-12 23:15:05', '2024-12-12 23:15:05'),
(525, 'Mr. Lenny Homenick', 'florida.gutmann@example.net', NULL, '$2y$12$7KS2/cgswBMBic10bCT8H.0Bwuv.mRwlm.Q0gR3W7cpRIMEwGgY9q', NULL, NULL, NULL, NULL, NULL, NULL, NULL, NULL, NULL, NULL, NULL, NULL, NULL, '2024-12-12 23:15:05', '2024-12-12 23:15:05'),
(526, 'Ms. Jaquelin Steuber Sr.', 'emelie.konopelski@example.net', NULL, '$2y$12$ZuF6jWo6qKZbcqhcrfgwyu8F9PrVseh6gnV8AXF97pVRuSrHoAVY6', NULL, NULL, NULL, NULL, NULL, NULL, NULL, NULL, NULL, NULL, NULL, NULL, NULL, '2024-12-12 23:15:05', '2024-12-12 23:15:05'),
(527, 'Garry Kshlerin', 'elvera.murphy@example.com', NULL, '$2y$12$HU.L43X4DTDzLrQiofxKLuzNFoAXYO0drMoXGaM5l6amsfHEg6fPy', NULL, NULL, NULL, NULL, NULL, NULL, NULL, NULL, NULL, NULL, NULL, NULL, NULL, '2024-12-12 23:15:05', '2024-12-12 23:15:05'),
(528, 'Daniela Strosin', 'cwalsh@example.com', NULL, '$2y$12$lvaXulBQohgDbwggP690jejuUjRcbpNKNlPa0r6ldkeryK9EwXTnC', NULL, NULL, NULL, NULL, NULL, NULL, NULL, NULL, NULL, NULL, NULL, NULL, NULL, '2024-12-12 23:15:06', '2024-12-12 23:15:06'),
(529, 'Mrs. Ines Lehner PhD', 'conrad15@example.net', NULL, '$2y$12$rV.UW2V8VWqyPBKsAYMuneLvi6qDYXep0VZ3cAuUA1BtaIv3wVL4O', NULL, NULL, NULL, NULL, NULL, NULL, NULL, NULL, NULL, NULL, NULL, NULL, NULL, '2024-12-12 23:15:06', '2024-12-12 23:15:06'),
(530, 'Jeanette Spencer', 'shanelle.beahan@example.com', NULL, '$2y$12$P7BGe81pcrRxb.MZkr1Ls.m02eBT3Ktp0i744KFdp6rOnAB4PleOO', NULL, NULL, NULL, NULL, NULL, NULL, NULL, NULL, NULL, NULL, NULL, NULL, NULL, '2024-12-12 23:15:06', '2024-12-12 23:15:06'),
(531, 'Rowland Marquardt V', 'johnnie31@example.com', NULL, '$2y$12$IuxU92jFg6funE6R2dQ7AuiPV8JM/TF4G/JqmBsWMmPBg/WB/D6cC', NULL, NULL, NULL, NULL, NULL, NULL, NULL, NULL, NULL, NULL, NULL, NULL, NULL, '2024-12-12 23:15:07', '2024-12-12 23:15:07'),
(532, 'Penelope Langosh III', 'allen.ledner@example.net', NULL, '$2y$12$38A/eLgooBjsKU6MTCI5aOLb5PhlIM9TyJyfJ9S4mr5X9cXXEfnIG', NULL, NULL, NULL, NULL, NULL, NULL, NULL, NULL, NULL, NULL, NULL, NULL, NULL, '2024-12-12 23:15:07', '2024-12-12 23:15:07'),
(533, 'Mr. Brock McGlynn DDS', 'rogers.schuster@example.org', NULL, '$2y$12$WpoucNfGgtOtUixbcnKP1eriiAgGfJZRcWRSkVU.TSsy2KNP8NA56', NULL, NULL, NULL, NULL, NULL, NULL, NULL, NULL, NULL, NULL, NULL, NULL, NULL, '2024-12-12 23:15:07', '2024-12-12 23:15:07'),
(534, 'Lynn Hodkiewicz', 'waters.patricia@example.org', NULL, '$2y$12$k1ZL2bsZ1oZ6LJN.P4Tz3Ok5xaAmRflrJhZeckkSeGAz5zhzxsmye', NULL, NULL, NULL, NULL, NULL, NULL, NULL, NULL, NULL, NULL, NULL, NULL, NULL, '2024-12-12 23:15:07', '2024-12-12 23:15:07'),
(535, 'Jordon Koepp', 'laverne.bruen@example.net', NULL, '$2y$12$Zjh3kUu3YYcW9kWQIMwszOlq5pnpXT23NdCO8rsn6wt7uLgE5FbxG', NULL, NULL, NULL, NULL, NULL, NULL, NULL, NULL, NULL, NULL, NULL, NULL, NULL, '2024-12-12 23:15:08', '2024-12-12 23:15:08'),
(536, 'Loraine Lueilwitz', 'orland39@example.com', NULL, '$2y$12$v8/yxj27wv1PK.drgt5KweyzUqSIZ3.fFV6gbCXFos18Snvuji1w.', NULL, NULL, NULL, NULL, NULL, NULL, NULL, NULL, NULL, NULL, NULL, NULL, NULL, '2024-12-12 23:15:08', '2024-12-12 23:15:08'),
(537, 'Tiana Connelly', 'nathan57@example.com', NULL, '$2y$12$ysLo2QEehaILHQoJtbZ8Ne/2.m.JaPkXNE5a4EidLlH.Wl0evPMlu', NULL, NULL, NULL, NULL, NULL, NULL, NULL, NULL, NULL, NULL, NULL, NULL, NULL, '2024-12-12 23:15:08', '2024-12-12 23:15:08'),
(538, 'Buck Volkman V', 'kulas.berry@example.com', NULL, '$2y$12$FxBbwm4mF2IQqWsLp0VyFeJBC.MjXM1OClqKbMxPYaqeJIEaWUd5.', NULL, NULL, NULL, NULL, NULL, NULL, NULL, NULL, NULL, NULL, NULL, NULL, NULL, '2024-12-12 23:15:08', '2024-12-12 23:15:08'),
(539, 'Ayla Huels', 'kathlyn.cronin@example.com', NULL, '$2y$12$QXi.Y4yfoTZLlP1sa4ocmuwfbj3ksYqBN6t3XXptRmiv45NQKxto.', NULL, NULL, NULL, NULL, NULL, NULL, NULL, NULL, NULL, NULL, NULL, NULL, NULL, '2024-12-12 23:15:09', '2024-12-12 23:15:09'),
(540, 'Mary Johnson', 'adelle10@example.net', NULL, '$2y$12$RDbPhtOXPNlJEY90nqjV8Ox/yuco.nlu8FW6DljQGcyZ3umBT5f.K', NULL, NULL, NULL, NULL, NULL, NULL, NULL, NULL, NULL, NULL, NULL, NULL, NULL, '2024-12-12 23:15:09', '2024-12-12 23:15:09'),
(541, 'Favian Borer', 'dcole@example.org', NULL, '$2y$12$Q0gJqLnR6ODQA6Ib4bnHV.S1SQX.SaP5VYmTeDivJSCfcm.JEiT8q', NULL, NULL, NULL, NULL, NULL, NULL, NULL, NULL, NULL, NULL, NULL, NULL, NULL, '2024-12-12 23:15:10', '2024-12-12 23:15:10'),
(542, 'Kaya Lakin', 'ferdman@example.org', NULL, '$2y$12$Wud5Nyb4mefqpJjY1S7np.FEHVk7wkftsgJcWomdfHO6j6mldUVbS', NULL, NULL, NULL, NULL, NULL, NULL, NULL, NULL, NULL, NULL, NULL, NULL, NULL, '2024-12-12 23:15:10', '2024-12-12 23:15:10'),
(543, 'Prof. Keven Lemke', 'aylin.aufderhar@example.com', NULL, '$2y$12$qYr.ZX8x5hGNU64xn28s9.fPR6a7svQ9GJaVQtSkwQSysdlLJRdZ2', NULL, NULL, NULL, NULL, NULL, NULL, NULL, NULL, NULL, NULL, NULL, NULL, NULL, '2024-12-12 23:15:10', '2024-12-12 23:15:10'),
(544, 'Miss Elissa Grimes III', 'finn48@example.com', NULL, '$2y$12$642o.OtOLrcmN5qWZWSB8ObiTamGNTSNlT2paRqYqXFd3HnQnffuu', NULL, NULL, NULL, NULL, NULL, NULL, NULL, NULL, NULL, NULL, NULL, NULL, NULL, '2024-12-12 23:15:11', '2024-12-12 23:15:11'),
(545, 'Marlon Heller', 'brohan@example.net', NULL, '$2y$12$1M4DvVY9sG4mh5zIfwVVoeQE3V/IAizwWUQ45norIu.HPnCFB5JRO', NULL, NULL, NULL, NULL, NULL, NULL, NULL, NULL, NULL, NULL, NULL, NULL, NULL, '2024-12-12 23:15:11', '2024-12-12 23:15:11'),
(546, 'Mr. Skye White', 'doyle.dewitt@example.org', NULL, '$2y$12$z0UyZoR/WhYbg.VCRMfFiOEH5bHjmsaO40BggFD6QB0OaVo51a0aa', NULL, NULL, NULL, NULL, NULL, NULL, NULL, NULL, NULL, NULL, NULL, NULL, NULL, '2024-12-12 23:15:12', '2024-12-12 23:15:12'),
(547, 'Fae Schoen', 'haven09@example.net', NULL, '$2y$12$OTS7IqoavLizl5t2bYzus.9phR8ZHHLJHSxo7GYff34nh32GOg/da', NULL, NULL, NULL, NULL, NULL, NULL, NULL, NULL, NULL, NULL, NULL, NULL, NULL, '2024-12-12 23:15:12', '2024-12-12 23:15:12'),
(548, 'Emile Feeney', 'pamela.streich@example.org', NULL, '$2y$12$8VPKNd6csV0p1c0W0xVnjO8y5twHI63f4n4Qg0N7CNG23PrJgELK.', NULL, NULL, NULL, NULL, NULL, NULL, NULL, NULL, NULL, NULL, NULL, NULL, NULL, '2024-12-12 23:15:12', '2024-12-12 23:15:12'),
(549, 'Lia Dietrich', 'ondricka.linda@example.net', NULL, '$2y$12$Hu1s081KkCJSf20jQkgaFeC.POqoWnb9x7TsF8Ufszdh3uRBDmHOW', NULL, NULL, NULL, NULL, NULL, NULL, NULL, NULL, NULL, NULL, NULL, NULL, NULL, '2024-12-12 23:15:13', '2024-12-12 23:15:13'),
(550, 'Summer Spencer', 'smith.dudley@example.com', NULL, '$2y$12$1bQhpJYLG8XRVz/paB1f1uwlMNDbRTYrBdiTbVtucJ/JP8gsFpD0G', NULL, NULL, NULL, NULL, NULL, NULL, NULL, NULL, NULL, NULL, NULL, NULL, NULL, '2024-12-12 23:15:13', '2024-12-12 23:15:13'),
(551, 'Tyreek Franecki', 'ugleichner@example.com', NULL, '$2y$12$CvN/p1P1vlT9.6xA42doPuTEkW3N/.XiZP4wctxv0uXn9SM7TeP.i', NULL, NULL, NULL, NULL, NULL, NULL, NULL, NULL, NULL, NULL, NULL, NULL, NULL, '2024-12-12 23:15:14', '2024-12-12 23:15:14'),
(552, 'Kaden Hettinger', 'rhermann@example.org', NULL, '$2y$12$0HncjCkrooNqS4V4svcQBe1irHOuqU5vyB1xnooadNpqh2s0yYsQK', NULL, NULL, NULL, NULL, NULL, NULL, NULL, NULL, NULL, NULL, NULL, NULL, NULL, '2024-12-12 23:15:14', '2024-12-12 23:15:14'),
(553, 'Norval Haag', 'jenifer35@example.com', NULL, '$2y$12$sZ8nN7S6AHp4LxI0bP/qyOF3zWhPhPM4TXIz8TkwIY1lt12NcnIju', NULL, NULL, NULL, NULL, NULL, NULL, NULL, NULL, NULL, NULL, NULL, NULL, NULL, '2024-12-12 23:15:14', '2024-12-12 23:15:14'),
(554, 'Mrs. Tamia Klein', 'felicia.jacobson@example.com', NULL, '$2y$12$eDaOqLJHcWhQu2zP.YQuOuGLsvPaR9tOxhrl4.M6Kar2BhZIJtK2e', NULL, NULL, NULL, NULL, NULL, NULL, NULL, NULL, NULL, NULL, NULL, NULL, NULL, '2024-12-12 23:15:15', '2024-12-12 23:15:15'),
(555, 'Cory Ortiz III', 'gerlach.marianna@example.com', NULL, '$2y$12$t.vINfTeKVXlrzjb3gSOTeSel.96PfzuIMGf01e60z7y8LnrqHK76', NULL, NULL, NULL, NULL, NULL, NULL, NULL, NULL, NULL, NULL, NULL, NULL, NULL, '2024-12-12 23:15:15', '2024-12-12 23:15:15'),
(556, 'Holden Windler', 'sharon.buckridge@example.com', NULL, '$2y$12$XbjJkFqk9dR5YAIsmdvireGq1JB89SYmmMB0STk1ouUbG.7FRjp9q', NULL, NULL, NULL, NULL, NULL, NULL, NULL, NULL, NULL, NULL, NULL, NULL, NULL, '2024-12-12 23:15:16', '2024-12-12 23:15:16'),
(557, 'Eldred Jacobi', 'jaskolski.maxine@example.net', NULL, '$2y$12$sNOqbvQKMaTdZZUIzPxD2eAPJL.MUD2BggXNTknBW6QJv3zJifoKW', NULL, NULL, NULL, NULL, NULL, NULL, NULL, NULL, NULL, NULL, NULL, NULL, NULL, '2024-12-12 23:15:16', '2024-12-12 23:15:16'),
(558, 'Aida Lind', 'hallie12@example.net', NULL, '$2y$12$4VC4q5QufNwtRtaQcCsJ2Ox44nIFSwXNrmCLulFYvDLDPzWcEhNtm', NULL, NULL, NULL, NULL, NULL, NULL, NULL, NULL, NULL, NULL, NULL, NULL, NULL, '2024-12-12 23:15:16', '2024-12-12 23:15:16'),
(559, 'Prof. Marlon Hermiston PhD', 'tessie.stoltenberg@example.com', NULL, '$2y$12$Zo0UKJJ9y0F1N54SVf0yNu9.SF4jxMku.071UqysMiTgGsZbHc1dC', NULL, NULL, NULL, NULL, NULL, NULL, NULL, NULL, NULL, NULL, NULL, NULL, NULL, '2024-12-12 23:15:17', '2024-12-12 23:15:17'),
(560, 'Cali Schamberger', 'vhudson@example.org', NULL, '$2y$12$1JzvGYItW0NP2NB.UOH8VeVEzvbpMCnNvtzVqoKM5LqWS7095bIuK', NULL, NULL, NULL, NULL, NULL, NULL, NULL, NULL, NULL, NULL, NULL, NULL, NULL, '2024-12-12 23:15:17', '2024-12-12 23:15:17'),
(561, 'Henry Casper I', 'joel.renner@example.net', NULL, '$2y$12$hpCmSMVwSopAc97G/KzIR.LCIc0272nXbx1tbPTIXr7zIsun3ltgq', NULL, NULL, NULL, NULL, NULL, NULL, NULL, NULL, NULL, NULL, NULL, NULL, NULL, '2024-12-12 23:15:18', '2024-12-12 23:15:18'),
(562, 'Santa Crist', 'mclaughlin.abigale@example.org', NULL, '$2y$12$uHUjzYDZooiiQNzkD3V/2uNsGaxWmkeAh7rpzN9H0qNBJbfXIJxG2', NULL, NULL, NULL, NULL, NULL, NULL, NULL, NULL, NULL, NULL, NULL, NULL, NULL, '2024-12-12 23:15:18', '2024-12-12 23:15:18'),
(563, 'Dr. Ada Mayer I', 'savanna77@example.com', NULL, '$2y$12$roShsX8vh31OL74sP8HbB.7U6NLhcGgiMAyPDIUjWmt0JzlWmnpd6', NULL, NULL, NULL, NULL, NULL, NULL, NULL, NULL, NULL, NULL, NULL, NULL, NULL, '2024-12-12 23:15:18', '2024-12-12 23:15:18'),
(564, 'Torrey Botsford', 'vkihn@example.org', NULL, '$2y$12$qRuv5RqJv0P2vClX0cnIn.wcCtIeCviVZmsgEf2OH58H/0HC0HFM6', NULL, NULL, NULL, NULL, NULL, NULL, NULL, NULL, NULL, NULL, NULL, NULL, NULL, '2024-12-12 23:15:19', '2024-12-12 23:15:19'),
(565, 'Amara Romaguera', 'eichmann.blake@example.org', NULL, '$2y$12$k64SDSZRozua1JZU6go1FePVefEdkW9hVUdOheKycCEivVnw.s2QC', NULL, NULL, NULL, NULL, NULL, NULL, NULL, NULL, NULL, NULL, NULL, NULL, NULL, '2024-12-12 23:15:19', '2024-12-12 23:15:19'),
(566, 'Mr. Easton Terry', 'istokes@example.org', NULL, '$2y$12$jpY2QFn7Rlp6cS8mESoc0OqdDJec919GHmAzul3TGhPDuRw4K7tRK', NULL, NULL, NULL, NULL, NULL, NULL, NULL, NULL, NULL, NULL, NULL, NULL, NULL, '2024-12-12 23:15:19', '2024-12-12 23:15:19'),
(567, 'Joelle Heller', 'vrippin@example.net', NULL, '$2y$12$hHorQlZW.UJ2egyc6ZobbOvjRZkpRYfw6QmU7FY/vXTp2n1xjifJq', NULL, NULL, NULL, NULL, NULL, NULL, NULL, NULL, NULL, NULL, NULL, NULL, NULL, '2024-12-12 23:15:20', '2024-12-12 23:15:20'),
(568, 'Miss Nicolette Feest', 'aimee.kreiger@example.org', NULL, '$2y$12$YlpXvM9udhdgVH2vTjFozO8bs0O0FTP/Qb2k8cawsjQ.Eut4HqRjK', NULL, NULL, NULL, NULL, NULL, NULL, NULL, NULL, NULL, NULL, NULL, NULL, NULL, '2024-12-12 23:15:20', '2024-12-12 23:15:20'),
(569, 'Kyla Crooks', 'ozemlak@example.net', NULL, '$2y$12$FheZeCd.TqZ8ri5R6LIV9uRjOV3TjeQPupqwJS2L7NyR3QWYVeMNC', NULL, NULL, NULL, NULL, NULL, NULL, NULL, NULL, NULL, NULL, NULL, NULL, NULL, '2024-12-12 23:15:21', '2024-12-12 23:15:21'),
(570, 'Theron Veum V', 'thaddeus.dare@example.org', NULL, '$2y$12$CxngwlBSnOLVEZvXP6QgJu3RS6vNf2p4c7kvfNy8.nQwt.kwJ0tjO', NULL, NULL, NULL, NULL, NULL, NULL, NULL, NULL, NULL, NULL, NULL, NULL, NULL, '2024-12-12 23:15:21', '2024-12-12 23:15:21'),
(571, 'Mrs. Christa Rempel PhD', 'fay.dave@example.org', NULL, '$2y$12$dbQkWctMGsQbsL12xGXG4OYrpXRBu1fMazAMgJBbY/XIgfdmJb8Sa', NULL, NULL, NULL, NULL, NULL, NULL, NULL, NULL, NULL, NULL, NULL, NULL, NULL, '2024-12-12 23:15:21', '2024-12-12 23:15:21'),
(572, 'Tremaine Lockman', 'lakin.nash@example.org', NULL, '$2y$12$gz2ai/UTQOxihMly3GyQxOAw57BDA6BWgO6VC5JcJVRRV8MUOz4P2', NULL, NULL, NULL, NULL, NULL, NULL, NULL, NULL, NULL, NULL, NULL, NULL, NULL, '2024-12-12 23:15:22', '2024-12-12 23:15:22'),
(573, 'Laurel Heidenreich', 'kayley.parisian@example.net', NULL, '$2y$12$f2IzKMB0F29t/.yrl5sLl.KrG5ujc57GXFSuOavJZU/Cc3B920YM2', NULL, NULL, NULL, NULL, NULL, NULL, NULL, NULL, NULL, NULL, NULL, NULL, NULL, '2024-12-12 23:15:22', '2024-12-12 23:15:22'),
(574, 'Katelyn Stanton', 'nikolaus.cassandra@example.com', NULL, '$2y$12$9Gdoe5R/WEXM5QgGbXXy8OgP.7uNVFk1fgYX7fLIJfT8dC0GNvWOG', NULL, NULL, NULL, NULL, NULL, NULL, NULL, NULL, NULL, NULL, NULL, NULL, NULL, '2024-12-12 23:15:22', '2024-12-12 23:15:22'),
(575, 'Ernestina Nikolaus MD', 'ritchie.jedidiah@example.org', NULL, '$2y$12$NJFmvv88MvPoCw.NXH27jOri8gH31.CQtBMNhmuLvowaZcPcB5g/i', NULL, NULL, NULL, NULL, NULL, NULL, NULL, NULL, NULL, NULL, NULL, NULL, NULL, '2024-12-12 23:15:23', '2024-12-12 23:15:23'),
(576, 'Julio Collins III', 'cody74@example.net', NULL, '$2y$12$9MPi2dzpcmbhbEDNVoQBquLo6kyrsjrHSu9jGCYgTIaqJbgin2E0.', NULL, NULL, NULL, NULL, NULL, NULL, NULL, NULL, NULL, NULL, NULL, NULL, NULL, '2024-12-12 23:15:23', '2024-12-12 23:15:23'),
(577, 'Mr. Otho Ondricka DDS', 'trisha41@example.org', NULL, '$2y$12$RFJK7bnIIYmn6rzlFr/q4OIyQFmyHanO/9BejpTvhZxt0B4O1J3m.', NULL, NULL, NULL, NULL, NULL, NULL, NULL, NULL, NULL, NULL, NULL, NULL, NULL, '2024-12-12 23:15:24', '2024-12-12 23:15:24'),
(578, 'Dr. Willow Yundt DDS', 'adela.smitham@example.net', NULL, '$2y$12$Vb9SXMKQi5oSqruMJQB4b.PFkkj.xK77tK4dU324Qm8vWOVw3p1m2', NULL, NULL, NULL, NULL, NULL, NULL, NULL, NULL, NULL, NULL, NULL, NULL, NULL, '2024-12-12 23:15:24', '2024-12-12 23:15:24'),
(579, 'Zella Fay DVM', 'coleman.dare@example.net', NULL, '$2y$12$8nQGPYNRG7Tz8unwou9IoOefccaal1vHg/eP/LjUUvxBTU8Kodzv.', NULL, NULL, NULL, NULL, NULL, NULL, NULL, NULL, NULL, NULL, NULL, NULL, NULL, '2024-12-12 23:15:25', '2024-12-12 23:15:25'),
(580, 'Adalberto Beahan', 'tdubuque@example.com', NULL, '$2y$12$7QEg0d6iLRx2y1AoQYeiau8ebwu/lmmRPr8DzyCB3Z/rWL3RIoVw6', NULL, NULL, NULL, NULL, NULL, NULL, NULL, NULL, NULL, NULL, NULL, NULL, NULL, '2024-12-12 23:15:25', '2024-12-12 23:15:25'),
(581, 'Miss Glenna Heaney', 'jerod13@example.com', NULL, '$2y$12$1Jun0IZJIrgmjGlMQ8LuTuGLoqcQhvmR0tJQa3V28/7nVpLUoE3k2', NULL, NULL, NULL, NULL, NULL, NULL, NULL, NULL, NULL, NULL, NULL, NULL, NULL, '2024-12-12 23:15:25', '2024-12-12 23:15:25'),
(582, 'Rashad King', 'mallory.miller@example.com', NULL, '$2y$12$APKbBWwMNzPpbCyyrhstt.JaLCpOExfnvOWdFNueePe6DhHD1g.A6', NULL, NULL, NULL, NULL, NULL, NULL, NULL, NULL, NULL, NULL, NULL, NULL, NULL, '2024-12-12 23:15:26', '2024-12-12 23:15:26'),
(583, 'Cleo Ledner', 'assunta05@example.org', NULL, '$2y$12$h/qa5SfW6izQAR68W1qAzOmyjjSWlPVh6AdTRFuLXq9qCzQnMFNHq', NULL, NULL, NULL, NULL, NULL, NULL, NULL, NULL, NULL, NULL, NULL, NULL, NULL, '2024-12-12 23:15:26', '2024-12-12 23:15:26'),
(584, 'Georgianna Hoeger I', 'santina55@example.net', NULL, '$2y$12$1vP6v9YPoVRALJX97yduJukNZhUjDhIYDaHbEELfxWBX9GfjD97mW', NULL, NULL, NULL, NULL, NULL, NULL, NULL, NULL, NULL, NULL, NULL, NULL, NULL, '2024-12-12 23:15:26', '2024-12-12 23:15:26'),
(585, 'Hardy Medhurst', 'cbednar@example.com', NULL, '$2y$12$X0P2rXswcNPG/oMDh3m4JevUysdzgNlG885jyFWnnh.z6cpKU3SVq', NULL, NULL, NULL, NULL, NULL, NULL, NULL, NULL, NULL, NULL, NULL, NULL, NULL, '2024-12-12 23:15:27', '2024-12-12 23:15:27'),
(586, 'Kacie Wisoky', 'ray65@example.net', NULL, '$2y$12$BoSx5WuqGup34YsXlZWSE.ctqr8mAeipB8V3rGIg9gz3R/JbB8USm', NULL, NULL, NULL, NULL, NULL, NULL, NULL, NULL, NULL, NULL, NULL, NULL, NULL, '2024-12-12 23:15:27', '2024-12-12 23:15:27'),
(587, 'Roma Wolf', 'merlin67@example.net', NULL, '$2y$12$66xCSg3akEDiHO5jLAG5y.ZfY5yf8wQp3hX2cUKaXDqb8NUWGZlDW', NULL, NULL, NULL, NULL, NULL, NULL, NULL, NULL, NULL, NULL, NULL, NULL, NULL, '2024-12-12 23:15:28', '2024-12-12 23:15:28'),
(588, 'Miss Blanca Yundt I', 'onader@example.org', NULL, '$2y$12$gXBeUEb8IdKINIx8zmn0WuovnNSo//NsrdL3plsZXv0XjMZH9x99i', NULL, NULL, NULL, NULL, NULL, NULL, NULL, NULL, NULL, NULL, NULL, NULL, NULL, '2024-12-12 23:15:28', '2024-12-12 23:15:28'),
(589, 'Gonzalo Balistreri', 'qwhite@example.net', NULL, '$2y$12$.XDFWJrlnZVCCGGDyC9EDOH1wCqLX5wlvUI4keXCwE4tt1Q5ud2iW', NULL, NULL, NULL, NULL, NULL, NULL, NULL, NULL, NULL, NULL, NULL, NULL, NULL, '2024-12-12 23:15:28', '2024-12-12 23:15:28'),
(590, 'Abner Crona Jr.', 'ruben.haley@example.com', NULL, '$2y$12$RyF2EM39T8nsG5aGO9qRP.et71eQjnloL7Gy2/jRQsW9amPLWiJ2C', NULL, NULL, NULL, NULL, NULL, NULL, NULL, NULL, NULL, NULL, NULL, NULL, NULL, '2024-12-12 23:15:29', '2024-12-12 23:15:29'),
(591, 'Boris Bashirian', 'forrest60@example.org', NULL, '$2y$12$Me.sU66AVVEV66p/MYgWVepMSoB1QrUre7Reusb2nIgrUWOodyTPK', NULL, NULL, NULL, NULL, NULL, NULL, NULL, NULL, NULL, NULL, NULL, NULL, NULL, '2024-12-12 23:15:29', '2024-12-12 23:15:29'),
(592, 'Dr. Libby Bashirian I', 'kaelyn.fahey@example.com', NULL, '$2y$12$CBrm02ArtHTm3f1DzvCLAekJWSE3r9vY17xN4r.JMPkJtcyyK8FqG', NULL, NULL, NULL, NULL, NULL, NULL, NULL, NULL, NULL, NULL, NULL, NULL, NULL, '2024-12-12 23:15:30', '2024-12-12 23:15:30'),
(593, 'Dr. Zachary Morissette DVM', 'harvey.maggie@example.com', NULL, '$2y$12$CdDUSOK/BdcNq6h6/c7CwezNUGEZGnpXYPyQ9jIi7SNMUHHUeC.Xe', NULL, NULL, NULL, NULL, NULL, NULL, NULL, NULL, NULL, NULL, NULL, NULL, NULL, '2024-12-12 23:15:30', '2024-12-12 23:15:30'),
(594, 'Dr. Mohammad West', 'jeanne97@example.net', NULL, '$2y$12$o.fN1ZuFY2C0TEwSPpgh5OyYuM.BIrOHafUYST.pdcOUGpkwOVngi', NULL, NULL, NULL, NULL, NULL, NULL, NULL, NULL, NULL, NULL, NULL, NULL, NULL, '2024-12-12 23:15:31', '2024-12-12 23:15:31'),
(595, 'Zackary Shanahan', 'pcarter@example.net', NULL, '$2y$12$mTV.BVYT.5OFVk0dIna6K.AikwRZhbBoE/tI9Hj9VuZClQiC0roHq', NULL, NULL, NULL, NULL, NULL, NULL, NULL, NULL, NULL, NULL, NULL, NULL, NULL, '2024-12-12 23:15:31', '2024-12-12 23:15:31'),
(596, 'Arch Wolff', 'igrant@example.com', NULL, '$2y$12$RvvYqdzAcl6aKnU7Jj8Y2OgT0eTPu1QeMluJboHc.v1gIlbgqknb2', NULL, NULL, NULL, NULL, NULL, NULL, NULL, NULL, NULL, NULL, NULL, NULL, NULL, '2024-12-12 23:15:31', '2024-12-12 23:15:31'),
(597, 'D\'angelo Shields', 'grant.marcellus@example.org', NULL, '$2y$12$DxftGHrSVr/x9Ol1yA3JMe51s3AUJG86Nz3DJpAmSzj6LnqD0rBVu', NULL, NULL, NULL, NULL, NULL, NULL, NULL, NULL, NULL, NULL, NULL, NULL, NULL, '2024-12-12 23:15:32', '2024-12-12 23:15:32'),
(598, 'Delia Kshlerin', 'ryundt@example.com', NULL, '$2y$12$wWRsqr4O.bEOq.bWL9ZaFOlNum0uIGmfuZ3GcBuUwhezvGu659uQ2', NULL, NULL, NULL, NULL, NULL, NULL, NULL, NULL, NULL, NULL, NULL, NULL, NULL, '2024-12-12 23:15:32', '2024-12-12 23:15:32'),
(599, 'Brooklyn Pagac', 'rframi@example.com', NULL, '$2y$12$CS.QE6KHS9hVppU4bClPhuQz4srgk35AUNYlx5WwZKUw8z1tVNRUy', NULL, NULL, NULL, NULL, NULL, NULL, NULL, NULL, NULL, NULL, NULL, NULL, NULL, '2024-12-12 23:15:32', '2024-12-12 23:15:32'),
(600, 'Emily Wuckert', 'nolan.duncan@example.com', NULL, '$2y$12$aqcTclUW6XadCNjul0.DYOJO3dsygNpeHuOpQ4OAqPH9Q9bnXrCTO', NULL, NULL, NULL, NULL, NULL, NULL, NULL, NULL, NULL, NULL, NULL, NULL, NULL, '2024-12-12 23:15:33', '2024-12-12 23:15:33'),
(601, 'Bertrand Osinski', 'tkulas@example.com', NULL, '$2y$12$SHzA5WxlLz72fWqqy/5ouOfpcH8SImEECXWvtwXWBn5sZz3uBsBkq', NULL, NULL, NULL, NULL, NULL, NULL, NULL, NULL, NULL, NULL, NULL, NULL, NULL, '2024-12-12 23:15:33', '2024-12-12 23:15:33'),
(602, 'Pascale Walter', 'rylan.graham@example.org', NULL, '$2y$12$sX2F/CjcSph4N8U1SGWC5Ob7shjDaFjuN31NmpxyViPynUBogDh4q', NULL, NULL, NULL, NULL, NULL, NULL, NULL, NULL, NULL, NULL, NULL, NULL, NULL, '2024-12-12 23:15:34', '2024-12-12 23:15:34'),
(603, 'Prof. Imogene Walker II', 'iwatsica@example.net', NULL, '$2y$12$eVnSFStFLi.flyUhuuv7qOBWUbJqO2IkxqiIdch3Ft/HIirxAT/Dm', NULL, NULL, NULL, NULL, NULL, NULL, NULL, NULL, NULL, NULL, NULL, NULL, NULL, '2024-12-12 23:15:34', '2024-12-12 23:15:34'),
(604, 'Prof. Pierre Kuvalis DVM', 'christop20@example.net', NULL, '$2y$12$ePRODWWR0levNZVz2cI1q.fGIXYEj0uOA0ujVAq7c5RX9b6RmAQZG', NULL, NULL, NULL, NULL, NULL, NULL, NULL, NULL, NULL, NULL, NULL, NULL, NULL, '2024-12-12 23:15:35', '2024-12-12 23:15:35'),
(605, 'Avis Beatty', 'grant.ervin@example.org', NULL, '$2y$12$CWOopqVAySG9fLXhQeYYMudmPvgYXQI0D8lg/mtXQTxDn6pt5mCfq', NULL, NULL, NULL, NULL, NULL, NULL, NULL, NULL, NULL, NULL, NULL, NULL, NULL, '2024-12-12 23:15:35', '2024-12-12 23:15:35'),
(606, 'Prof. Tavares Davis', 'lorenzo.rau@example.org', NULL, '$2y$12$KWPmgA1WNe3bQD8zAqIh4uzfv9QVGb0w4jxHdVjBIgjL95OqvVwme', NULL, NULL, NULL, NULL, NULL, NULL, NULL, NULL, NULL, NULL, NULL, NULL, NULL, '2024-12-12 23:15:35', '2024-12-12 23:15:35'),
(607, 'Mireille Schowalter', 'jerde.craig@example.com', NULL, '$2y$12$G.QmHmVGF3nTkE6/IbouDef.O0RxW4xnb1oSmyJABE5UzW59wBRAi', NULL, NULL, NULL, NULL, NULL, NULL, NULL, NULL, NULL, NULL, NULL, NULL, NULL, '2024-12-12 23:15:36', '2024-12-12 23:15:36');
INSERT INTO `users` (`id`, `name`, `email`, `email_verified_at`, `password`, `two_factor_secret`, `two_factor_recovery_codes`, `two_factor_confirmed_at`, `date_of_birth`, `phone_number`, `address`, `city`, `state`, `zip_code`, `remember_token`, `current_team_id`, `profile_photo_path`, `deleted_at`, `created_at`, `updated_at`) VALUES
(608, 'Wilfred Bernier Sr.', 'ynicolas@example.com', NULL, '$2y$12$EusVeNpNuRCZpL9SD8ioce4tx0Agtx6AR7j2NG2v.68UY.e07jsrG', NULL, NULL, NULL, NULL, NULL, NULL, NULL, NULL, NULL, NULL, NULL, NULL, NULL, '2024-12-12 23:15:36', '2024-12-12 23:15:36'),
(609, 'Eduardo Lang', 'schuppe.kaleb@example.com', NULL, '$2y$12$2HuOji.d9vbZBMJqi/5uMu7E476U37qbIZQzZcLbg1cAaC88jIsKO', NULL, NULL, NULL, NULL, NULL, NULL, NULL, NULL, NULL, NULL, NULL, NULL, NULL, '2024-12-12 23:15:37', '2024-12-12 23:15:37'),
(610, 'Enoch Schowalter', 'mike.collins@example.org', NULL, '$2y$12$Pj9s7isaDGVdb48yDKqYLe0zq.MAAGJz8MpRtwznOYPggwOlF90nC', NULL, NULL, NULL, NULL, NULL, NULL, NULL, NULL, NULL, NULL, NULL, NULL, NULL, '2024-12-12 23:15:37', '2024-12-12 23:15:37'),
(611, 'Dr. Amiya Funk Sr.', 'emmanuel24@example.com', NULL, '$2y$12$aEA4NvEEEqx0oOf0VTZfc.P7RxMWRscXZ0B0UeqeR02UxqP07vEMO', NULL, NULL, NULL, NULL, NULL, NULL, NULL, NULL, NULL, NULL, NULL, NULL, NULL, '2024-12-12 23:15:37', '2024-12-12 23:15:37'),
(612, 'Charlene Beer', 'emard.dixie@example.org', NULL, '$2y$12$d1zkMQqaGt6aSZKliZvY2uIp78nzlINf.Asg/.RG18EpLIayP4pBG', NULL, NULL, NULL, NULL, NULL, NULL, NULL, NULL, NULL, NULL, NULL, NULL, NULL, '2024-12-12 23:15:38', '2024-12-12 23:15:38'),
(613, 'Jordy Lehner', 'taurean.langworth@example.org', NULL, '$2y$12$S3UmM/uUHlZq7aND0igIB.iKwD.bBgtauBL7F8DbbubL6mJdmZYYa', NULL, NULL, NULL, NULL, NULL, NULL, NULL, NULL, NULL, NULL, NULL, NULL, NULL, '2024-12-12 23:15:38', '2024-12-12 23:15:38'),
(614, 'Murphy Beatty', 'trace94@example.com', NULL, '$2y$12$QXlycklqupRB3pEg16ub2.DL16BwE3rPtrOUPEnQJ2NbJXuJxO7MO', NULL, NULL, NULL, NULL, NULL, NULL, NULL, NULL, NULL, NULL, NULL, NULL, NULL, '2024-12-12 23:15:39', '2024-12-12 23:15:39'),
(615, 'Tabitha Crist', 'pouros.stephanie@example.com', NULL, '$2y$12$BcLxV4QaJiuDQLdfUaQL/.bAdo3TYSd19nVtbgS.PlO0tfDjWz4PK', NULL, NULL, NULL, NULL, NULL, NULL, NULL, NULL, NULL, NULL, NULL, NULL, NULL, '2024-12-12 23:15:39', '2024-12-12 23:15:39'),
(616, 'Greta Wolf II', 'clifford.oberbrunner@example.org', NULL, '$2y$12$8Sz0LQJfFPUbaVF8HD8CkOuerLE3ckVSkDconTFUBl/z9PO16sEy.', NULL, NULL, NULL, NULL, NULL, NULL, NULL, NULL, NULL, NULL, NULL, NULL, NULL, '2024-12-12 23:15:39', '2024-12-12 23:15:39'),
(617, 'Wendy Murray', 'aurelio.rutherford@example.org', NULL, '$2y$12$LuDrlD1/s5teuDRPPZFYpOPoX1OP4NP8nvTctwXfafWzu5Jzg0YsO', NULL, NULL, NULL, NULL, NULL, NULL, NULL, NULL, NULL, NULL, NULL, NULL, NULL, '2024-12-12 23:15:39', '2024-12-12 23:15:39'),
(618, 'Krystina Beatty', 'tierra87@example.org', NULL, '$2y$12$MJ5fzxSjefset7FM7ozG.uDFUlZyCtLEHX5wH2u9R/cjFWlGWIhzy', NULL, NULL, NULL, NULL, NULL, NULL, NULL, NULL, NULL, NULL, NULL, NULL, NULL, '2024-12-12 23:15:39', '2024-12-12 23:15:39'),
(619, 'Gerry Gislason', 'goyette.lottie@example.net', NULL, '$2y$12$gscmZ5VYOX1SA3OVihzcXO7BdQ10uiXnt90R6JTe/Zg/FaY6j73kS', NULL, NULL, NULL, NULL, NULL, NULL, NULL, NULL, NULL, NULL, NULL, NULL, NULL, '2024-12-12 23:15:40', '2024-12-12 23:15:40'),
(620, 'Ms. Kiarra Welch V', 'bins.skylar@example.net', NULL, '$2y$12$sVAcSlZ4Ep.7ZwAE713f8uk8pge3Home1mmFFu26ksSrNAfO.dVEa', NULL, NULL, NULL, NULL, NULL, NULL, NULL, NULL, NULL, NULL, NULL, NULL, NULL, '2024-12-12 23:15:40', '2024-12-12 23:15:40'),
(621, 'Amely Steuber Jr.', 'balistreri.roma@example.org', NULL, '$2y$12$YkUBQgEcedVvhRuP6oahaeqPHmBCZy62UX5ZnaqqFDzI7PnMgZJIO', NULL, NULL, NULL, NULL, NULL, NULL, NULL, NULL, NULL, NULL, NULL, NULL, NULL, '2024-12-12 23:15:40', '2024-12-12 23:15:40'),
(622, 'Icie Rath', 'qreynolds@example.org', NULL, '$2y$12$x.lVonvJO5E7vP3hZUyYVeXzBu5wAaN7pp/eBwp1uUhp1lHzo6/Ke', NULL, NULL, NULL, NULL, NULL, NULL, NULL, NULL, NULL, NULL, NULL, NULL, NULL, '2024-12-12 23:15:40', '2024-12-12 23:15:40'),
(623, 'Jodie Muller III', 'ortiz.kraig@example.org', NULL, '$2y$12$pkw5nehA9QvRWk7AVFCejO/t7OPkei4nV.c7KqYxoIR7OAZqC2fjW', NULL, NULL, NULL, NULL, NULL, NULL, NULL, NULL, NULL, NULL, NULL, NULL, NULL, '2024-12-12 23:15:41', '2024-12-12 23:15:41'),
(624, 'Ms. Anahi Kunze', 'salvador58@example.com', NULL, '$2y$12$84tHFTL.HOdYat.3tMoRXOZiEZnaaM9DNjjfL.WtAiJO94asT/gZq', NULL, NULL, NULL, NULL, NULL, NULL, NULL, NULL, NULL, NULL, NULL, NULL, NULL, '2024-12-12 23:15:41', '2024-12-12 23:15:41'),
(625, 'Abraham Lehner', 'lueilwitz.rossie@example.org', NULL, '$2y$12$YyM4pT.ZEXb7ZofhpK6VO.lB8lA289WUt0rnB9NvQItm9qAC4vIK6', NULL, NULL, NULL, NULL, NULL, NULL, NULL, NULL, NULL, NULL, NULL, NULL, NULL, '2024-12-12 23:15:41', '2024-12-12 23:15:41'),
(626, 'Dr. Summer Herman', 'jana.hickle@example.net', NULL, '$2y$12$6gZqsieHTZucFaRdizkd1O2H0dYrPPsg3UMnkWMshR52oHRfE7iT.', NULL, NULL, NULL, NULL, NULL, NULL, NULL, NULL, NULL, NULL, NULL, NULL, NULL, '2024-12-12 23:15:41', '2024-12-12 23:15:41'),
(627, 'Letha Dach', 'tito.zboncak@example.net', NULL, '$2y$12$LD6ckfc7PHxwsnXD11yhcOad.bIzBpt6KqXufm4WJEeygTB32gx06', NULL, NULL, NULL, NULL, NULL, NULL, NULL, NULL, NULL, NULL, NULL, NULL, NULL, '2024-12-12 23:15:42', '2024-12-12 23:15:42'),
(628, 'Scarlett Kuphal Sr.', 'daniel.jan@example.com', NULL, '$2y$12$1ONUeoVO7og3dVmf4IfC1uNWUmbV96P732pMC9.AHdp0QYtzc.0Ii', NULL, NULL, NULL, NULL, NULL, NULL, NULL, NULL, NULL, NULL, NULL, NULL, NULL, '2024-12-12 23:15:42', '2024-12-12 23:15:42'),
(629, 'Adelle Quigley Jr.', 'smitham.monty@example.net', NULL, '$2y$12$86BrPo8aHvPOaJc/YEHiFOL4qtlbnxX9kWp0zRLQGvlUU5RFUQwKy', NULL, NULL, NULL, NULL, NULL, NULL, NULL, NULL, NULL, NULL, NULL, NULL, NULL, '2024-12-12 23:15:42', '2024-12-12 23:15:42'),
(630, 'Sebastian Hammes', 'kelsie.kling@example.org', NULL, '$2y$12$wPRj/KCJIdixPVleT9WtH.UK4BqH/ll9/8bpZp.X.CaZSwVqXGQDq', NULL, NULL, NULL, NULL, NULL, NULL, NULL, NULL, NULL, NULL, NULL, NULL, NULL, '2024-12-12 23:15:42', '2024-12-12 23:15:42'),
(631, 'Oda Gleichner', 'denesik.casper@example.org', NULL, '$2y$12$qnAIbBArM5wJQkIEqHhONeB2K.4OCuNDS5KLiLEd6aknT1PyFqMRu', NULL, NULL, NULL, NULL, NULL, NULL, NULL, NULL, NULL, NULL, NULL, NULL, NULL, '2024-12-12 23:15:42', '2024-12-12 23:15:42'),
(632, 'Dangelo Will', 'zheaney@example.org', NULL, '$2y$12$MhWmXiC7ajPGPKkxZeKCLuSLyz7NmoynZ0iHJ.HCo.jcbJHffm8QC', NULL, NULL, NULL, NULL, NULL, NULL, NULL, NULL, NULL, NULL, NULL, NULL, NULL, '2024-12-12 23:15:43', '2024-12-12 23:15:43'),
(633, 'Jonathon Gutmann', 'hilma49@example.net', NULL, '$2y$12$oGtIPbnMY3ok11VgDXIo5.bP3uwPHPjSPkrVYhXICg.NFF/dxkFg2', NULL, NULL, NULL, NULL, NULL, NULL, NULL, NULL, NULL, NULL, NULL, NULL, NULL, '2024-12-12 23:15:43', '2024-12-12 23:15:43'),
(634, 'Ervin Morissette', 'wturcotte@example.net', NULL, '$2y$12$Ko9DqXmxp9gSzLsMeF37Y.Ueeziggu44DMtQGzNA6XgcOND3I6eBu', NULL, NULL, NULL, NULL, NULL, NULL, NULL, NULL, NULL, NULL, NULL, NULL, NULL, '2024-12-12 23:15:43', '2024-12-12 23:15:43'),
(635, 'Prof. Jamie Ortiz', 'krajcik.colton@example.net', NULL, '$2y$12$7NRvnw37piA01nWNYT0kV.u0nsGYjnvV4XvlY1.2.tIYBxxNIq216', NULL, NULL, NULL, NULL, NULL, NULL, NULL, NULL, NULL, NULL, NULL, NULL, NULL, '2024-12-12 23:15:43', '2024-12-12 23:15:43'),
(636, 'Leslie Bartoletti', 'mkreiger@example.net', NULL, '$2y$12$.PHytSbebgw6pZBlP.cMB.KS/RWZvmvDsVzUsPLyOYE19De7jaZna', NULL, NULL, NULL, NULL, NULL, NULL, NULL, NULL, NULL, NULL, NULL, NULL, NULL, '2024-12-12 23:15:44', '2024-12-12 23:15:44'),
(637, 'Efren Ortiz', 'isobel42@example.org', NULL, '$2y$12$Q9bbBmciEJwM8LMyb4l0du/7AbHbvw4BOMoEbqJpiTt5l2GnmcwKK', NULL, NULL, NULL, NULL, NULL, NULL, NULL, NULL, NULL, NULL, NULL, NULL, NULL, '2024-12-12 23:15:44', '2024-12-12 23:15:44'),
(638, 'Kathleen Mosciski', 'alford00@example.com', NULL, '$2y$12$B2eEzWVTeylMvxaNLNKnNOhd58fQ0Jpl1L3tj5FaKGD/mSJoWtoLm', NULL, NULL, NULL, NULL, NULL, NULL, NULL, NULL, NULL, NULL, NULL, NULL, NULL, '2024-12-12 23:15:44', '2024-12-12 23:15:44'),
(639, 'Dr. Ressie Nitzsche', 'dock.pouros@example.com', NULL, '$2y$12$yo/HG1dw.4f.5rVBDN6Vd.iH5jBX8.pBC4g8T8.h2JX5F3udxSRn.', NULL, NULL, NULL, NULL, NULL, NULL, NULL, NULL, NULL, NULL, NULL, NULL, NULL, '2024-12-12 23:15:44', '2024-12-12 23:15:44'),
(640, 'Prof. Veronica Mante DDS', 'talia60@example.org', NULL, '$2y$12$V7.SdzUyXWeKwgKCEnoNN.4tYDNOlsNjvrlSQTY82lQY2y/Mwh23y', NULL, NULL, NULL, NULL, NULL, NULL, NULL, NULL, NULL, NULL, NULL, NULL, NULL, '2024-12-12 23:15:45', '2024-12-12 23:15:45'),
(641, 'Alexanne Hammes', 'antwon.koss@example.org', NULL, '$2y$12$9I3IOubAYKlEsLugzoJsRe9OVwB9b5T5FBEuKGCnGGqSSD0Iccd7.', NULL, NULL, NULL, NULL, NULL, NULL, NULL, NULL, NULL, NULL, NULL, NULL, NULL, '2024-12-12 23:15:45', '2024-12-12 23:15:45'),
(642, 'Cedrick Rempel', 'wunsch.shannon@example.net', NULL, '$2y$12$63qzae0s8.nvZbYkoyIsvedAWah1CZ9OhceBGaC2eYGLMla/GUCVO', NULL, NULL, NULL, NULL, NULL, NULL, NULL, NULL, NULL, NULL, NULL, NULL, NULL, '2024-12-12 23:15:45', '2024-12-12 23:15:45'),
(643, 'Prof. Alexane Kunde II', 'effie59@example.org', NULL, '$2y$12$mj94FJH5Bc3QLyobIxVxE.TZAyp.QTZ4lvaepH31Hw2uInW1a1Pmm', NULL, NULL, NULL, NULL, NULL, NULL, NULL, NULL, NULL, NULL, NULL, NULL, NULL, '2024-12-12 23:15:45', '2024-12-12 23:15:45'),
(644, 'Allan Fadel', 'sedrick.krajcik@example.org', NULL, '$2y$12$BGra9gTKOdvTN2WuNxquV.d7oro8IB1QO3GRhkkLKeOpDkDWCZ7FW', NULL, NULL, NULL, NULL, NULL, NULL, NULL, NULL, NULL, NULL, NULL, NULL, NULL, '2024-12-12 23:15:45', '2024-12-12 23:15:45'),
(645, 'Deion Jacobs', 'teagan73@example.org', NULL, '$2y$12$duRaQ8NcUyD8aMs7xu9UsegqnCPhSZCAgp5yv2VaJePrSr4ONKksu', NULL, NULL, NULL, NULL, NULL, NULL, NULL, NULL, NULL, NULL, NULL, NULL, NULL, '2024-12-12 23:15:46', '2024-12-12 23:15:46'),
(646, 'Prof. Ola Hand Sr.', 'rosendo.von@example.com', NULL, '$2y$12$tu1xg2Qur6HAAfOEs5BBWObFjqB9OMEKywsecWv3v60LsOUO7eGGa', NULL, NULL, NULL, NULL, NULL, NULL, NULL, NULL, NULL, NULL, NULL, NULL, NULL, '2024-12-12 23:15:46', '2024-12-12 23:15:46'),
(647, 'Prof. Marielle Gerlach', 'mclaughlin.jerald@example.org', NULL, '$2y$12$ghLf6JOhMFk0bNVTR/DEaObCRLBF7qaZsox8OcDpwWYjheDtUEd0y', NULL, NULL, NULL, NULL, NULL, NULL, NULL, NULL, NULL, NULL, NULL, NULL, NULL, '2024-12-12 23:15:46', '2024-12-12 23:15:46'),
(648, 'Wilfredo Rempel', 'brandy51@example.net', NULL, '$2y$12$knPCrEzF91bVJXwf1htgnOeIwE9T3D9OaH3amz7LHpMjecwErM6s2', NULL, NULL, NULL, NULL, NULL, NULL, NULL, NULL, NULL, NULL, NULL, NULL, NULL, '2024-12-12 23:15:46', '2024-12-12 23:15:46'),
(649, 'Dr. Virgie McClure Sr.', 'ehill@example.com', NULL, '$2y$12$PcgQ.u1uZ4s77tI4VjvnBeCJBs6kmswiSgFla.Tk7L4QxZuP3nC0a', NULL, NULL, NULL, NULL, NULL, NULL, NULL, NULL, NULL, NULL, NULL, NULL, NULL, '2024-12-12 23:15:47', '2024-12-12 23:15:47'),
(650, 'Miss Shanon Connelly', 'madonna12@example.net', NULL, '$2y$12$iR5wrZjt9RH7A3i3wUN0v.7vYEpy5ace2fhRKGIe2ao6pNV6uiJom', NULL, NULL, NULL, NULL, NULL, NULL, NULL, NULL, NULL, NULL, NULL, NULL, NULL, '2024-12-12 23:15:47', '2024-12-12 23:15:47'),
(651, 'Dr. Rhett Kunze', 'ctorp@example.com', NULL, '$2y$12$619rBZAeua0r/vr1AL1VsegRbXcVrMiQXIZJ7iJKEe7Gqtbpt5TZ.', NULL, NULL, NULL, NULL, NULL, NULL, NULL, NULL, NULL, NULL, NULL, NULL, NULL, '2024-12-12 23:15:47', '2024-12-12 23:15:47'),
(652, 'Tyrique Shanahan', 'nyasia27@example.com', NULL, '$2y$12$VPZWAL15re0c2Gz6vUnaJu7Egd5JOOZr2E0FSKWBnRHhAz7KRIFHK', NULL, NULL, NULL, NULL, NULL, NULL, NULL, NULL, NULL, NULL, NULL, NULL, NULL, '2024-12-12 23:15:47', '2024-12-12 23:15:47'),
(653, 'Declan Pouros', 'romaguera.brayan@example.net', NULL, '$2y$12$nA09/wYNZYKi/dT2cyVg0e4N49loi50HyhapkR9MAQsi/am74siM6', NULL, NULL, NULL, NULL, NULL, NULL, NULL, NULL, NULL, NULL, NULL, NULL, NULL, '2024-12-12 23:15:48', '2024-12-12 23:15:48'),
(654, 'Ms. Elena Hills', 'margarette25@example.com', NULL, '$2y$12$M.gxYhf9cS9SIa6PK0X.0.4VfwC5KDHRIc3Vfub.YibczEaWvKSeS', NULL, NULL, NULL, NULL, NULL, NULL, NULL, NULL, NULL, NULL, NULL, NULL, NULL, '2024-12-12 23:15:48', '2024-12-12 23:15:48'),
(655, 'Alia Erdman DDS', 'charlene.barrows@example.org', NULL, '$2y$12$vYJ86xpoBOLmlpmrB3TFtu2niW.m0tXSpaiDAMTVuqN2gzwjg/wem', NULL, NULL, NULL, NULL, NULL, NULL, NULL, NULL, NULL, NULL, NULL, NULL, NULL, '2024-12-12 23:15:48', '2024-12-12 23:15:48'),
(656, 'Ellsworth Schuppe', 'kris.cormier@example.org', NULL, '$2y$12$1SjtfRRSLzZShHOSDEXJcuai8iisgmz6S4COvESyezLNSuYR1fija', NULL, NULL, NULL, NULL, NULL, NULL, NULL, NULL, NULL, NULL, NULL, NULL, NULL, '2024-12-12 23:15:48', '2024-12-12 23:15:48'),
(657, 'Judy Stoltenberg', 'grippin@example.com', NULL, '$2y$12$QdcRRA8k2HPoKaMKFzOdOOpvlNvt6fsRTqg/IDW/6kOlTWWmsa45K', NULL, NULL, NULL, NULL, NULL, NULL, NULL, NULL, NULL, NULL, NULL, NULL, NULL, '2024-12-12 23:15:48', '2024-12-12 23:15:48'),
(658, 'Mr. Johnson Davis', 'afranecki@example.net', NULL, '$2y$12$kaNipqmnw5rh//i8WLkuouE03yZaKFBLoQ1t4kqtrfr/.WZ2z5kdy', NULL, NULL, NULL, NULL, NULL, NULL, NULL, NULL, NULL, NULL, NULL, NULL, NULL, '2024-12-12 23:15:49', '2024-12-12 23:15:49'),
(659, 'Darby Lynch', 'korn@example.net', NULL, '$2y$12$YcFvOe6edIftSw4kd4VNqeRQAHvcKJ42TWJW0pfEWaKHffmHKInKm', NULL, NULL, NULL, NULL, NULL, NULL, NULL, NULL, NULL, NULL, NULL, NULL, NULL, '2024-12-12 23:15:49', '2024-12-12 23:15:49'),
(660, 'Iliana Treutel', 'jenkins.viva@example.net', NULL, '$2y$12$60q7WGdhpogNB2o5TNofjubVDUrPVmp/L.J84Q8IoHJGpo5jxO4yO', NULL, NULL, NULL, NULL, NULL, NULL, NULL, NULL, NULL, NULL, NULL, NULL, NULL, '2024-12-12 23:15:49', '2024-12-12 23:15:49'),
(661, 'Maxwell Hegmann', 'halvorson.lucio@example.net', NULL, '$2y$12$M4iINmziB0pmlTvkwgxb3.pK0K3UCdDoTGBYPR1FpC.nBb9coHgW6', NULL, NULL, NULL, NULL, NULL, NULL, NULL, NULL, NULL, NULL, NULL, NULL, NULL, '2024-12-12 23:15:49', '2024-12-12 23:15:49'),
(662, 'Ramona Dach', 'virginia.heathcote@example.com', NULL, '$2y$12$hS9CUi2SkAiC6755EEakkuz9SHnujLfzBBgmqk6TgVPy59/haUUAy', NULL, NULL, NULL, NULL, NULL, NULL, NULL, NULL, NULL, NULL, NULL, NULL, NULL, '2024-12-12 23:15:50', '2024-12-12 23:15:50'),
(663, 'Eino Boehm', 'kshlerin.vladimir@example.org', NULL, '$2y$12$O6Ll7uulpR2aghu/SkV.T.0bSe202dBhzQwngFMW0yhxdS1fO1xyG', NULL, NULL, NULL, NULL, NULL, NULL, NULL, NULL, NULL, NULL, NULL, NULL, NULL, '2024-12-12 23:15:50', '2024-12-12 23:15:50'),
(664, 'Prof. Evie Bailey III', 'bettie35@example.com', NULL, '$2y$12$QQ/eKdvKXjEPGZ9JBBR88eYYk9AjznY6VjD21HvdkqxYCtRrqfheO', NULL, NULL, NULL, NULL, NULL, NULL, NULL, NULL, NULL, NULL, NULL, NULL, NULL, '2024-12-12 23:15:50', '2024-12-12 23:15:50'),
(665, 'Ms. Aracely Welch DVM', 'mayer.princess@example.com', NULL, '$2y$12$Q9qbcwnoFNimS5o2S1zHcuDtQqvJIwMM/bi8zXlOeMHVCM9t7lGNa', NULL, NULL, NULL, NULL, NULL, NULL, NULL, NULL, NULL, NULL, NULL, NULL, NULL, '2024-12-12 23:15:50', '2024-12-12 23:15:50'),
(666, 'Joanie Smitham', 'kutch.king@example.net', NULL, '$2y$12$yPMHxPkQNkrxsvHwT3UoreBh5RLcnmfpQx/kRugvhU4nEGMZUPEIK', NULL, NULL, NULL, NULL, NULL, NULL, NULL, NULL, NULL, NULL, NULL, NULL, NULL, '2024-12-12 23:15:51', '2024-12-12 23:15:51'),
(667, 'Prof. Sammy Wehner I', 'alvena78@example.net', NULL, '$2y$12$leGOLGtlyMlnZ1Se2iga4uPK669bndIUyIqh4VINMMZkB2MR1ssZi', NULL, NULL, NULL, NULL, NULL, NULL, NULL, NULL, NULL, NULL, NULL, NULL, NULL, '2024-12-12 23:15:51', '2024-12-12 23:15:51'),
(668, 'Dr. Arden Pagac', 'kkuphal@example.org', NULL, '$2y$12$ESwQGtljP6IzAJRqW/0OvOpGglvxI3SGSJOLeNkpdgShUZTwg1IGi', NULL, NULL, NULL, NULL, NULL, NULL, NULL, NULL, NULL, NULL, NULL, NULL, NULL, '2024-12-12 23:15:51', '2024-12-12 23:15:51'),
(669, 'Kiley Jenkins', 'vito52@example.net', NULL, '$2y$12$o8IYxTvcbgzbvH7lAT.iQ.TAAdCZv4UnX3jXmwI3K3Yu.r8ApmPay', NULL, NULL, NULL, NULL, NULL, NULL, NULL, NULL, NULL, NULL, NULL, NULL, NULL, '2024-12-12 23:15:52', '2024-12-12 23:15:52'),
(670, 'Prof. Noah Corkery', 'ywilliamson@example.org', NULL, '$2y$12$qQ0QbTqYyyvD7UaoS4JMM.9.APpzZTW0JAsEEem.XGWJLoR4tanqS', NULL, NULL, NULL, NULL, NULL, NULL, NULL, NULL, NULL, NULL, NULL, NULL, NULL, '2024-12-12 23:15:52', '2024-12-12 23:15:52'),
(671, 'Miss Daisha Heathcote I', 'ardith54@example.com', NULL, '$2y$12$QA/DJyCN0HLFVOBE2/nofeYsqjTthw3J5zVBGdKyJ4YtAHG2sPU/W', NULL, NULL, NULL, NULL, NULL, NULL, NULL, NULL, NULL, NULL, NULL, NULL, NULL, '2024-12-12 23:15:52', '2024-12-12 23:15:52'),
(672, 'Nadia Murray', 'jermey52@example.com', NULL, '$2y$12$37V2gn9wqIpcvEa0Xa8LkO.3hzoFW/gO4N0JHIjx7Z71ls5X42FMG', NULL, NULL, NULL, NULL, NULL, NULL, NULL, NULL, NULL, NULL, NULL, NULL, NULL, '2024-12-12 23:15:52', '2024-12-12 23:15:52'),
(673, 'Baron Sanford', 'wilderman.kaela@example.net', NULL, '$2y$12$m0vBH5N4WteU1miQJWNzjedUTcIdRq6GJm3d6zhi3w2HhgpRvn3WK', NULL, NULL, NULL, NULL, NULL, NULL, NULL, NULL, NULL, NULL, NULL, NULL, NULL, '2024-12-12 23:15:53', '2024-12-12 23:15:53'),
(674, 'Prof. Karl Gutkowski', 'princess89@example.net', NULL, '$2y$12$2CoSH2YiVx.sPlaEKL.64.FpwFyA17FHl.Qh3kfbLi6v.kTxEdORu', NULL, NULL, NULL, NULL, NULL, NULL, NULL, NULL, NULL, NULL, NULL, NULL, NULL, '2024-12-12 23:15:53', '2024-12-12 23:15:53'),
(675, 'Creola Eichmann', 'pmacejkovic@example.net', NULL, '$2y$12$2mjEa/vyd0WhNQ5BMWla1eQc1DbAS3MeP.co8ULoKly.zl9UaXUGa', NULL, NULL, NULL, NULL, NULL, NULL, NULL, NULL, NULL, NULL, NULL, NULL, NULL, '2024-12-12 23:15:53', '2024-12-12 23:15:53'),
(676, 'Dr. Verla Kuvalis', 'kilback.euna@example.net', NULL, '$2y$12$r/3OcS2GJGoPf6v42G7XQ.w2jmSdkdRAuqouUZS8AxRvVWz1O09p6', NULL, NULL, NULL, NULL, NULL, NULL, NULL, NULL, NULL, NULL, NULL, NULL, NULL, '2024-12-12 23:15:54', '2024-12-12 23:15:54'),
(677, 'Elise Reynolds', 'ghegmann@example.org', NULL, '$2y$12$mjQce4n2/Kl77mV6ONNF4ebEF1LqLkudir7BBwd4F8z8OwtReS7Wm', NULL, NULL, NULL, NULL, NULL, NULL, NULL, NULL, NULL, NULL, NULL, NULL, NULL, '2024-12-12 23:15:54', '2024-12-12 23:15:54'),
(678, 'Brycen Dach', 'bailey.pierre@example.com', NULL, '$2y$12$vhVfqt3ImLIQbunkkk1/XukRgMCQqBahSfGG7R/U4rmQfg4ZTLQvS', NULL, NULL, NULL, NULL, NULL, NULL, NULL, NULL, NULL, NULL, NULL, NULL, NULL, '2024-12-12 23:15:54', '2024-12-12 23:15:54'),
(679, 'Piper Borer', 'davonte.mante@example.net', NULL, '$2y$12$GZ7JnTdmOcTOz5ShIukED.FeGs1hLROtbQ3s3wDJYYVhu4iN9wmlm', NULL, NULL, NULL, NULL, NULL, NULL, NULL, NULL, NULL, NULL, NULL, NULL, NULL, '2024-12-12 23:15:54', '2024-12-12 23:15:54'),
(680, 'Hollis Turcotte V', 'wilma72@example.com', NULL, '$2y$12$vv4ZjgWC6ziDqxDbVorU2eOtKHudiSdkn2ZrdUawc0XMUFC5.Zcv2', NULL, NULL, NULL, NULL, NULL, NULL, NULL, NULL, NULL, NULL, NULL, NULL, NULL, '2024-12-12 23:15:55', '2024-12-12 23:15:55'),
(681, 'Mrs. Skyla Anderson PhD', 'morn@example.com', NULL, '$2y$12$2bAD8XiO0x9Hi9F3ayQdfuMEjif80lQrR6I1Ro.bU1aVkK6m1CmXC', NULL, NULL, NULL, NULL, NULL, NULL, NULL, NULL, NULL, NULL, NULL, NULL, NULL, '2024-12-12 23:15:55', '2024-12-12 23:15:55'),
(682, 'Ms. Nya Carroll', 'fstracke@example.net', NULL, '$2y$12$F8F7Roi4IqKdMUj/IZB/ouNKBaEOqoIZeGdaCY42VxJR2jat6Livi', NULL, NULL, NULL, NULL, NULL, NULL, NULL, NULL, NULL, NULL, NULL, NULL, NULL, '2024-12-12 23:15:56', '2024-12-12 23:15:56'),
(683, 'Sammy McDermott', 'karson.steuber@example.org', NULL, '$2y$12$lwPKSAM5IubjOUlTiXdlmO9deXeNRfFyglQ.5QSbeBiNaRw4bo44G', NULL, NULL, NULL, NULL, NULL, NULL, NULL, NULL, NULL, NULL, NULL, NULL, NULL, '2024-12-12 23:15:56', '2024-12-12 23:15:56'),
(684, 'Randall Oberbrunner', 'cokon@example.net', NULL, '$2y$12$ozSqV2XIJ/y1jpXvKYufXOLudB3aL1HPbUq32RCBSVVTJgI1pOv..', NULL, NULL, NULL, NULL, NULL, NULL, NULL, NULL, NULL, NULL, NULL, NULL, NULL, '2024-12-12 23:15:56', '2024-12-12 23:15:56'),
(685, 'Prof. Phoebe Stehr', 'frami.dasia@example.org', NULL, '$2y$12$rEm2ftExv7ncpsJuytv3qemV5WEbi.hRmi5JmD42CcOc6h4HYAgue', NULL, NULL, NULL, NULL, NULL, NULL, NULL, NULL, NULL, NULL, NULL, NULL, NULL, '2024-12-12 23:15:57', '2024-12-12 23:15:57'),
(686, 'Carmen Lynch', 'harvey.davin@example.net', NULL, '$2y$12$ThX/vohtS7oeKYmy6RdV9ufSbf4.tNk8dIo1wrYoVfly.ZGOmEnZG', NULL, NULL, NULL, NULL, NULL, NULL, NULL, NULL, NULL, NULL, NULL, NULL, NULL, '2024-12-12 23:15:57', '2024-12-12 23:15:57'),
(687, 'Dr. Katelin Kuhic IV', 'jtorp@example.org', NULL, '$2y$12$bbW5PwHhVHP4kl3tn8yxBeDkQt.soxOdU2Xx9DkG4pRZ7lzRbC/Iy', NULL, NULL, NULL, NULL, NULL, NULL, NULL, NULL, NULL, NULL, NULL, NULL, NULL, '2024-12-12 23:15:57', '2024-12-12 23:15:57'),
(688, 'Carolina Frami', 'armando57@example.com', NULL, '$2y$12$59cXWJ7cOlQuJrFNg0dxrO.SBP8GJvLnq/Xj7pZxaWHnxbmoBS8ki', NULL, NULL, NULL, NULL, NULL, NULL, NULL, NULL, NULL, NULL, NULL, NULL, NULL, '2024-12-12 23:15:58', '2024-12-12 23:15:58'),
(689, 'Lonie Barton DVM', 'ohowell@example.net', NULL, '$2y$12$xeAf2FQbR9FWG/8LwYgNJOlyRakOQja/Wc6PMj7.bVkT9/DS1XUEu', NULL, NULL, NULL, NULL, NULL, NULL, NULL, NULL, NULL, NULL, NULL, NULL, NULL, '2024-12-12 23:15:58', '2024-12-12 23:15:58'),
(690, 'Aubrey Ratke', 'schuster.isabell@example.org', NULL, '$2y$12$DFJ1rw1.ZejAWtZACmTUt.Nk9sQJ6KntWbK0I0fNFc4Bl6nm3Jvoy', NULL, NULL, NULL, NULL, NULL, NULL, NULL, NULL, NULL, NULL, NULL, NULL, NULL, '2024-12-12 23:15:59', '2024-12-12 23:15:59'),
(691, 'Madilyn Schowalter', 'rigoberto19@example.net', NULL, '$2y$12$Wgrmuc55TqDNoMw3P9VQGudIGs4fClUnip9czfh3110Fsc3aWpLZy', NULL, NULL, NULL, NULL, NULL, NULL, NULL, NULL, NULL, NULL, NULL, NULL, NULL, '2024-12-12 23:15:59', '2024-12-12 23:15:59'),
(692, 'Kattie Hills', 'paolo.doyle@example.com', NULL, '$2y$12$IrIAUw1vxtOKNjavKRijHenjKaij0xLX2ucqQzwvwspCj9xxMC8Qy', NULL, NULL, NULL, NULL, NULL, NULL, NULL, NULL, NULL, NULL, NULL, NULL, NULL, '2024-12-12 23:16:00', '2024-12-12 23:16:00'),
(693, 'Marina Predovic', 'brooke.towne@example.net', NULL, '$2y$12$YhbQXuwV.1Wes6bqUSmcuOsJhC69R2nvIXpZPTmatVT8R1M.CiCCK', NULL, NULL, NULL, NULL, NULL, NULL, NULL, NULL, NULL, NULL, NULL, NULL, NULL, '2024-12-12 23:16:00', '2024-12-12 23:16:00'),
(694, 'Pat Greenholt', 'shanelle71@example.org', NULL, '$2y$12$.nYEE7cf4SGrHjDYx70NcOTOvdD1eitv3rj0x9WBo.kbiD2fIczbW', NULL, NULL, NULL, NULL, NULL, NULL, NULL, NULL, NULL, NULL, NULL, NULL, NULL, '2024-12-12 23:16:00', '2024-12-12 23:16:00'),
(695, 'Kristopher Anderson', 'ali.douglas@example.net', NULL, '$2y$12$9D/zismD/.4pcQxBv6IWAeJnmAwT4NNJe1vcvnHcerEh4wpoJk8Ta', NULL, NULL, NULL, NULL, NULL, NULL, NULL, NULL, NULL, NULL, NULL, NULL, NULL, '2024-12-12 23:16:01', '2024-12-12 23:16:01'),
(696, 'Mr. Demarcus Kozey Jr.', 'armstrong.carmel@example.org', NULL, '$2y$12$3pd8N06IGqrjZoH5b4rxEOKQ2Mz9.PantR2dVnCElQgQauEio8Uhi', NULL, NULL, NULL, NULL, NULL, NULL, NULL, NULL, NULL, NULL, NULL, NULL, NULL, '2024-12-12 23:16:01', '2024-12-12 23:16:01'),
(697, 'Tristian Grimes', 'brown09@example.com', NULL, '$2y$12$cR0Z3mb.zVYERhtwqCKqiOvzX9eYInq2VH/40Y1R./nZTJ/1pOwda', NULL, NULL, NULL, NULL, NULL, NULL, NULL, NULL, NULL, NULL, NULL, NULL, NULL, '2024-12-12 23:16:02', '2024-12-12 23:16:02'),
(698, 'Denis Maggio', 'earline65@example.net', NULL, '$2y$12$Z7.WWISHUvg6NNBKB7gtH.miw4VTn8lO86bmW6caQEF5tI7459dkm', NULL, NULL, NULL, NULL, NULL, NULL, NULL, NULL, NULL, NULL, NULL, NULL, NULL, '2024-12-12 23:16:02', '2024-12-12 23:16:02'),
(699, 'Lazaro Herman', 'vvonrueden@example.org', NULL, '$2y$12$W.jPkdUeoYi7iyDTO.4wFO82LHuSxBSXz2/zyjceDHk6YZMKbUny.', NULL, NULL, NULL, NULL, NULL, NULL, NULL, NULL, NULL, NULL, NULL, NULL, NULL, '2024-12-12 23:16:02', '2024-12-12 23:16:02'),
(700, 'Sanford Schroeder', 'durgan.louisa@example.com', NULL, '$2y$12$4wqr8WkMRTa3Yz.orzZZQ.EZMNlxbr1QpLxwr0XEiTJ7yJCrOCYry', NULL, NULL, NULL, NULL, NULL, NULL, NULL, NULL, NULL, NULL, NULL, NULL, NULL, '2024-12-12 23:16:03', '2024-12-12 23:16:03'),
(701, 'Aurelio Bechtelar', 'xberge@example.net', NULL, '$2y$12$wTW.B.oHT35XIZhL4oZtBO/xhMrZ2bN56C.I76mPy9ivzCROg3G5e', NULL, NULL, NULL, NULL, NULL, NULL, NULL, NULL, NULL, NULL, NULL, NULL, NULL, '2024-12-12 23:16:03', '2024-12-12 23:16:03'),
(702, 'Dr. Garrick Willms', 'libbie22@example.net', NULL, '$2y$12$Sbt1Hxb30zUvTDufbHR5pe8djeUhfX.bFssbbcB10BYFHpJngbHge', NULL, NULL, NULL, NULL, NULL, NULL, NULL, NULL, NULL, NULL, NULL, NULL, NULL, '2024-12-12 23:16:04', '2024-12-12 23:16:04'),
(703, 'Casandra D\'Amore MD', 'sidney.trantow@example.org', NULL, '$2y$12$Mpx2RSb7/gu.z4kAdu5Efuh5BKotnP14LiwUGzxSz/0F5UxK21bSC', NULL, NULL, NULL, NULL, NULL, NULL, NULL, NULL, NULL, NULL, NULL, NULL, NULL, '2024-12-12 23:16:04', '2024-12-12 23:16:04'),
(704, 'Veda Reichert', 'rickey.bailey@example.net', NULL, '$2y$12$9KJcl.zMKZEXmEPaKtPtWuAlcrr2AbVtyBo0jxLE5xIQTdMt3D/GS', NULL, NULL, NULL, NULL, NULL, NULL, NULL, NULL, NULL, NULL, NULL, NULL, NULL, '2024-12-12 23:16:04', '2024-12-12 23:16:04'),
(705, 'Amiya O\'Keefe', 'nickolas89@example.net', NULL, '$2y$12$C70NcrDhtdZE2k3gJnVdYevc.pqaxEKSp7gkH6zy85vCT0I1ugi3W', NULL, NULL, NULL, NULL, NULL, NULL, NULL, NULL, NULL, NULL, NULL, NULL, NULL, '2024-12-12 23:16:05', '2024-12-12 23:16:05'),
(706, 'Ms. Isabell Dickens II', 'watsica.mafalda@example.com', NULL, '$2y$12$fWoy04msMitfzIG/aok50.IRZQnOM6svSL1unT1ikMec91CeZan3C', NULL, NULL, NULL, NULL, NULL, NULL, NULL, NULL, NULL, NULL, NULL, NULL, NULL, '2024-12-12 23:16:05', '2024-12-12 23:16:05'),
(707, 'Dr. Donna Von', 'muller.susan@example.net', NULL, '$2y$12$mZ.yH52dlRGjRnRTly.vX.KH8XrwiTKFvrsKbp9Uucjn4vh7plvFO', NULL, NULL, NULL, NULL, NULL, NULL, NULL, NULL, NULL, NULL, NULL, NULL, NULL, '2024-12-12 23:16:06', '2024-12-12 23:16:06'),
(708, 'Dr. Ross Frami', 'gunnar51@example.com', NULL, '$2y$12$9BtIuHAK3KJdAxu1qpU40e4Oi72.guIEaUHMwSmSuSbsV53XOPuhi', NULL, NULL, NULL, NULL, NULL, NULL, NULL, NULL, NULL, NULL, NULL, NULL, NULL, '2024-12-12 23:16:06', '2024-12-12 23:16:06'),
(709, 'Era Beahan', 'domenick.lueilwitz@example.net', NULL, '$2y$12$k07I4zVZ4zl1wIx1OLBgBOAgEk7suhtSmKTd8mu6OKASN2XLE6xo.', NULL, NULL, NULL, NULL, NULL, NULL, NULL, NULL, NULL, NULL, NULL, NULL, NULL, '2024-12-12 23:16:06', '2024-12-12 23:16:06'),
(710, 'Kody Moore', 'mikel.tremblay@example.org', NULL, '$2y$12$g.KLb3LYCp6euiBTOhYN2uJOzwG5WIgTHPBb.WRAQ4yxF7CAZXBAq', NULL, NULL, NULL, NULL, NULL, NULL, NULL, NULL, NULL, NULL, NULL, NULL, NULL, '2024-12-12 23:16:07', '2024-12-12 23:16:07'),
(711, 'Cali Dietrich', 'melvina80@example.org', NULL, '$2y$12$3/oEKkREztkvkQ8Cm4ac9.FFcifRZotvX0G5R5ccBrbL6jpjPwuOy', NULL, NULL, NULL, NULL, NULL, NULL, NULL, NULL, NULL, NULL, NULL, NULL, NULL, '2024-12-12 23:16:07', '2024-12-12 23:16:07'),
(712, 'Libby Kerluke', 'wyatt.hoppe@example.com', NULL, '$2y$12$Wu5TJQ1Nlf8LK7zt1cb3X.PxUeHqVvGN1gtFwRy/O6ntvufgn8XYu', NULL, NULL, NULL, NULL, NULL, NULL, NULL, NULL, NULL, NULL, NULL, NULL, NULL, '2024-12-12 23:16:07', '2024-12-12 23:16:07'),
(713, 'Brook Wolff', 'cassidy.gleason@example.net', NULL, '$2y$12$LodN.ZgbcrOIXNxPPEoq3.PWfE2mAqVyVo2x.EKa34ObaAJvM9ICu', NULL, NULL, NULL, NULL, NULL, NULL, NULL, NULL, NULL, NULL, NULL, NULL, NULL, '2024-12-12 23:16:08', '2024-12-12 23:16:08'),
(714, 'Mac Ortiz', 'pkoepp@example.net', NULL, '$2y$12$TjnVsucKKBYwnxGInvtksuLhZwdxyopd/5V8UCgQ5xJoS35wTvDQq', NULL, NULL, NULL, NULL, NULL, NULL, NULL, NULL, NULL, NULL, NULL, NULL, NULL, '2024-12-12 23:16:08', '2024-12-12 23:16:08'),
(715, 'Leland Kuhic', 'jaquelin.carroll@example.com', NULL, '$2y$12$ewX9IGkjVhXuSdGBVsVuvuNY6X.SPZ25tEpc/COYVOis4LJR8fMwm', NULL, NULL, NULL, NULL, NULL, NULL, NULL, NULL, NULL, NULL, NULL, NULL, NULL, '2024-12-12 23:16:09', '2024-12-12 23:16:09'),
(716, 'Stephen Bogisich DVM', 'rsawayn@example.org', NULL, '$2y$12$DEpuJKGAukstT/e0wWIvu.0jN0.43XffxybX2GQDpt6LXPzD0YQsW', NULL, NULL, NULL, NULL, NULL, NULL, NULL, NULL, NULL, NULL, NULL, NULL, NULL, '2024-12-12 23:16:09', '2024-12-12 23:16:09'),
(717, 'Daphne Goodwin DDS', 'considine.pearline@example.org', NULL, '$2y$12$zFJE.rQYxG80VxZJQLXnK.rumEHLLd1B4xfm3NSj/MLtKrDw/0qEe', NULL, NULL, NULL, NULL, NULL, NULL, NULL, NULL, NULL, NULL, NULL, NULL, NULL, '2024-12-12 23:16:09', '2024-12-12 23:16:09'),
(718, 'Miss Vilma Bauch', 'xlueilwitz@example.org', NULL, '$2y$12$RwNlawD5rBfpi7XC8RGAk.n8XANR0Y0oFwfd4blL.AaVJgp29plqi', NULL, NULL, NULL, NULL, NULL, NULL, NULL, NULL, NULL, NULL, NULL, NULL, NULL, '2024-12-12 23:16:10', '2024-12-12 23:16:10'),
(719, 'Ashley Ortiz', 'heller.lela@example.com', NULL, '$2y$12$bogIlMyhT1o5RifSdwygYOoN/vRQShIkWrbX07BXLoCtuS3Kmw8x2', NULL, NULL, NULL, NULL, NULL, NULL, NULL, NULL, NULL, NULL, NULL, NULL, NULL, '2024-12-12 23:16:10', '2024-12-12 23:16:10'),
(720, 'Veronica Hermiston', 'delpha.bode@example.com', NULL, '$2y$12$Z.txxa3xPj4Ein/cCU7Df.eObGADndfDMoN/GClJq2SXdLaO2JLkO', NULL, NULL, NULL, NULL, NULL, NULL, NULL, NULL, NULL, NULL, NULL, NULL, NULL, '2024-12-12 23:16:11', '2024-12-12 23:16:11'),
(721, 'Wilfred Klein MD', 'mariano80@example.com', NULL, '$2y$12$Mrv4Lk62G2yIjQf.wsuwlOzWkUDzu8MDgssGTD2XDPMDbbSn.6/x.', NULL, NULL, NULL, NULL, NULL, NULL, NULL, NULL, NULL, NULL, NULL, NULL, NULL, '2024-12-12 23:16:11', '2024-12-12 23:16:11'),
(722, 'Miss Krystal O\'Reilly PhD', 'daphney33@example.org', NULL, '$2y$12$cgxO2XiFO/6F3Vh5psEtU.Uje04ZFpct.atDsSlL39lgQhfxgn.UW', NULL, NULL, NULL, NULL, NULL, NULL, NULL, NULL, NULL, NULL, NULL, NULL, NULL, '2024-12-12 23:16:11', '2024-12-12 23:16:11'),
(723, 'Troy Zulauf', 'ugoodwin@example.com', NULL, '$2y$12$5U9QTXSVcGT6PXPVvTuw3.iMp7UIPNSgqgBnSMxT5Tj3hvtNR1f8u', NULL, NULL, NULL, NULL, NULL, NULL, NULL, NULL, NULL, NULL, NULL, NULL, NULL, '2024-12-12 23:16:12', '2024-12-12 23:16:12'),
(724, 'Kamren Bernier Jr.', 'nspencer@example.net', NULL, '$2y$12$W1PB1K8v55VnH0HeciYeueShkxXlZtCiETDuhJkcidpoSqiZYzj5.', NULL, NULL, NULL, NULL, NULL, NULL, NULL, NULL, NULL, NULL, NULL, NULL, NULL, '2024-12-12 23:16:12', '2024-12-12 23:16:12'),
(725, 'Fritz Schneider', 'art.durgan@example.com', NULL, '$2y$12$fcuiKS678vIick7H3ZUufeTJ9FzcHVgvWcDar9y1HvaF4ceLdPxMu', NULL, NULL, NULL, NULL, NULL, NULL, NULL, NULL, NULL, NULL, NULL, NULL, NULL, '2024-12-12 23:16:12', '2024-12-12 23:16:12'),
(726, 'Colleen Green', 'icie12@example.net', NULL, '$2y$12$MOJe.q95d19ccBwJxAV.lOxLiaxj4Mka3TPOUgHBaOvDrNIKKeveq', NULL, NULL, NULL, NULL, NULL, NULL, NULL, NULL, NULL, NULL, NULL, NULL, NULL, '2024-12-12 23:16:13', '2024-12-12 23:16:13'),
(727, 'Samir Dickinson III', 'liana.altenwerth@example.org', NULL, '$2y$12$HAnZiKlPhAwg4pU5Tz9wV.oMDsMW.djGVV33LelgNmvoLWQdQs2kG', NULL, NULL, NULL, NULL, NULL, NULL, NULL, NULL, NULL, NULL, NULL, NULL, NULL, '2024-12-12 23:16:13', '2024-12-12 23:16:13'),
(728, 'Kacie Rempel', 'sibyl.wiza@example.com', NULL, '$2y$12$hMxeM6V3vzvFZYzVunZfVurfTLXbrnoh1wGa/quyLmHdWbyM/6jIS', NULL, NULL, NULL, NULL, NULL, NULL, NULL, NULL, NULL, NULL, NULL, NULL, NULL, '2024-12-12 23:16:14', '2024-12-12 23:16:14'),
(729, 'Geo Rowe', 'jennifer32@example.org', NULL, '$2y$12$Zha6cf3AGQVHMm2SGnkvge9k9Ii1ZPf417C0F33jcP7zOpqE8iwau', NULL, NULL, NULL, NULL, NULL, NULL, NULL, NULL, NULL, NULL, NULL, NULL, NULL, '2024-12-12 23:16:14', '2024-12-12 23:16:14'),
(730, 'Chyna Beer', 'bart.sporer@example.net', NULL, '$2y$12$qEutKqoBrsi4GvnnsgrdkOfp2gzESRmXG5AzXgmXBVoMJTHCzqwiW', NULL, NULL, NULL, NULL, NULL, NULL, NULL, NULL, NULL, NULL, NULL, NULL, NULL, '2024-12-12 23:16:14', '2024-12-12 23:16:14'),
(731, 'Caleigh Morissette', 'lexi82@example.net', NULL, '$2y$12$Fu51cbda3jPUf95Rf3cPSuJ9EafjpAI6eEXxndxiNsnK8sBd/HAtC', NULL, NULL, NULL, NULL, NULL, NULL, NULL, NULL, NULL, NULL, NULL, NULL, NULL, '2024-12-12 23:16:15', '2024-12-12 23:16:15'),
(732, 'Dr. Cordelia Bergstrom III', 'johnny.conroy@example.com', NULL, '$2y$12$QRTC0ZcFRnnM5e84ruwhQeGnEX23nKy../3JRJ4JtbEAheM47.E/y', NULL, NULL, NULL, NULL, NULL, NULL, NULL, NULL, NULL, NULL, NULL, NULL, NULL, '2024-12-12 23:16:15', '2024-12-12 23:16:15'),
(733, 'Delores Kunze', 'ivy.boehm@example.net', NULL, '$2y$12$dD1kAWdbhzaif16dX6VO3.dnSHYXcDhDYiclImUKrD3LrWR7pIvj2', NULL, NULL, NULL, NULL, NULL, NULL, NULL, NULL, NULL, NULL, NULL, NULL, NULL, '2024-12-12 23:16:16', '2024-12-12 23:16:16'),
(734, 'Wilmer Luettgen', 'charles14@example.net', NULL, '$2y$12$b5dAwfbet8IugFIUnA2ZkuEcdSMRbYOlhlrXCTGtLfvKeuT29KF7e', NULL, NULL, NULL, NULL, NULL, NULL, NULL, NULL, NULL, NULL, NULL, NULL, NULL, '2024-12-12 23:16:16', '2024-12-12 23:16:16'),
(735, 'Brycen Kris', 'reinger.lon@example.com', NULL, '$2y$12$325Y.3lxmTfyC13W/XF6memkQhO24wkYgwOKDyNqEbrZlrM8gmuOi', NULL, NULL, NULL, NULL, NULL, NULL, NULL, NULL, NULL, NULL, NULL, NULL, NULL, '2024-12-12 23:16:16', '2024-12-12 23:16:16'),
(736, 'Dr. Aurore Wisozk PhD', 'alba.auer@example.net', NULL, '$2y$12$7WlbHOm.OEM.TaXD/saPyOmMVCX0Crjw4f8KAIQYKAisMI2GzVPla', NULL, NULL, NULL, NULL, NULL, NULL, NULL, NULL, NULL, NULL, NULL, NULL, NULL, '2024-12-12 23:16:17', '2024-12-12 23:16:17'),
(737, 'Eulah Witting', 'elise99@example.net', NULL, '$2y$12$JnPxlNrfl4//4Gw3DI27PuGdgJWzUpipJM1At8MzegUu9MXnrBX6m', NULL, NULL, NULL, NULL, NULL, NULL, NULL, NULL, NULL, NULL, NULL, NULL, NULL, '2024-12-12 23:16:17', '2024-12-12 23:16:17'),
(738, 'Prof. Gustave Ritchie PhD', 'hodkiewicz.ethyl@example.org', NULL, '$2y$12$u4HNPSVSmdHs9w4I0gA0TOQ3UIuoobEYnIg0IwH2r87QKzh3bRsVW', NULL, NULL, NULL, NULL, NULL, NULL, NULL, NULL, NULL, NULL, NULL, NULL, NULL, '2024-12-12 23:16:18', '2024-12-12 23:16:18'),
(739, 'Leola Dach', 'agustin.nikolaus@example.com', NULL, '$2y$12$i3HzMaHhZJfkeYdL9ACK2u7An69X/R9v.xAZtB5WJCd.pf6BpbJuC', NULL, NULL, NULL, NULL, NULL, NULL, NULL, NULL, NULL, NULL, NULL, NULL, NULL, '2024-12-12 23:16:18', '2024-12-12 23:16:18'),
(740, 'Carli Koch', 'xbosco@example.net', NULL, '$2y$12$wU7XMR17UooYtb4oxl1UUeEozbBhmEMpZnSe2/hmwOZueS63mN78i', NULL, NULL, NULL, NULL, NULL, NULL, NULL, NULL, NULL, NULL, NULL, NULL, NULL, '2024-12-12 23:16:18', '2024-12-12 23:16:18'),
(741, 'Gwendolyn Monahan V', 'markus.cremin@example.com', NULL, '$2y$12$VGzcN3tY6GVV1QG5S9svcuGBocNICCvecET0cfNKjZbnmT24D391K', NULL, NULL, NULL, NULL, NULL, NULL, NULL, NULL, NULL, NULL, NULL, NULL, NULL, '2024-12-12 23:16:19', '2024-12-12 23:16:19'),
(742, 'Burley Durgan PhD', 'emanuel.walter@example.com', NULL, '$2y$12$DPhtbWNvbkQdfeO/3jMkb.sTFAT2Q6lasAllSfLn5.NY9mhSn85QG', NULL, NULL, NULL, NULL, NULL, NULL, NULL, NULL, NULL, NULL, NULL, NULL, NULL, '2024-12-12 23:16:19', '2024-12-12 23:16:19'),
(743, 'Elton Volkman', 'yzulauf@example.net', NULL, '$2y$12$ThqKNAYHb0XtMtJK2fj6nOvwvPgnBb/wkrtuk1/ICeMiP1Dsn1vtO', NULL, NULL, NULL, NULL, NULL, NULL, NULL, NULL, NULL, NULL, NULL, NULL, NULL, '2024-12-12 23:16:19', '2024-12-12 23:16:19'),
(744, 'Keshawn Windler IV', 'jana23@example.net', NULL, '$2y$12$GNygLINM3j1WM/3IfrS89.SAw5AzpGltcURONtYEoBh4f8zyKXbza', NULL, NULL, NULL, NULL, NULL, NULL, NULL, NULL, NULL, NULL, NULL, NULL, NULL, '2024-12-12 23:16:20', '2024-12-12 23:16:20'),
(745, 'Mr. Vaughn O\'Kon', 'kailyn.kemmer@example.net', NULL, '$2y$12$0k95IbbMR5CcyBVN3iMJzeDhHyoIaQJxDYLzlF1T68hrBj4X6xl8e', NULL, NULL, NULL, NULL, NULL, NULL, NULL, NULL, NULL, NULL, NULL, NULL, NULL, '2024-12-12 23:16:20', '2024-12-12 23:16:20'),
(746, 'Dulce Breitenberg', 'marianne80@example.net', NULL, '$2y$12$DUHVjrr94MDsCbwmSt245uq8.PAPrH4QFv3gsRGz2S2Zu11C89tce', NULL, NULL, NULL, NULL, NULL, NULL, NULL, NULL, NULL, NULL, NULL, NULL, NULL, '2024-12-12 23:16:21', '2024-12-12 23:16:21'),
(747, 'Miss Adriana Hauck IV', 'savanna06@example.org', NULL, '$2y$12$oC7gYtaiEimpBO.aYXZQUuTIqEMy1CPRgtE8MAEcpacEPAsiK0PQS', NULL, NULL, NULL, NULL, NULL, NULL, NULL, NULL, NULL, NULL, NULL, NULL, NULL, '2024-12-12 23:16:21', '2024-12-12 23:16:21'),
(748, 'Dr. Ari Carter', 'forrest.bayer@example.com', NULL, '$2y$12$UHsgWz02T5y.ev/lOHw47uD1YevJbiVQZQBwx904.HQrIAmwkXbbG', NULL, NULL, NULL, NULL, NULL, NULL, NULL, NULL, NULL, NULL, NULL, NULL, NULL, '2024-12-12 23:16:22', '2024-12-12 23:16:22'),
(749, 'Yadira Windler', 'adolphus.reichert@example.net', NULL, '$2y$12$jcBtPYck.1g4fh.LAte/GOTIPYisUBsmoCi3dlB97rJq11zK/ClT2', NULL, NULL, NULL, NULL, NULL, NULL, NULL, NULL, NULL, NULL, NULL, NULL, NULL, '2024-12-12 23:16:22', '2024-12-12 23:16:22'),
(750, 'Malinda Bernhard', 'swift.cordia@example.net', NULL, '$2y$12$jVOvxSKPUW/cFTFGa8Wppe9h1gR7nx9vc1l2HWtpQAUS0T7FNc96a', NULL, NULL, NULL, NULL, NULL, NULL, NULL, NULL, NULL, NULL, NULL, NULL, NULL, '2024-12-12 23:16:22', '2024-12-12 23:16:22'),
(751, 'Jane McCullough IV', 'georgianna33@example.org', NULL, '$2y$12$inTMQSnzzZVwgeNUQrVUAeb1LYA22Yh9Va6Uw9f8uLEjKP3GlhZSm', NULL, NULL, NULL, NULL, NULL, NULL, NULL, NULL, NULL, NULL, NULL, NULL, NULL, '2024-12-12 23:16:23', '2024-12-12 23:16:23'),
(752, 'Carmen Bergstrom', 'fletcher33@example.net', NULL, '$2y$12$uBbdRPBdQSJUBWk23gFwd.00829lSeU0JDNRjFAMdSg3XLWazqsNW', NULL, NULL, NULL, NULL, NULL, NULL, NULL, NULL, NULL, NULL, NULL, NULL, NULL, '2024-12-12 23:16:23', '2024-12-12 23:16:23'),
(753, 'Darrel Swaniawski', 'tlakin@example.com', NULL, '$2y$12$NGPeG2rcwnQYZSUPKk6mLer1BgXpZbkdTxcUFSTEpZ4tjqphWm2wq', NULL, NULL, NULL, NULL, NULL, NULL, NULL, NULL, NULL, NULL, NULL, NULL, NULL, '2024-12-12 23:16:23', '2024-12-12 23:16:23'),
(754, 'Ellis Jones', 'mara.terry@example.net', NULL, '$2y$12$.wyBpwJmQW41YDQ0zhZLf.DobNLctRUosohPh8g6z4YNVCD.V6oNq', NULL, NULL, NULL, NULL, NULL, NULL, NULL, NULL, NULL, NULL, NULL, NULL, NULL, '2024-12-12 23:16:24', '2024-12-12 23:16:24'),
(755, 'Maureen Greenholt', 'eulah.zulauf@example.net', NULL, '$2y$12$37cnnxpFrMG/mLqXOZDci.WtbG9rHuVgVj7q37q1JJH6faSId14a2', NULL, NULL, NULL, NULL, NULL, NULL, NULL, NULL, NULL, NULL, NULL, NULL, NULL, '2024-12-12 23:16:24', '2024-12-12 23:16:24'),
(756, 'Baylee Stracke', 'twila90@example.net', NULL, '$2y$12$mfZgaVf6XaNDA985OR96Iuhhr4YLMAPi26Qboa/T7uET3BGaNs89.', NULL, NULL, NULL, NULL, NULL, NULL, NULL, NULL, NULL, NULL, NULL, NULL, NULL, '2024-12-12 23:16:25', '2024-12-12 23:16:25'),
(757, 'Javon Boyle', 'alexys84@example.com', NULL, '$2y$12$cpiUYsZv5uWQKti7JGz7IeFVJh91kDcc40mNXbDN8AYZsnqr7U9xG', NULL, NULL, NULL, NULL, NULL, NULL, NULL, NULL, NULL, NULL, NULL, NULL, NULL, '2024-12-12 23:16:25', '2024-12-12 23:16:25'),
(758, 'Prof. Elmore Daniel', 'krista38@example.org', NULL, '$2y$12$V9DiAxqKdOST4vyYbrxZ5enPFoXGmkquG2FfvoFE9dCOz2r6zmgQW', NULL, NULL, NULL, NULL, NULL, NULL, NULL, NULL, NULL, NULL, NULL, NULL, NULL, '2024-12-12 23:16:25', '2024-12-12 23:16:25'),
(759, 'Darrell Ernser', 'brycen.satterfield@example.net', NULL, '$2y$12$7o0ux.Et68yOiJryIYsAn.D7zNL1pgLkIwxB.2UNOrgaW2OgCw5Me', NULL, NULL, NULL, NULL, NULL, NULL, NULL, NULL, NULL, NULL, NULL, NULL, NULL, '2024-12-12 23:16:26', '2024-12-12 23:16:26'),
(760, 'Prof. Janiya Hoeger', 'wjacobson@example.org', NULL, '$2y$12$uixtrpIKbEr4IKSNf37GvuNVUgCuiRDUWLT3ivCCYNnCJBSbeZLXi', NULL, NULL, NULL, NULL, NULL, NULL, NULL, NULL, NULL, NULL, NULL, NULL, NULL, '2024-12-12 23:16:26', '2024-12-12 23:16:26'),
(761, 'Prof. Kraig Stoltenberg DVM', 'turner.heaven@example.com', NULL, '$2y$12$xXqt6uk0mIY469vPt4SZ0OHT3AIDM9Rv.4JPcA7e44SSnPKVCK89e', NULL, NULL, NULL, NULL, NULL, NULL, NULL, NULL, NULL, NULL, NULL, NULL, NULL, '2024-12-12 23:16:26', '2024-12-12 23:16:26'),
(762, 'Miss Katlyn Gulgowski', 'doyle.treutel@example.org', NULL, '$2y$12$2pGi7j8OZyzVellbJeuoiO1KY2Ve9eMH8Vn1QcTU.yNl1AMCVBv5y', NULL, NULL, NULL, NULL, NULL, NULL, NULL, NULL, NULL, NULL, NULL, NULL, NULL, '2024-12-12 23:16:26', '2024-12-12 23:16:26'),
(763, 'Joelle O\'Kon', 'archibald.hane@example.org', NULL, '$2y$12$3R0LT7ongCHu8RXvgz74jeplDLlBNuog/.DaRELqVPr1HCgmBRXFG', NULL, NULL, NULL, NULL, NULL, NULL, NULL, NULL, NULL, NULL, NULL, NULL, NULL, '2024-12-12 23:16:26', '2024-12-12 23:16:26'),
(764, 'Laurence Wilderman', 'schuppe.mercedes@example.org', NULL, '$2y$12$GYn2tOwn3g70oxc9nSjJpuERstNm2N1roOSLLjtOW/dXmVbEEXvbi', NULL, NULL, NULL, NULL, NULL, NULL, NULL, NULL, NULL, NULL, NULL, NULL, NULL, '2024-12-12 23:16:27', '2024-12-12 23:16:27'),
(765, 'Gust Johns', 'wellington65@example.com', NULL, '$2y$12$VaqRB3wtxn9BRlFuiVtHROZfnDtxVmeYz7u7TK2RNnHZhQwcbnaqa', NULL, NULL, NULL, NULL, NULL, NULL, NULL, NULL, NULL, NULL, NULL, NULL, NULL, '2024-12-12 23:16:27', '2024-12-12 23:16:27'),
(766, 'Skye Lubowitz', 'kameron.sporer@example.org', NULL, '$2y$12$VJsT/mBvnG4h6xtSHSQUb.hPckDbLnxF2YYH8t5Pi.O2wh1XPKEV6', NULL, NULL, NULL, NULL, NULL, NULL, NULL, NULL, NULL, NULL, NULL, NULL, NULL, '2024-12-12 23:16:27', '2024-12-12 23:16:27'),
(767, 'Marlin Gibson', 'schiller.eldred@example.net', NULL, '$2y$12$iYGpI9gPin9XHb6IE4dPauHCTEK62tFS/HckW99jyiLuEdLqOW0uK', NULL, NULL, NULL, NULL, NULL, NULL, NULL, NULL, NULL, NULL, NULL, NULL, NULL, '2024-12-12 23:16:27', '2024-12-12 23:16:27'),
(768, 'Dr. Theodora Crooks Sr.', 'karson.lakin@example.net', NULL, '$2y$12$qHGh29VNifQuRQfUjTjN6eX4g1OJr8wEi9HiawWS3XU8B67ExqKbK', NULL, NULL, NULL, NULL, NULL, NULL, NULL, NULL, NULL, NULL, NULL, NULL, NULL, '2024-12-12 23:16:28', '2024-12-12 23:16:28'),
(769, 'Mr. Newell Hill', 'lkutch@example.com', NULL, '$2y$12$bEjyhehKabeIImnCY5zQae/Rg8M3Tmle7d66BA6r9cG5EcFuc16O6', NULL, NULL, NULL, NULL, NULL, NULL, NULL, NULL, NULL, NULL, NULL, NULL, NULL, '2024-12-12 23:16:28', '2024-12-12 23:16:28'),
(770, 'Harmony Daniel', 'blick.eugene@example.net', NULL, '$2y$12$JG/cUH6fTd2UDR8z/j3gXuRs59ycIzMohmYOZ2M2NJZY2u9rfF2Qq', NULL, NULL, NULL, NULL, NULL, NULL, NULL, NULL, NULL, NULL, NULL, NULL, NULL, '2024-12-12 23:16:28', '2024-12-12 23:16:28'),
(771, 'Audrey Metz I', 'ffunk@example.org', NULL, '$2y$12$urlN4PTpzqJX4GuI2vkS1Oq/dJTsvS1l8kMwCWQivXXCSzhyWOMI2', NULL, NULL, NULL, NULL, NULL, NULL, NULL, NULL, NULL, NULL, NULL, NULL, NULL, '2024-12-12 23:16:28', '2024-12-12 23:16:28'),
(772, 'Dr. Arvid Rosenbaum PhD', 'bergstrom.maureen@example.net', NULL, '$2y$12$sUN0hk6omRvGA.PmZJtoiuuQOw8gKR6bwNnA3EhdG2.K9r6/e6nvm', NULL, NULL, NULL, NULL, NULL, NULL, NULL, NULL, NULL, NULL, NULL, NULL, NULL, '2024-12-12 23:16:29', '2024-12-12 23:16:29'),
(773, 'Lesly Steuber', 'moses.hermann@example.com', NULL, '$2y$12$LgfpqBeB6dRpwnCNrYwx8.T31Xu6NLHZAXovD7HiOPO0gcungLdJm', NULL, NULL, NULL, NULL, NULL, NULL, NULL, NULL, NULL, NULL, NULL, NULL, NULL, '2024-12-12 23:16:29', '2024-12-12 23:16:29'),
(774, 'Rosalind Lowe', 'brakus.brittany@example.org', NULL, '$2y$12$gRTi3B723Of7bf4f52IVReBVhHYXD08Qhptbcyxp1N9c2kij63ESG', NULL, NULL, NULL, NULL, NULL, NULL, NULL, NULL, NULL, NULL, NULL, NULL, NULL, '2024-12-12 23:16:29', '2024-12-12 23:16:29'),
(775, 'Sandy Gaylord', 'hadams@example.com', NULL, '$2y$12$f/oFN1k/.kypvxnhYHlhNO0wX02Mlr85VCorvsSFoeKIC9f.HLTS6', NULL, NULL, NULL, NULL, NULL, NULL, NULL, NULL, NULL, NULL, NULL, NULL, NULL, '2024-12-12 23:16:29', '2024-12-12 23:16:29'),
(776, 'Mr. Isidro Ebert', 'lbuckridge@example.net', NULL, '$2y$12$FuaLOmUCR3TFpX9dKOvm2uLR2N4lhjyLS9Rg27js51lxSfeMt32Cy', NULL, NULL, NULL, NULL, NULL, NULL, NULL, NULL, NULL, NULL, NULL, NULL, NULL, '2024-12-12 23:16:29', '2024-12-12 23:16:29'),
(777, 'Omer Dare', 'xheidenreich@example.net', NULL, '$2y$12$Shk9/HptYubr9m46LB895eKSlHzr2qIfcqZJyeP1.UZj6kwl8PeJi', NULL, NULL, NULL, NULL, NULL, NULL, NULL, NULL, NULL, NULL, NULL, NULL, NULL, '2024-12-12 23:16:30', '2024-12-12 23:16:30'),
(778, 'Theodore Doyle II', 'sbayer@example.net', NULL, '$2y$12$fzKOZe8wiHz7rK8n0TDgEeGp224BBmd6sv0K8sprlOnlIbjKoEuUy', NULL, NULL, NULL, NULL, NULL, NULL, NULL, NULL, NULL, NULL, NULL, NULL, NULL, '2024-12-12 23:16:30', '2024-12-12 23:16:30'),
(779, 'Fae Thiel', 'gislason.irving@example.com', NULL, '$2y$12$PXFVNK3S1x3yJ3As8QdYueLI1zF3V6lYe0xkILz/BWp1UFgBbXBKq', NULL, NULL, NULL, NULL, NULL, NULL, NULL, NULL, NULL, NULL, NULL, NULL, NULL, '2024-12-12 23:16:30', '2024-12-12 23:16:30'),
(780, 'Jerel Wintheiser', 'kuvalis.jerad@example.org', NULL, '$2y$12$I6kERgkSrt4HkX2d5IkMnur/KNturmM2UKySgJwYJj7Dr8tFGWzWi', NULL, NULL, NULL, NULL, NULL, NULL, NULL, NULL, NULL, NULL, NULL, NULL, NULL, '2024-12-12 23:16:30', '2024-12-12 23:16:30'),
(781, 'Kayden Predovic', 'hagenes.dominique@example.com', NULL, '$2y$12$pqpXmsOzuYL7.xF1IHQh2eOYaCakBj2ZIO0UZOHjBAj0y6uDXhYvS', NULL, NULL, NULL, NULL, NULL, NULL, NULL, NULL, NULL, NULL, NULL, NULL, NULL, '2024-12-12 23:16:31', '2024-12-12 23:16:31'),
(782, 'Dr. Alyce Grant', 'patrick10@example.org', NULL, '$2y$12$9IIREvMm/0R1j0SdgS8PR.YDmrZfhJaYO2TyHMAtLqE2ErlQqexk6', NULL, NULL, NULL, NULL, NULL, NULL, NULL, NULL, NULL, NULL, NULL, NULL, NULL, '2024-12-12 23:16:31', '2024-12-12 23:16:31'),
(783, 'Mario Maggio Sr.', 'martina.braun@example.net', NULL, '$2y$12$aapD37M3D4AjtYirC2dRuOla2Y2Kx6VMelcLtHLUE/Y4l4bdSeVYm', NULL, NULL, NULL, NULL, NULL, NULL, NULL, NULL, NULL, NULL, NULL, NULL, NULL, '2024-12-12 23:16:31', '2024-12-12 23:16:31'),
(784, 'Joshua Hackett', 'cassandra.reynolds@example.net', NULL, '$2y$12$/JqlP1OU2v2bzUQHKleTJusXsr4gEUszNc2Wk0cbvblfLf4pF9U/y', NULL, NULL, NULL, NULL, NULL, NULL, NULL, NULL, NULL, NULL, NULL, NULL, NULL, '2024-12-12 23:16:31', '2024-12-12 23:16:31'),
(785, 'Michelle Hammes', 'fbeer@example.com', NULL, '$2y$12$WUFrgb2sANol/N56sK6H2Oxp/8mfnJzO30A02WDphLfI5C8vv3X7e', NULL, NULL, NULL, NULL, NULL, NULL, NULL, NULL, NULL, NULL, NULL, NULL, NULL, '2024-12-12 23:16:32', '2024-12-12 23:16:32'),
(786, 'Rebeca VonRueden I', 'dameon.stamm@example.org', NULL, '$2y$12$7EUtYE2lhwoQGakM5S88N.OkJX2iuMdrSkO6TKdZYG58g8NRpED92', NULL, NULL, NULL, NULL, NULL, NULL, NULL, NULL, NULL, NULL, NULL, NULL, NULL, '2024-12-12 23:16:32', '2024-12-12 23:16:32'),
(787, 'Ms. Shemar Raynor DVM', 'tadams@example.com', NULL, '$2y$12$kY77ew9TSZjofjbyH5t7huJxjJjjbHyDv3tXV6cJApDTYcfdbBwFy', NULL, NULL, NULL, NULL, NULL, NULL, NULL, NULL, NULL, NULL, NULL, NULL, NULL, '2024-12-12 23:16:32', '2024-12-12 23:16:32'),
(788, 'Davion Lind', 'hahn.flavio@example.com', NULL, '$2y$12$iPoGHmj0vieQ/7oUHWaUr.vG54X6rj2UhQaY3HP4ew7k43.5VK34.', NULL, NULL, NULL, NULL, NULL, NULL, NULL, NULL, NULL, NULL, NULL, NULL, NULL, '2024-12-12 23:16:32', '2024-12-12 23:16:32'),
(789, 'Dr. Elton Hammes', 'meggie.yundt@example.com', NULL, '$2y$12$zExKcZblW9x0FrGx8S8e0eWQhTW76yWHjjAJ5KPWZI0ngtnycnyB6', NULL, NULL, NULL, NULL, NULL, NULL, NULL, NULL, NULL, NULL, NULL, NULL, NULL, '2024-12-12 23:16:32', '2024-12-12 23:16:32'),
(790, 'Aglae Green', 'elna.douglas@example.org', NULL, '$2y$12$VtKgk7ZDeKVZNQR01mVbceNesnc3Z1YbLcjWXAojWu7j.1EP9W4/C', NULL, NULL, NULL, NULL, NULL, NULL, NULL, NULL, NULL, NULL, NULL, NULL, NULL, '2024-12-12 23:16:33', '2024-12-12 23:16:33'),
(791, 'Coralie Hermiston DDS', 'will.juana@example.com', NULL, '$2y$12$JtC9RrOnY2y76Enu9rAr0u/cByr/wkcKZWyNzxLMY908D5YE3GDlK', NULL, NULL, NULL, NULL, NULL, NULL, NULL, NULL, NULL, NULL, NULL, NULL, NULL, '2024-12-12 23:16:33', '2024-12-12 23:16:33'),
(792, 'Prof. June Nolan V', 'bailee69@example.org', NULL, '$2y$12$zj2g13M.1vxA.a8bjE9ghuyPn7ZxiXDKC9RFSKpIP1gz/I3xtXwD6', NULL, NULL, NULL, NULL, NULL, NULL, NULL, NULL, NULL, NULL, NULL, NULL, NULL, '2024-12-12 23:16:33', '2024-12-12 23:16:33'),
(793, 'Chanel Shanahan DDS', 'kessler.leon@example.org', NULL, '$2y$12$ZLFQXsVGkp9woIUtholaOeSxCWyPDoo2vdf7zzAtYv3qG2b1Tcte2', NULL, NULL, NULL, NULL, NULL, NULL, NULL, NULL, NULL, NULL, NULL, NULL, NULL, '2024-12-12 23:16:33', '2024-12-12 23:16:33'),
(794, 'Kieran Nitzsche II', 'magdalena80@example.com', NULL, '$2y$12$ixBPKicyQaw6zkUR3gUtd.cEwvEn1p.G3FJTHjFjniUyGldrlB5ry', NULL, NULL, NULL, NULL, NULL, NULL, NULL, NULL, NULL, NULL, NULL, NULL, NULL, '2024-12-12 23:16:34', '2024-12-12 23:16:34'),
(795, 'Nyasia Cummerata', 'creola55@example.com', NULL, '$2y$12$DhtDNh95w1Q1.YpB3MbCC.u.jlFl0QA1Fqxn0xVM78RFwApzZrF0W', NULL, NULL, NULL, NULL, NULL, NULL, NULL, NULL, NULL, NULL, NULL, NULL, NULL, '2024-12-12 23:16:34', '2024-12-12 23:16:34'),
(796, 'Dr. Jaida O\'Reilly MD', 'iwest@example.org', NULL, '$2y$12$Ih2uaUqDtSoNOP3BUvMnI.G9EBnVvggyCLeVN8ei4wP23Ir0MZ1hy', NULL, NULL, NULL, NULL, NULL, NULL, NULL, NULL, NULL, NULL, NULL, NULL, NULL, '2024-12-12 23:16:34', '2024-12-12 23:16:34'),
(797, 'Abagail Renner', 'imckenzie@example.org', NULL, '$2y$12$txfFCX/6EAzQZhKXLVubQ.GlIowDb8TNscX3jZsvRaS4yiZaKHVM.', NULL, NULL, NULL, NULL, NULL, NULL, NULL, NULL, NULL, NULL, NULL, NULL, NULL, '2024-12-12 23:16:34', '2024-12-12 23:16:34'),
(798, 'Jerrell Jenkins', 'corkery.easter@example.com', NULL, '$2y$12$Ju7OEt2f8wQFnz9qhbCeSe0hv6u4KSV2PvZOn7AI.D5p38YzDTK5i', NULL, NULL, NULL, NULL, NULL, NULL, NULL, NULL, NULL, NULL, NULL, NULL, NULL, '2024-12-12 23:16:35', '2024-12-12 23:16:35'),
(799, 'Prof. Alek Hackett', 'skoss@example.com', NULL, '$2y$12$VNx7uPQvcdKpAS4O4k3v0uascnIG9Z6T6oR0mAf5HLWA4vaZeqpBK', NULL, NULL, NULL, NULL, NULL, NULL, NULL, NULL, NULL, NULL, NULL, NULL, NULL, '2024-12-12 23:16:35', '2024-12-12 23:16:35'),
(800, 'Melissa Bednar', 'kortiz@example.org', NULL, '$2y$12$Kek8X/hoGr8fttFM2Y9JsuQ5wA1quRXwZ0nW6n.uvUIo4QXUmLwlq', NULL, NULL, NULL, NULL, NULL, NULL, NULL, NULL, NULL, NULL, NULL, NULL, NULL, '2024-12-12 23:16:35', '2024-12-12 23:16:35'),
(801, 'Dr. Eduardo Walker', 'glennie.morissette@example.com', NULL, '$2y$12$3RRYjcWWpHH14Tf5tWloa.RWNEx0D2ZilrgShNYFlKEwTigLVVJHS', NULL, NULL, NULL, NULL, NULL, NULL, NULL, NULL, NULL, NULL, NULL, NULL, NULL, '2024-12-12 23:16:35', '2024-12-12 23:16:35'),
(802, 'Keira Erdman', 'ifeest@example.org', NULL, '$2y$12$JOTvrgFMBniz.w4jMMydO.PXdHQgaUGtZsIieGHKnWQwkiMYKCtg6', NULL, NULL, NULL, NULL, NULL, NULL, NULL, NULL, NULL, NULL, NULL, NULL, NULL, '2024-12-12 23:16:35', '2024-12-12 23:16:35'),
(803, 'Eleanore Bosco', 'schmitt.marjolaine@example.org', NULL, '$2y$12$em1f7VHsjb5.N5LNIH.DT.BOgM6fOPH.9bSJoKJqUFKbsblWrPHu2', NULL, NULL, NULL, NULL, NULL, NULL, NULL, NULL, NULL, NULL, NULL, NULL, NULL, '2024-12-12 23:16:36', '2024-12-12 23:16:36'),
(804, 'Doyle Satterfield', 'jett.denesik@example.com', NULL, '$2y$12$3nvNJnhq8FJI/BPsyN9LEu8Xff4GTjZkmsAq6T75UwtLKy5tklNzS', NULL, NULL, NULL, NULL, NULL, NULL, NULL, NULL, NULL, NULL, NULL, NULL, NULL, '2024-12-12 23:16:36', '2024-12-12 23:16:36'),
(805, 'Makenna Borer', 'xkris@example.net', NULL, '$2y$12$XQ3oon11/lTQk08qJpaDfeh25DrKqgHRcQWfCVwHg/5pCBbxB/8pG', NULL, NULL, NULL, NULL, NULL, NULL, NULL, NULL, NULL, NULL, NULL, NULL, NULL, '2024-12-12 23:16:36', '2024-12-12 23:16:36'),
(806, 'Ally Funk V', 'swaniawski.narciso@example.org', NULL, '$2y$12$UZIn5.uBU6kp75ef6ByaiOaKUc.9eG5borSVaSHSCAIjUvfKreSbS', NULL, NULL, NULL, NULL, NULL, NULL, NULL, NULL, NULL, NULL, NULL, NULL, NULL, '2024-12-12 23:16:36', '2024-12-12 23:16:36'),
(807, 'Fernando Murray', 'bashirian.emiliano@example.com', NULL, '$2y$12$6Ik64/H/Jy3ycoxGBaKh3.WbfAQyRI5LnjAScJOsp6X.p6VbmVZj2', NULL, NULL, NULL, NULL, NULL, NULL, NULL, NULL, NULL, NULL, NULL, NULL, NULL, '2024-12-12 23:16:37', '2024-12-12 23:16:37'),
(808, 'Nikolas Jacobs', 'roberta28@example.com', NULL, '$2y$12$AFkuI26fs/iEMufGelW2rOxPAZDiJ7IFZ7Yga.JX8j9mXuGF1TSdS', NULL, NULL, NULL, NULL, NULL, NULL, NULL, NULL, NULL, NULL, NULL, NULL, NULL, '2024-12-12 23:16:37', '2024-12-12 23:16:37'),
(809, 'Wyatt Gulgowski', 'kamron.murphy@example.net', NULL, '$2y$12$44ENvXaWtk5BTw0apCQ/ru6mRJQ5RbE0T2izzUTxlYVY2wlHggBKC', NULL, NULL, NULL, NULL, NULL, NULL, NULL, NULL, NULL, NULL, NULL, NULL, NULL, '2024-12-12 23:16:37', '2024-12-12 23:16:37');
INSERT INTO `users` (`id`, `name`, `email`, `email_verified_at`, `password`, `two_factor_secret`, `two_factor_recovery_codes`, `two_factor_confirmed_at`, `date_of_birth`, `phone_number`, `address`, `city`, `state`, `zip_code`, `remember_token`, `current_team_id`, `profile_photo_path`, `deleted_at`, `created_at`, `updated_at`) VALUES
(810, 'Alexis Cronin', 'gerlach.elliot@example.com', NULL, '$2y$12$JnXYMnDi7abZuFQlesFFb.6/BADSp/vMWxSPkIVcGpmmLY0yFwwfG', NULL, NULL, NULL, NULL, NULL, NULL, NULL, NULL, NULL, NULL, NULL, NULL, NULL, '2024-12-12 23:16:37', '2024-12-12 23:16:37'),
(811, 'Lucio Kling V', 'otrantow@example.net', NULL, '$2y$12$suExs.2aoyRGLBBqjuJkA.490zexSb3KGTeRPZGgJMkGdTPj33wQS', NULL, NULL, NULL, NULL, NULL, NULL, NULL, NULL, NULL, NULL, NULL, NULL, NULL, '2024-12-12 23:16:38', '2024-12-12 23:16:38'),
(812, 'Imani Anderson', 'ledner.viviane@example.org', NULL, '$2y$12$wU1C.jXRLz6klTkx5HshDukNd04ObHokwIFjMO4Lw.vmpZq45LVvC', NULL, NULL, NULL, NULL, NULL, NULL, NULL, NULL, NULL, NULL, NULL, NULL, NULL, '2024-12-12 23:16:38', '2024-12-12 23:16:38'),
(813, 'Dr. Maryam Hirthe', 'ykutch@example.org', NULL, '$2y$12$URZ5A/HiAvVZQU927HOBzeibBvNtrG2dHEvVNZpq5qxl2aVOq2tcW', NULL, NULL, NULL, NULL, NULL, NULL, NULL, NULL, NULL, NULL, NULL, NULL, NULL, '2024-12-12 23:16:38', '2024-12-12 23:16:38'),
(814, 'Tito Bahringer', 'erica.bogisich@example.com', NULL, '$2y$12$LBMcVzCMGaIap81J0gCK3.lI9a1sbaY21hqgEY4oHaK3Dj3xsBlwm', NULL, NULL, NULL, NULL, NULL, NULL, NULL, NULL, NULL, NULL, NULL, NULL, NULL, '2024-12-12 23:16:38', '2024-12-12 23:16:38'),
(815, 'Stewart Waelchi', 'kub.arvid@example.net', NULL, '$2y$12$DZHj4N8ZjsPLW.EbG4nQVuZYsoXBZEhwZMV0MOAYWpMAWHNgMdOIO', NULL, NULL, NULL, NULL, NULL, NULL, NULL, NULL, NULL, NULL, NULL, NULL, NULL, '2024-12-12 23:16:38', '2024-12-12 23:16:38'),
(816, 'Mr. Keagan Beier', 'adriana18@example.net', NULL, '$2y$12$/Zwy6yG29MTR37MPKO2IduuaCd4.r28QjjLiQBfa1i.n6lPWVr9Xq', NULL, NULL, NULL, NULL, NULL, NULL, NULL, NULL, NULL, NULL, NULL, NULL, NULL, '2024-12-12 23:16:39', '2024-12-12 23:16:39'),
(817, 'Mr. Toney Wunsch', 'aletha04@example.org', NULL, '$2y$12$Ocr3ZO4QMaMV6nuTi5b2xulLiBxv4lphEPbX3GiVUGNQz0htkDZ8a', NULL, NULL, NULL, NULL, NULL, NULL, NULL, NULL, NULL, NULL, NULL, NULL, NULL, '2024-12-12 23:16:39', '2024-12-12 23:16:39'),
(818, 'Sylvan Welch', 'jessica70@example.org', NULL, '$2y$12$pj8ogduj4/NenGnmcLf4L.H5fb8y7JU0DAlrRRutk9F9INQ4CAhBG', NULL, NULL, NULL, NULL, NULL, NULL, NULL, NULL, NULL, NULL, NULL, NULL, NULL, '2024-12-12 23:16:39', '2024-12-12 23:16:39'),
(819, 'Mrs. Marquise Kuhn', 'okoch@example.com', NULL, '$2y$12$bhR4jGRtBeEGBynEl6iD8O3ZdJ5PPm/1xySgnkg8U7oiUyrex9wNS', NULL, NULL, NULL, NULL, NULL, NULL, NULL, NULL, NULL, NULL, NULL, NULL, NULL, '2024-12-12 23:16:39', '2024-12-12 23:16:39'),
(820, 'Meagan Pouros', 'mikel60@example.com', NULL, '$2y$12$Gf9Ut7sFbE3Bhvac/IeBGOLAjbvYLwjGrPV68h6UkJ8AanJDmkUKK', NULL, NULL, NULL, NULL, NULL, NULL, NULL, NULL, NULL, NULL, NULL, NULL, NULL, '2024-12-12 23:16:40', '2024-12-12 23:16:40'),
(821, 'Garnett McLaughlin', 'trace.robel@example.net', NULL, '$2y$12$Db2dgE4dkr/Boz7haB862.on2QPUq/DZp.uMFXivvkzuRyzwWAt8e', NULL, NULL, NULL, NULL, NULL, NULL, NULL, NULL, NULL, NULL, NULL, NULL, NULL, '2024-12-12 23:16:40', '2024-12-12 23:16:40'),
(822, 'Bridgette Walter', 'king.arnold@example.org', NULL, '$2y$12$n8AWLTUgjUpLi7ZiO43WPehzq3W9kzhVPwqTH4gsW8dhmoDeP6SIq', NULL, NULL, NULL, NULL, NULL, NULL, NULL, NULL, NULL, NULL, NULL, NULL, NULL, '2024-12-12 23:16:40', '2024-12-12 23:16:40'),
(823, 'Stefan Schroeder', 'emmitt.lakin@example.org', NULL, '$2y$12$c/oMdgc40yoNgJPix6Xe2OJvayML1Jt/J1cKi0qCwpkZl/biqlb2y', NULL, NULL, NULL, NULL, NULL, NULL, NULL, NULL, NULL, NULL, NULL, NULL, NULL, '2024-12-12 23:16:40', '2024-12-12 23:16:40'),
(824, 'Soledad Trantow', 'ycollins@example.net', NULL, '$2y$12$66jICuPpQ1RYs18ASsSYCOVRJqdAB2NQExNpWWAXkZ6sNW0iHb3si', NULL, NULL, NULL, NULL, NULL, NULL, NULL, NULL, NULL, NULL, NULL, NULL, NULL, '2024-12-12 23:16:40', '2024-12-12 23:16:40'),
(825, 'Rogelio Nitzsche', 'lavinia.beier@example.com', NULL, '$2y$12$Hs3b1a8cp7C7dVJhh.v4uu4DJFj2IrWZ.MfsrqX4FiSlHtfkqN4NW', NULL, NULL, NULL, NULL, NULL, NULL, NULL, NULL, NULL, NULL, NULL, NULL, NULL, '2024-12-12 23:16:41', '2024-12-12 23:16:41'),
(826, 'Sierra Jast', 'littel.peyton@example.net', NULL, '$2y$12$JlVb8P/UcWgcUixwKjumJOfonkFJUt7aF3BM0XqDVyY7EhOjip.oG', NULL, NULL, NULL, NULL, NULL, NULL, NULL, NULL, NULL, NULL, NULL, NULL, NULL, '2024-12-12 23:16:41', '2024-12-12 23:16:41'),
(827, 'Darren Russel', 'annette.mcdermott@example.org', NULL, '$2y$12$ivldRenld58hdU81hvv9G.yFPXmcxr3BDj/5WNY8P9RWfHysc2ZUC', NULL, NULL, NULL, NULL, NULL, NULL, NULL, NULL, NULL, NULL, NULL, NULL, NULL, '2024-12-12 23:16:41', '2024-12-12 23:16:41'),
(828, 'Nakia Koepp', 'gutmann.barry@example.org', NULL, '$2y$12$DBR./jOLQgJtYpXBNe/5ee7YAaqMUti6zD9s51ZvNT4b9CxW7gS0O', NULL, NULL, NULL, NULL, NULL, NULL, NULL, NULL, NULL, NULL, NULL, NULL, NULL, '2024-12-12 23:16:41', '2024-12-12 23:16:41'),
(829, 'Stanford Hilpert', 'madonna.lesch@example.net', NULL, '$2y$12$iWnx1r7tT4tNUZmIvzahAevyJm1B8mSprMhBF2PzCSFpFzqmyvXXK', NULL, NULL, NULL, NULL, NULL, NULL, NULL, NULL, NULL, NULL, NULL, NULL, NULL, '2024-12-12 23:16:42', '2024-12-12 23:16:42'),
(830, 'Khalid Dicki', 'cartwright.leslie@example.com', NULL, '$2y$12$jRhARGuL5QbbjZyw8PIiKeakQ3lbFWTWkqnWQlLnNNdzZRYNBtujK', NULL, NULL, NULL, NULL, NULL, NULL, NULL, NULL, NULL, NULL, NULL, NULL, NULL, '2024-12-12 23:16:42', '2024-12-12 23:16:42'),
(831, 'Dr. Jake Smith', 'effertz.leone@example.com', NULL, '$2y$12$5HtarmbE23T23rQBeecQJ.My7wCVBojQ0hbZAdxnwVnlasNW9uT8C', NULL, NULL, NULL, NULL, NULL, NULL, NULL, NULL, NULL, NULL, NULL, NULL, NULL, '2024-12-12 23:16:42', '2024-12-12 23:16:42'),
(832, 'Finn Block', 'rohan.payton@example.com', NULL, '$2y$12$8NnU8l.CRQfqhHYs5IULSOyCfo2WuT9xyX9QwwwyvDuWP6FoOXQeu', NULL, NULL, NULL, NULL, NULL, NULL, NULL, NULL, NULL, NULL, NULL, NULL, NULL, '2024-12-12 23:16:42', '2024-12-12 23:16:42'),
(833, 'Aimee Gaylord', 'valentina.lockman@example.com', NULL, '$2y$12$AAjZwnoV6r6Fkd9DFJkwpuzGVTePuOiLDtL8YjI0YL5uk7j.ULUkO', NULL, NULL, NULL, NULL, NULL, NULL, NULL, NULL, NULL, NULL, NULL, NULL, NULL, '2024-12-12 23:16:42', '2024-12-12 23:16:42'),
(834, 'Harry Maggio', 'era.kilback@example.com', NULL, '$2y$12$rehlAUZhQe448duPQgeFR.ammxtao9JewqTTG6NsMKLoobYk1zEeC', NULL, NULL, NULL, NULL, NULL, NULL, NULL, NULL, NULL, NULL, NULL, NULL, NULL, '2024-12-12 23:16:43', '2024-12-12 23:16:43'),
(835, 'Jazmyn Hammes DDS', 'dlemke@example.com', NULL, '$2y$12$1kMS.28BHHSlY.RsbBxa0O90/Z554XEdfGXIT.wr21A/fqOGL0w1K', NULL, NULL, NULL, NULL, NULL, NULL, NULL, NULL, NULL, NULL, NULL, NULL, NULL, '2024-12-12 23:16:43', '2024-12-12 23:16:43'),
(836, 'Solon Daniel', 'orn.neha@example.net', NULL, '$2y$12$IKcTlTR3gEIF0coPKTlc2.KehWCmhkb4I9ZI0GW4GPYQ/c8R0TOGO', NULL, NULL, NULL, NULL, NULL, NULL, NULL, NULL, NULL, NULL, NULL, NULL, NULL, '2024-12-12 23:16:43', '2024-12-12 23:16:43'),
(837, 'Litzy Bartoletti', 'carolyne67@example.net', NULL, '$2y$12$sOwlKj0/4N4RzDHkism4peQUCIlPb/fHr2K.fED3hKGM0kX/jbDma', NULL, NULL, NULL, NULL, NULL, NULL, NULL, NULL, NULL, NULL, NULL, NULL, NULL, '2024-12-12 23:16:43', '2024-12-12 23:16:43'),
(838, 'Noemi Runolfsdottir II', 'franecki.alta@example.net', NULL, '$2y$12$BFb5BKcClARu2jZuT..WT.7IwqknrYl05sYrH3P5Z49FS2t2u8jxm', NULL, NULL, NULL, NULL, NULL, NULL, NULL, NULL, NULL, NULL, NULL, NULL, NULL, '2024-12-12 23:16:43', '2024-12-12 23:16:43'),
(839, 'Gustave Turner', 'doyle.dorian@example.org', NULL, '$2y$12$rBeP3WNggWDcuAZhhFpVC.r.MMIjvwqAXUO0PvgFF1Otcu9Qusekq', NULL, NULL, NULL, NULL, NULL, NULL, NULL, NULL, NULL, NULL, NULL, NULL, NULL, '2024-12-12 23:16:44', '2024-12-12 23:16:44'),
(840, 'Nigel Morissette', 'max53@example.com', NULL, '$2y$12$XzMGCw/9H0DBHpRvFE8nXOdrKRZ57hIAmJztriDFurQ4yVfTtZYcS', NULL, NULL, NULL, NULL, NULL, NULL, NULL, NULL, NULL, NULL, NULL, NULL, NULL, '2024-12-12 23:16:44', '2024-12-12 23:16:44'),
(841, 'Collin Wilkinson', 'ppollich@example.org', NULL, '$2y$12$bXtc56i0vtI8RRw8dNJv1OeAVod0aekPjzQpWMYsEYkqJRv6TDn.2', NULL, NULL, NULL, NULL, NULL, NULL, NULL, NULL, NULL, NULL, NULL, NULL, NULL, '2024-12-12 23:16:44', '2024-12-12 23:16:44'),
(842, 'Minnie Heller', 'reichel.westley@example.org', NULL, '$2y$12$qDJDXv.0wJfkagc8DOlBreBylQ.zNfEGp4qeMx7S1uN5IaYpxCafK', NULL, NULL, NULL, NULL, NULL, NULL, NULL, NULL, NULL, NULL, NULL, NULL, NULL, '2024-12-12 23:16:44', '2024-12-12 23:16:44'),
(843, 'Samanta Kunde DVM', 'ccole@example.net', NULL, '$2y$12$XTwvUC6YvFbwLP9RsFHpj.znyBDYHiWU/ghNMzcszaV90AU9kC.Pi', NULL, NULL, NULL, NULL, NULL, NULL, NULL, NULL, NULL, NULL, NULL, NULL, NULL, '2024-12-12 23:16:45', '2024-12-12 23:16:45'),
(844, 'Prof. Gussie Wiegand', 'deshawn84@example.net', NULL, '$2y$12$CRDm2LL5Hs7yx.350fJWreFGUYpy8tO7D9UyBw9pF6iIuhrq461oG', NULL, NULL, NULL, NULL, NULL, NULL, NULL, NULL, NULL, NULL, NULL, NULL, NULL, '2024-12-12 23:16:45', '2024-12-12 23:16:45'),
(845, 'Ms. Sheila Barrows Jr.', 'schumm.eliseo@example.com', NULL, '$2y$12$9aJt0rx69GsCJtNEgft7v.sVraD88F7HFp6CtLPlJwvR6q6TAZYXu', NULL, NULL, NULL, NULL, NULL, NULL, NULL, NULL, NULL, NULL, NULL, NULL, NULL, '2024-12-12 23:16:45', '2024-12-12 23:16:45'),
(846, 'Dr. River Erdman DDS', 'madelynn.carroll@example.org', NULL, '$2y$12$D6iSqSV6/syf4M8d3x2l3eFxjOAherp4vnC8hoPciA0fSCu2dyLsW', NULL, NULL, NULL, NULL, NULL, NULL, NULL, NULL, NULL, NULL, NULL, NULL, NULL, '2024-12-12 23:16:45', '2024-12-12 23:16:45'),
(847, 'Viola Skiles', 'tkoepp@example.com', NULL, '$2y$12$x/kIjC7WIbyBYb/MQ7jiluNly5p37gA8J4FKD2icHs4bObC4DEhpG', NULL, NULL, NULL, NULL, NULL, NULL, NULL, NULL, NULL, NULL, NULL, NULL, NULL, '2024-12-12 23:16:45', '2024-12-12 23:16:45'),
(848, 'Mozell Jaskolski I', 'hcarroll@example.net', NULL, '$2y$12$tYltt249VNh.MjaItScomOzRuAqGDOiq51Ku1Tk7VZ/ig7QfoKCdO', NULL, NULL, NULL, NULL, NULL, NULL, NULL, NULL, NULL, NULL, NULL, NULL, NULL, '2024-12-12 23:16:46', '2024-12-12 23:16:46'),
(849, 'Aletha Pouros', 'maximus60@example.net', NULL, '$2y$12$7wQ3q7MeHZOcOMUfEuq3Meu6yeBYEj9XQTbFe9VzCaMbngiCy6.PK', NULL, NULL, NULL, NULL, NULL, NULL, NULL, NULL, NULL, NULL, NULL, NULL, NULL, '2024-12-12 23:16:46', '2024-12-12 23:16:46'),
(850, 'Eudora Rath', 'helene.schimmel@example.com', NULL, '$2y$12$CwmVHzEm7/vjaP0CfZtJ3OP5z4G2ddDFQeuiO25l708svl84azAqa', NULL, NULL, NULL, NULL, NULL, NULL, NULL, NULL, NULL, NULL, NULL, NULL, NULL, '2024-12-12 23:16:46', '2024-12-12 23:16:46'),
(851, 'Harvey Schowalter Jr.', 'jamey.kautzer@example.org', NULL, '$2y$12$2HiBn0DHJkeVraRpT6E/geftwupySDLh9S9a7x0L5ShxanuuKhZ4W', NULL, NULL, NULL, NULL, NULL, NULL, NULL, NULL, NULL, NULL, NULL, NULL, NULL, '2024-12-12 23:16:46', '2024-12-12 23:16:46'),
(852, 'Heather Kautzer', 'zstoltenberg@example.net', NULL, '$2y$12$tH40N0grvCl4BfJhe.8bv.VzQ1fJj6uus4QmdZTvB9ghExPmuJHoK', NULL, NULL, NULL, NULL, NULL, NULL, NULL, NULL, NULL, NULL, NULL, NULL, NULL, '2024-12-12 23:16:47', '2024-12-12 23:16:47'),
(853, 'Kristoffer McDermott', 'hope93@example.net', NULL, '$2y$12$3seT2CCi3v6q.yBE9ni5YuRkRiIN6Tmw2hOE9vfacdGJLatR2DuIK', NULL, NULL, NULL, NULL, NULL, NULL, NULL, NULL, NULL, NULL, NULL, NULL, NULL, '2024-12-12 23:16:47', '2024-12-12 23:16:47'),
(854, 'Walton Pagac', 'gia73@example.org', NULL, '$2y$12$/pIW70TTzecIezPrWD1.BuZBh0fbAthqh5C2xBqS7JRuX.tsmPYz2', NULL, NULL, NULL, NULL, NULL, NULL, NULL, NULL, NULL, NULL, NULL, NULL, NULL, '2024-12-12 23:16:47', '2024-12-12 23:16:47'),
(855, 'Mr. Columbus Ruecker', 'terry.easter@example.com', NULL, '$2y$12$CTjKerupMltZcoRgI7yqbuSAjz90ZfvczPhP5HmBUzJe6E.mzO.8e', NULL, NULL, NULL, NULL, NULL, NULL, NULL, NULL, NULL, NULL, NULL, NULL, NULL, '2024-12-12 23:16:47', '2024-12-12 23:16:47'),
(856, 'Judy Lehner', 'alaina62@example.net', NULL, '$2y$12$fjg6m1gmrNVas6DZR4AXk.Vuq5jb6ou6XSYA4ShViOxe9LWU/CjTm', NULL, NULL, NULL, NULL, NULL, NULL, NULL, NULL, NULL, NULL, NULL, NULL, NULL, '2024-12-12 23:16:47', '2024-12-12 23:16:47'),
(857, 'Mr. Thaddeus Predovic', 'ortiz.diamond@example.org', NULL, '$2y$12$Tfggnh93UCqj5A4SoF/2AOIDBIjhIJCrweQr5V6ua69nj979aL2qG', NULL, NULL, NULL, NULL, NULL, NULL, NULL, NULL, NULL, NULL, NULL, NULL, NULL, '2024-12-12 23:16:48', '2024-12-12 23:16:48'),
(858, 'Constantin Prohaska', 'pkunze@example.net', NULL, '$2y$12$2nHfEzBs4gTVYdVJZtUYO..QMafONGo6GKKh1VW27bWDeCgEamwoa', NULL, NULL, NULL, NULL, NULL, NULL, NULL, NULL, NULL, NULL, NULL, NULL, NULL, '2024-12-12 23:16:48', '2024-12-12 23:16:48'),
(859, 'Dr. Emory Rath', 'feil.lucy@example.net', NULL, '$2y$12$7/vxECPLRmH5FMz1flPfouiiuxf6kgjjKJGKxtig3XwMZNSXwUybq', NULL, NULL, NULL, NULL, NULL, NULL, NULL, NULL, NULL, NULL, NULL, NULL, NULL, '2024-12-12 23:16:48', '2024-12-12 23:16:48'),
(860, 'Camilla Heathcote DDS', 'fromaguera@example.com', NULL, '$2y$12$QioDkOoStntjpAWH.nSWv.qxzckx0Hm9xcFd584POOGTFSKTfprIO', NULL, NULL, NULL, NULL, NULL, NULL, NULL, NULL, NULL, NULL, NULL, NULL, NULL, '2024-12-12 23:16:48', '2024-12-12 23:16:48'),
(861, 'Crystel Muller', 'verlie.okuneva@example.net', NULL, '$2y$12$Fn3oLMvdWB0s5vDbw.mTceJ31VZsp5iE4rGZJCPlenMArnihuG3sq', NULL, NULL, NULL, NULL, NULL, NULL, NULL, NULL, NULL, NULL, NULL, NULL, NULL, '2024-12-12 23:16:49', '2024-12-12 23:16:49'),
(862, 'Fiona Stracke V', 'gladys.kemmer@example.com', NULL, '$2y$12$Keniq0HHl6Y2Ey2dnNDF9O99ZG/s2S2cYL6oZScaDZ56hjSHv46Ha', NULL, NULL, NULL, NULL, NULL, NULL, NULL, NULL, NULL, NULL, NULL, NULL, NULL, '2024-12-12 23:16:49', '2024-12-12 23:16:49'),
(863, 'Edmond Stokes Sr.', 'cfunk@example.org', NULL, '$2y$12$T9Jc2CoqCWxMoN7iYrOTXeFEv77EGQySSvp8L1Bi9Ffdum/JH0ipu', NULL, NULL, NULL, NULL, NULL, NULL, NULL, NULL, NULL, NULL, NULL, NULL, NULL, '2024-12-12 23:16:49', '2024-12-12 23:16:49'),
(864, 'Ms. Rita Nitzsche', 'carolyn.simonis@example.org', NULL, '$2y$12$m7fqmGck9TR3iddM1BBV/OzjIvMDsP7KR3kO4NYmfOpCfNDcC0Osy', NULL, NULL, NULL, NULL, NULL, NULL, NULL, NULL, NULL, NULL, NULL, NULL, NULL, '2024-12-12 23:16:49', '2024-12-12 23:16:49'),
(865, 'Amie Corkery', 'porn@example.net', NULL, '$2y$12$6d9eOf7QQossq4qk/uLkQOF41SajCqXIAJxmnSVOMNOm6s3.KcmiS', NULL, NULL, NULL, NULL, NULL, NULL, NULL, NULL, NULL, NULL, NULL, NULL, NULL, '2024-12-12 23:16:49', '2024-12-12 23:16:49'),
(866, 'Wilfredo Ruecker', 'jayson.waters@example.net', NULL, '$2y$12$A8vTUdtIoSZeMJpg4cQLPuN.MsdpFGdDhANMjJ6LUFco5oqLIsY.O', NULL, NULL, NULL, NULL, NULL, NULL, NULL, NULL, NULL, NULL, NULL, NULL, NULL, '2024-12-12 23:16:50', '2024-12-12 23:16:50'),
(867, 'Ralph Krajcik PhD', 'hartmann.marcia@example.com', NULL, '$2y$12$6tiFejinlVN7YdSv//znfuCZHgNu3SlcWe5UAeDclGzUcalTdXg6u', NULL, NULL, NULL, NULL, NULL, NULL, NULL, NULL, NULL, NULL, NULL, NULL, NULL, '2024-12-12 23:16:50', '2024-12-12 23:16:50'),
(868, 'Jarred Ferry', 'werner01@example.com', NULL, '$2y$12$Xtyg127FVtxS63OBpUZO5e7lwaCi8zwKOH5EPLvzgjp5kKTZ0C9wq', NULL, NULL, NULL, NULL, NULL, NULL, NULL, NULL, NULL, NULL, NULL, NULL, NULL, '2024-12-12 23:16:50', '2024-12-12 23:16:50'),
(869, 'Dr. Benjamin Koepp', 'dmurray@example.net', NULL, '$2y$12$Ba/pmfa6HtRKyVtVnbl7o.plOfBXMbGSB.b9B2uNTtpBpRZt21z/6', NULL, NULL, NULL, NULL, NULL, NULL, NULL, NULL, NULL, NULL, NULL, NULL, NULL, '2024-12-12 23:16:50', '2024-12-12 23:16:50'),
(870, 'Domenica Marks', 'deckow.jordy@example.org', NULL, '$2y$12$nY/Yjdl14wIGthPU4y6C4u1c66zrIe9uSg6Mte3.ehhKfLjtvVhtm', NULL, NULL, NULL, NULL, NULL, NULL, NULL, NULL, NULL, NULL, NULL, NULL, NULL, '2024-12-12 23:16:51', '2024-12-12 23:16:51'),
(871, 'Roberta Haley', 'qcummerata@example.com', NULL, '$2y$12$9.4lJKIEOP9FUok4xKT16uRoYSmNs/bJk.BlJlzS0XAI0xm.5VlTq', NULL, NULL, NULL, NULL, NULL, NULL, NULL, NULL, NULL, NULL, NULL, NULL, NULL, '2024-12-12 23:16:51', '2024-12-12 23:16:51'),
(872, 'Dr. Tony Marks', 'simonis.houston@example.com', NULL, '$2y$12$0fDgNotMfim9KX6SxDRtQe9Qp1nBq0aMloQLAupTRo6ch7.bjBEM.', NULL, NULL, NULL, NULL, NULL, NULL, NULL, NULL, NULL, NULL, NULL, NULL, NULL, '2024-12-12 23:16:51', '2024-12-12 23:16:51'),
(873, 'Lew Haag', 'toy.fae@example.com', NULL, '$2y$12$RL4Hevr9l5zPcyKYGWpAuuKvT7CvivKLDzVpmJO44KZRU/nxRwP8S', NULL, NULL, NULL, NULL, NULL, NULL, NULL, NULL, NULL, NULL, NULL, NULL, NULL, '2024-12-12 23:16:51', '2024-12-12 23:16:51'),
(874, 'Philip McCullough', 'dean.dicki@example.net', NULL, '$2y$12$g/97g1PNmWA8I4fTAgXAoeDPBsg7LO/BfWzcth.TdzOAzqAu2BNJC', NULL, NULL, NULL, NULL, NULL, NULL, NULL, NULL, NULL, NULL, NULL, NULL, NULL, '2024-12-12 23:16:51', '2024-12-12 23:16:51'),
(875, 'Jazmyne Thompson', 'russel.eulalia@example.org', NULL, '$2y$12$5.G/BiD5wwvcK77wQRGEmuw1.UR/Pw/x2UG4Jn1az9W5w7KdcDD5m', NULL, NULL, NULL, NULL, NULL, NULL, NULL, NULL, NULL, NULL, NULL, NULL, NULL, '2024-12-12 23:16:52', '2024-12-12 23:16:52'),
(876, 'Miss Kylie Paucek', 'benedict58@example.org', NULL, '$2y$12$46fC09wUBO6SWM.cleUB6eVFtC.Yq3DDJ1qQ33sqqNjbWm.XVrckG', NULL, NULL, NULL, NULL, NULL, NULL, NULL, NULL, NULL, NULL, NULL, NULL, NULL, '2024-12-12 23:16:52', '2024-12-12 23:16:52'),
(877, 'Dr. Clinton Schimmel', 'eondricka@example.com', NULL, '$2y$12$Nc6wpaNxhQtYTZ5.h9vTmutMwlrVGfZ5Qu.WfiGSWLtIzFsgcihAi', NULL, NULL, NULL, NULL, NULL, NULL, NULL, NULL, NULL, NULL, NULL, NULL, NULL, '2024-12-12 23:16:52', '2024-12-12 23:16:52'),
(878, 'Prof. Randal Ortiz', 'sylvia85@example.org', NULL, '$2y$12$qkJ0zso//3OL/yablRgOtuCjEG.CocbfJJT0lXvjjmdo.GPFyjrCa', NULL, NULL, NULL, NULL, NULL, NULL, NULL, NULL, NULL, NULL, NULL, NULL, NULL, '2024-12-12 23:16:52', '2024-12-12 23:16:52'),
(879, 'Else Koepp', 'spencer.harrison@example.org', NULL, '$2y$12$bJ0wVn2ObPnSYmaSj69H/OtvGR9dgxIGTVhtVkrJBrHEsq3zAfFH2', NULL, NULL, NULL, NULL, NULL, NULL, NULL, NULL, NULL, NULL, NULL, NULL, NULL, '2024-12-12 23:16:53', '2024-12-12 23:16:53'),
(880, 'Miss Marie Schulist', 'deshawn.bauch@example.com', NULL, '$2y$12$SNqqV58hYHb7OuBs4OxPievKIWRv7ZZ8gKMK1HyxUl80/Phvy4OZ.', NULL, NULL, NULL, NULL, NULL, NULL, NULL, NULL, NULL, NULL, NULL, NULL, NULL, '2024-12-12 23:16:53', '2024-12-12 23:16:53'),
(881, 'Madilyn Gutkowski', 'adah00@example.net', NULL, '$2y$12$q9Cms6n8dPor0ugtTpzwueeX.a/zMVjkOnsEKZxbvMXTJjkSZZ2yK', NULL, NULL, NULL, NULL, NULL, NULL, NULL, NULL, NULL, NULL, NULL, NULL, NULL, '2024-12-12 23:16:53', '2024-12-12 23:16:53'),
(882, 'Keagan Greenholt', 'weber.cortez@example.com', NULL, '$2y$12$7yjHfpC9bcorI39LibY/gebKSxd39dwC9pMM/L2Eqy0/s8yEgU7Ni', NULL, NULL, NULL, NULL, NULL, NULL, NULL, NULL, NULL, NULL, NULL, NULL, NULL, '2024-12-12 23:16:53', '2024-12-12 23:16:53'),
(883, 'Jefferey Jerde', 'gorczany.sage@example.org', NULL, '$2y$12$b/cb1eek3CdGIxUwa9vZzubBjje4MtdFtoRK1SG/Rf/208H9m7KTC', NULL, NULL, NULL, NULL, NULL, NULL, NULL, NULL, NULL, NULL, NULL, NULL, NULL, '2024-12-12 23:16:53', '2024-12-12 23:16:53'),
(884, 'Prof. Jarrett Hintz Jr.', 'mozell97@example.com', NULL, '$2y$12$rSXi74af.NLPkl7Jqnc1ieBB9FlwUEnidBT09Lk/vm9jaaOeLvjh6', NULL, NULL, NULL, NULL, NULL, NULL, NULL, NULL, NULL, NULL, NULL, NULL, NULL, '2024-12-12 23:16:54', '2024-12-12 23:16:54'),
(885, 'Prof. Seamus Abernathy Jr.', 'paucek.raegan@example.org', NULL, '$2y$12$eWbELkCUF8alvCGeoiTRUOgMEtlRN1NoKUwKw.2oxPqAzYjRbul3a', NULL, NULL, NULL, NULL, NULL, NULL, NULL, NULL, NULL, NULL, NULL, NULL, NULL, '2024-12-12 23:16:54', '2024-12-12 23:16:54'),
(886, 'Maryse Yost', 'carroll.cristobal@example.com', NULL, '$2y$12$UiayCzGx3RBcobBqaHFiP.e16VV9WIXoArgav3GhC5Byvw3rLz3Ku', NULL, NULL, NULL, NULL, NULL, NULL, NULL, NULL, NULL, NULL, NULL, NULL, NULL, '2024-12-12 23:16:54', '2024-12-12 23:16:54'),
(887, 'Miss Edythe Marks DVM', 'clair48@example.org', NULL, '$2y$12$fdn3Z32pEYjV2avEYXcXWOBVumLT/PkssONgGX871zXU9XGgLK9wW', NULL, NULL, NULL, NULL, NULL, NULL, NULL, NULL, NULL, NULL, NULL, NULL, NULL, '2024-12-12 23:16:54', '2024-12-12 23:16:54'),
(888, 'Ms. Ocie Harris', 'carson23@example.com', NULL, '$2y$12$IfyBwKAodu2Nb6eh2TIDC.0nLR.w4qNmfQX5ATSKragdiK1WmknU.', NULL, NULL, NULL, NULL, NULL, NULL, NULL, NULL, NULL, NULL, NULL, NULL, NULL, '2024-12-12 23:16:55', '2024-12-12 23:16:55'),
(889, 'Jeanette Emard', 'ziemann.sean@example.com', NULL, '$2y$12$xe0/wEpiXuTvP/QQZX7MyO7Pf7njm0AoNyFbwu.PqyBd7oI1IKSUm', NULL, NULL, NULL, NULL, NULL, NULL, NULL, NULL, NULL, NULL, NULL, NULL, NULL, '2024-12-12 23:16:55', '2024-12-12 23:16:55'),
(890, 'Dr. Triston Harris DVM', 'joannie62@example.org', NULL, '$2y$12$UOtw/kzqD3WCsBO7oOrTL.cIDB5HDLUFmXdI/A0qLKcZCBd2VaaA2', NULL, NULL, NULL, NULL, NULL, NULL, NULL, NULL, NULL, NULL, NULL, NULL, NULL, '2024-12-12 23:16:55', '2024-12-12 23:16:55'),
(891, 'Cora Walker', 'gmoen@example.net', NULL, '$2y$12$e3kktoxQPjVAAFmSDT3AgOBfGA7E/MZ.snYXIOAmo3E0/Pj8IP9Zy', NULL, NULL, NULL, NULL, NULL, NULL, NULL, NULL, NULL, NULL, NULL, NULL, NULL, '2024-12-12 23:16:55', '2024-12-12 23:16:55'),
(892, 'Brooks Okuneva', 'dane78@example.com', NULL, '$2y$12$UQjZiUFAp1DvP4cib/11OO3TAhx4au7PhXwPnehRhh61LH8WGQyvS', NULL, NULL, NULL, NULL, NULL, NULL, NULL, NULL, NULL, NULL, NULL, NULL, NULL, '2024-12-12 23:16:55', '2024-12-12 23:16:55'),
(893, 'Ms. Verlie Wiza Jr.', 'dejon.weissnat@example.net', NULL, '$2y$12$vKBC4cuUfHsm5tgwYHcOw.E1d5jzxkaKAVsm9wfenmCkQNfVDlh8O', NULL, NULL, NULL, NULL, NULL, NULL, NULL, NULL, NULL, NULL, NULL, NULL, NULL, '2024-12-12 23:16:56', '2024-12-12 23:16:56'),
(894, 'Toby Wisoky', 'ardith51@example.com', NULL, '$2y$12$ydI/JQPIWCv/qVV3rfRjCe2FT4M7oLC.pYUeRLRRoKe2PUp6MuuCi', NULL, NULL, NULL, NULL, NULL, NULL, NULL, NULL, NULL, NULL, NULL, NULL, NULL, '2024-12-12 23:16:56', '2024-12-12 23:16:56'),
(895, 'Miss Courtney Considine Sr.', 'daron.heidenreich@example.com', NULL, '$2y$12$vjwnpfYZXFCk89jP/G7Pi.GbCld85dx.qfIYyhrryCAj8jRU2ohey', NULL, NULL, NULL, NULL, NULL, NULL, NULL, NULL, NULL, NULL, NULL, NULL, NULL, '2024-12-12 23:16:56', '2024-12-12 23:16:56'),
(896, 'Emery Hansen', 'wilmer.koelpin@example.net', NULL, '$2y$12$QlfQ4awNEotvsppBut7iSOMED0THlBorcSnTLTILHxzWdGpEDRcpe', NULL, NULL, NULL, NULL, NULL, NULL, NULL, NULL, NULL, NULL, NULL, NULL, NULL, '2024-12-12 23:16:56', '2024-12-12 23:16:56'),
(897, 'Jeanette Kutch', 'nelda.trantow@example.net', NULL, '$2y$12$1Oxb9cxRAiXIm1Nd0F5SNOsFOdglOn2RHhlzUOUB4YiaEauWZbChC', NULL, NULL, NULL, NULL, NULL, NULL, NULL, NULL, NULL, NULL, NULL, NULL, NULL, '2024-12-12 23:16:57', '2024-12-12 23:16:57'),
(898, 'Mr. Gayle Beier', 'reece.considine@example.com', NULL, '$2y$12$dU0o3QRwRIQIchFXaF5kmOAhfdSzU3rscYvdKq7kIwdRhbCs7V0Hu', NULL, NULL, NULL, NULL, NULL, NULL, NULL, NULL, NULL, NULL, NULL, NULL, NULL, '2024-12-12 23:16:57', '2024-12-12 23:16:57'),
(899, 'Sibyl McCullough', 'alberta.jaskolski@example.org', NULL, '$2y$12$tmy8uy3vtZrRlj23O.ZcqOQuagu6d6fQwOT52BenkKj6Yp.av8hwe', NULL, NULL, NULL, NULL, NULL, NULL, NULL, NULL, NULL, NULL, NULL, NULL, NULL, '2024-12-12 23:16:57', '2024-12-12 23:16:57'),
(900, 'Ansel Hickle', 'eugene66@example.org', NULL, '$2y$12$oY/Xq/nB0uwb5OYn1nx1teHgmBq29hzh3AMRrvvRNFS.325zYILyK', NULL, NULL, NULL, NULL, NULL, NULL, NULL, NULL, NULL, NULL, NULL, NULL, NULL, '2024-12-12 23:16:57', '2024-12-12 23:16:57'),
(901, 'Logan Kling', 'tressa.konopelski@example.com', NULL, '$2y$12$ChuicX2vnlAejb3CeXG4veAvHfNQwTd2BxPuAIt5q2vVHELOOHB5u', NULL, NULL, NULL, NULL, NULL, NULL, NULL, NULL, NULL, NULL, NULL, NULL, NULL, '2024-12-12 23:16:57', '2024-12-12 23:16:57'),
(902, 'Frederik Smith', 'grant09@example.org', NULL, '$2y$12$Ny18C2NzURj7uhN4Q88zWeaAKE8Fphy6xAzuTCNEQNaIl0a1Yfn.a', NULL, NULL, NULL, NULL, NULL, NULL, NULL, NULL, NULL, NULL, NULL, NULL, NULL, '2024-12-12 23:16:58', '2024-12-12 23:16:58'),
(903, 'Cecilia Walsh', 'wehner.scottie@example.org', NULL, '$2y$12$oy2q/o6Nr6PQJo3z6k5BTOaJwzkePx2mJWOAi.FThYg.Eqzk0Ohxa', NULL, NULL, NULL, NULL, NULL, NULL, NULL, NULL, NULL, NULL, NULL, NULL, NULL, '2024-12-12 23:16:58', '2024-12-12 23:16:58'),
(904, 'Dangelo Marks V', 'destany32@example.com', NULL, '$2y$12$6nRRMvH91MMvP.0QYW9vDOfjwm5hAbAmeOvU8ArsxObIChtWSlLla', NULL, NULL, NULL, NULL, NULL, NULL, NULL, NULL, NULL, NULL, NULL, NULL, NULL, '2024-12-12 23:16:58', '2024-12-12 23:16:58'),
(905, 'Ms. Ashley Roberts IV', 'rigoberto.rice@example.com', NULL, '$2y$12$I8bm0eNM2ggEy6KugJBZXuW0CiLn/ruKDzXMAOq/RRrb9Mz6gJY8i', NULL, NULL, NULL, NULL, NULL, NULL, NULL, NULL, NULL, NULL, NULL, NULL, NULL, '2024-12-12 23:16:58', '2024-12-12 23:16:58'),
(906, 'Mr. Haley Zulauf', 'langosh.sam@example.org', NULL, '$2y$12$XOGBbuDjJJjUtj8J.xfmcu2mqBAr0ScRPwhOGUtuukWZukKFiX7Pq', NULL, NULL, NULL, NULL, NULL, NULL, NULL, NULL, NULL, NULL, NULL, NULL, NULL, '2024-12-12 23:16:58', '2024-12-12 23:16:58'),
(907, 'Freida Dare', 'hilma16@example.com', NULL, '$2y$12$xXvUSpJUMbVDMkDfMzE.1OefiiCz9BsAAXl83SaKLJea2IZ3cJUMK', NULL, NULL, NULL, NULL, NULL, NULL, NULL, NULL, NULL, NULL, NULL, NULL, NULL, '2024-12-12 23:16:59', '2024-12-12 23:16:59'),
(908, 'Ms. Ora Cremin IV', 'fbarton@example.com', NULL, '$2y$12$dBM9acwPzYjmNuWdye2SyuVoulfyxoSaOBoKJ2yOYmTcNV51sGegu', NULL, NULL, NULL, NULL, NULL, NULL, NULL, NULL, NULL, NULL, NULL, NULL, NULL, '2024-12-12 23:16:59', '2024-12-12 23:16:59'),
(909, 'Mrs. Maiya Turcotte Sr.', 'nitzsche.marianne@example.org', NULL, '$2y$12$u48hq87X2JFPcNyaFli3jOxx6NoI3OJeAb6j/59LULxIOIjkNlgXy', NULL, NULL, NULL, NULL, NULL, NULL, NULL, NULL, NULL, NULL, NULL, NULL, NULL, '2024-12-12 23:16:59', '2024-12-12 23:16:59'),
(910, 'Joshuah Bode I', 'eudora18@example.net', NULL, '$2y$12$2bfEbFuUpvXqDCIS.naOC.zrEQIXwS7yAogRCLU/3Ob/GOXMCpjEa', NULL, NULL, NULL, NULL, NULL, NULL, NULL, NULL, NULL, NULL, NULL, NULL, NULL, '2024-12-12 23:16:59', '2024-12-12 23:16:59'),
(911, 'Alfred Dietrich PhD', 'mollie.heidenreich@example.com', NULL, '$2y$12$cNCW6Y4s5cT.fgR8g95PUOZDjNiDs2hx7idp//FKH2hXBq/XYo.cK', NULL, NULL, NULL, NULL, NULL, NULL, NULL, NULL, NULL, NULL, NULL, NULL, NULL, '2024-12-12 23:17:00', '2024-12-12 23:17:00'),
(912, 'Prof. Melyssa Hilpert Jr.', 'grant.clemens@example.net', NULL, '$2y$12$f8TCN4cFYtnT5Dw8nwwUJ.d.WCTfErw8qHVzf08J2Nu4l2DwQzfPe', NULL, NULL, NULL, NULL, NULL, NULL, NULL, NULL, NULL, NULL, NULL, NULL, NULL, '2024-12-12 23:17:00', '2024-12-12 23:17:00'),
(913, 'Zoila Paucek', 'eduardo12@example.org', NULL, '$2y$12$zz.iyaus4leKCcIivskAsuw3aIoGEpyVb0feh9gxE5yJngC3/zXAG', NULL, NULL, NULL, NULL, NULL, NULL, NULL, NULL, NULL, NULL, NULL, NULL, NULL, '2024-12-12 23:17:00', '2024-12-12 23:17:00'),
(914, 'Shany Schaefer', 'marcellus62@example.org', NULL, '$2y$12$pnp.4i44tacdPewXGF3Di.q.giXL5fXhoqKWoLGT..Y8z0APiuWdu', NULL, NULL, NULL, NULL, NULL, NULL, NULL, NULL, NULL, NULL, NULL, NULL, NULL, '2024-12-12 23:17:00', '2024-12-12 23:17:00'),
(915, 'Davin Kutch DDS', 'howell.mikayla@example.com', NULL, '$2y$12$yjYqEeKZf1CAZyJ9XG1sJ.qpoxEuoZKBquwmEWHfFiXR2.mjkjyKK', NULL, NULL, NULL, NULL, NULL, NULL, NULL, NULL, NULL, NULL, NULL, NULL, NULL, '2024-12-12 23:17:00', '2024-12-12 23:17:00'),
(916, 'Desmond O\'Connell', 'yschiller@example.org', NULL, '$2y$12$a2OxDAXaU/A.wBXHO0pW6erwCQ9P5/66oGX0xGO5R1LiQy8e/qzJe', NULL, NULL, NULL, NULL, NULL, NULL, NULL, NULL, NULL, NULL, NULL, NULL, NULL, '2024-12-12 23:17:01', '2024-12-12 23:17:01'),
(917, 'Fredy Lind', 'shanahan.blair@example.com', NULL, '$2y$12$.z7SoaPnH1fK5wYuhMUuseRh.9eHpGmd0DgJ4vDk5QFYphw39WDTy', NULL, NULL, NULL, NULL, NULL, NULL, NULL, NULL, NULL, NULL, NULL, NULL, NULL, '2024-12-12 23:17:01', '2024-12-12 23:17:01'),
(918, 'Hayden Wintheiser', 'vena.larson@example.org', NULL, '$2y$12$ThLuremYENF3sNXqSzyjs.DvbxLXhLt5AGRpAS2Wyd3ZxaZOnCf3a', NULL, NULL, NULL, NULL, NULL, NULL, NULL, NULL, NULL, NULL, NULL, NULL, NULL, '2024-12-12 23:17:01', '2024-12-12 23:17:01'),
(919, 'Mrs. Heath Kirlin', 'upton.brando@example.net', NULL, '$2y$12$OAXwCRzNw6MGslE1bpXdJeHmi.ZS5taNds.iH9mIXyfoRM1jAbCCe', NULL, NULL, NULL, NULL, NULL, NULL, NULL, NULL, NULL, NULL, NULL, NULL, NULL, '2024-12-12 23:17:01', '2024-12-12 23:17:01'),
(920, 'Jeremie Treutel', 'xrohan@example.com', NULL, '$2y$12$w6OxcF/dkpB6XkO0L2ZGK.yKNRfiso/dy5Sq2fHHDjGkW/e4ONd/S', NULL, NULL, NULL, NULL, NULL, NULL, NULL, NULL, NULL, NULL, NULL, NULL, NULL, '2024-12-12 23:17:02', '2024-12-12 23:17:02'),
(921, 'Adah Runolfsson', 'bednar.kaya@example.net', NULL, '$2y$12$7o/ZCtobfhTSYwWns.9g5O1qIJ1nK/jHQWaR6CqxqqQmFIOUSYWhu', NULL, NULL, NULL, NULL, NULL, NULL, NULL, NULL, NULL, NULL, NULL, NULL, NULL, '2024-12-12 23:17:02', '2024-12-12 23:17:02'),
(922, 'Mr. Kevon Lindgren DVM', 'berge.clemens@example.net', NULL, '$2y$12$dMpGisZuv5k0w/E0kHrorO0zYLAM1zumej2AbGekOCW6VBFtze9gK', NULL, NULL, NULL, NULL, NULL, NULL, NULL, NULL, NULL, NULL, NULL, NULL, NULL, '2024-12-12 23:17:02', '2024-12-12 23:17:02'),
(923, 'Marjolaine Feeney', 'wilkinson.shanon@example.net', NULL, '$2y$12$iSW8Um0O15/ncN5zixgB2.jsve5TLAeDfjriW4JMmXYa8EFGm5Qs.', NULL, NULL, NULL, NULL, NULL, NULL, NULL, NULL, NULL, NULL, NULL, NULL, NULL, '2024-12-12 23:17:02', '2024-12-12 23:17:02'),
(924, 'Mrs. Ocie Vandervort MD', 'lincoln38@example.org', NULL, '$2y$12$Cs2V94RhUZDSm.FEsa7Qsub/LuNPg25Dck3o6JXZ5O2CR7WyKZ0XO', NULL, NULL, NULL, NULL, NULL, NULL, NULL, NULL, NULL, NULL, NULL, NULL, NULL, '2024-12-12 23:17:02', '2024-12-12 23:17:02'),
(925, 'Henri Homenick DDS', 'gibson.hellen@example.net', NULL, '$2y$12$g8V18BYwYSJz2lneLBThKunkhj/vHbj6UJS7TK9Vp3.aELNvr8Bpu', NULL, NULL, NULL, NULL, NULL, NULL, NULL, NULL, NULL, NULL, NULL, NULL, NULL, '2024-12-12 23:17:03', '2024-12-12 23:17:03'),
(926, 'Shakira Corkery I', 'yasmeen25@example.net', NULL, '$2y$12$RdIzkMuHFsQZ33VlVBiZGuXEcf8YHJoMiRgG96stAfLmjfuy6PysS', NULL, NULL, NULL, NULL, NULL, NULL, NULL, NULL, NULL, NULL, NULL, NULL, NULL, '2024-12-12 23:17:03', '2024-12-12 23:17:03'),
(927, 'Dr. Devan King PhD', 'webster.predovic@example.com', NULL, '$2y$12$Tm5zUi.yezYpWF.3PL31eetsxxR0t5Crzo/IGgWR8DsOdwLJ.NABW', NULL, NULL, NULL, NULL, NULL, NULL, NULL, NULL, NULL, NULL, NULL, NULL, NULL, '2024-12-12 23:17:03', '2024-12-12 23:17:03'),
(928, 'Issac Brown', 'mozell.mante@example.net', NULL, '$2y$12$RKXZI61JeOQKRnpQYEGVJe1apr2tF.eB0KYQK2pPVtXFXlKINg54y', NULL, NULL, NULL, NULL, NULL, NULL, NULL, NULL, NULL, NULL, NULL, NULL, NULL, '2024-12-12 23:17:03', '2024-12-12 23:17:03'),
(929, 'Sigmund Wisoky', 'icassin@example.com', NULL, '$2y$12$4Vn9WBID0DvG9JsObTVmeeriMwPfBS7HOby8W1xqhKwGOKf1HxrAC', NULL, NULL, NULL, NULL, NULL, NULL, NULL, NULL, NULL, NULL, NULL, NULL, NULL, '2024-12-12 23:17:04', '2024-12-12 23:17:04'),
(930, 'Clarabelle Walsh', 'theodore.nader@example.com', NULL, '$2y$12$Zjv5T5lydRcBswFTp5.W6O5PNK0l.KWd9N1PCMI1j/O0/Bfunm/Se', NULL, NULL, NULL, NULL, NULL, NULL, NULL, NULL, NULL, NULL, NULL, NULL, NULL, '2024-12-12 23:17:04', '2024-12-12 23:17:04'),
(931, 'Vita Wyman', 'keebler.adah@example.com', NULL, '$2y$12$EP56ArJ4uxUVTlsEVx8h5O.AHPRSFluOSnIeaDGvGaS6.3aFpbhr6', NULL, NULL, NULL, NULL, NULL, NULL, NULL, NULL, NULL, NULL, NULL, NULL, NULL, '2024-12-12 23:17:04', '2024-12-12 23:17:04'),
(932, 'Alan Baumbach', 'sister86@example.com', NULL, '$2y$12$sz02q/6E52IudBrgpHjvrOLxortEjKvc0iJo1M/kESG6ID6LAq9kq', NULL, NULL, NULL, NULL, NULL, NULL, NULL, NULL, NULL, NULL, NULL, NULL, NULL, '2024-12-12 23:17:04', '2024-12-12 23:17:04'),
(933, 'Mathilde Koelpin', 'wisoky.elmer@example.org', NULL, '$2y$12$Fbfe.XsqkKcA1KGbALmQv.7Y4UiggcFV/OI6/0f8TyeOIq96fm8Fy', NULL, NULL, NULL, NULL, NULL, NULL, NULL, NULL, NULL, NULL, NULL, NULL, NULL, '2024-12-12 23:17:04', '2024-12-12 23:17:04'),
(934, 'Dr. Bettye VonRueden MD', 'marcelino43@example.net', NULL, '$2y$12$My/wN6E16NyA10KI7Xi2ReP/cSgBgf1sQbcRi7bassayjqh5kYTOy', NULL, NULL, NULL, NULL, NULL, NULL, NULL, NULL, NULL, NULL, NULL, NULL, NULL, '2024-12-12 23:17:05', '2024-12-12 23:17:05'),
(935, 'Camryn O\'Conner', 'hraynor@example.net', NULL, '$2y$12$CtYJCyt9FUo1wYSIpU7TMuT7F7zm7.0RRkJ8J.bSxWxPAIBXcf2jm', NULL, NULL, NULL, NULL, NULL, NULL, NULL, NULL, NULL, NULL, NULL, NULL, NULL, '2024-12-12 23:17:05', '2024-12-12 23:17:05'),
(936, 'Mr. Aaron Kozey', 'germaine37@example.org', NULL, '$2y$12$ktpje6oAAKU13h54KMaABuLNpPOdKqSceJEsKb/Dmmqywr3JGq1na', NULL, NULL, NULL, NULL, NULL, NULL, NULL, NULL, NULL, NULL, NULL, NULL, NULL, '2024-12-12 23:17:05', '2024-12-12 23:17:05'),
(937, 'Ms. Fay Tillman PhD', 'bednar.demario@example.org', NULL, '$2y$12$cJN0YxW5jiBuoplvrzttI.GC8zN0xegyh/6b79XUU92NmAXuMjR.a', NULL, NULL, NULL, NULL, NULL, NULL, NULL, NULL, NULL, NULL, NULL, NULL, NULL, '2024-12-12 23:17:05', '2024-12-12 23:17:05'),
(938, 'Whitney Weimann Jr.', 'andreanne.casper@example.com', NULL, '$2y$12$.smSBAKqjWpCOWef7LR3..O/zhy2Rg4MVBxw8.ElDb1usGcmqTu8G', NULL, NULL, NULL, NULL, NULL, NULL, NULL, NULL, NULL, NULL, NULL, NULL, NULL, '2024-12-12 23:17:06', '2024-12-12 23:17:06'),
(939, 'Isadore Hahn', 'aleen.jakubowski@example.com', NULL, '$2y$12$48sVlgmLg9h3NCfRVOG69.8LfUWTXu92rvDfDRtw3prmP6wOO.4Pu', NULL, NULL, NULL, NULL, NULL, NULL, NULL, NULL, NULL, NULL, NULL, NULL, NULL, '2024-12-12 23:17:06', '2024-12-12 23:17:06'),
(940, 'Elta Fritsch', 'quigley.margot@example.com', NULL, '$2y$12$ydoxqui0MuN.i41ed7rEdOKS1Dsd7mXPFR0Hrmo4/KAfQKP3nLQ2S', NULL, NULL, NULL, NULL, NULL, NULL, NULL, NULL, NULL, NULL, NULL, NULL, NULL, '2024-12-12 23:17:06', '2024-12-12 23:17:06'),
(941, 'Valentine Carroll', 'iturcotte@example.org', NULL, '$2y$12$S68NBvRu0a4z.rSHdqsm5uFRt2.K1SBxn9gpExHmDh9XwkDs4N9D.', NULL, NULL, NULL, NULL, NULL, NULL, NULL, NULL, NULL, NULL, NULL, NULL, NULL, '2024-12-12 23:17:06', '2024-12-12 23:17:06'),
(942, 'Nicolas Eichmann', 'hkreiger@example.com', NULL, '$2y$12$eJpZeponxJjblVMgChwBBOVGUNFucFparLHXlV6//ggXgefsVQU1m', NULL, NULL, NULL, NULL, NULL, NULL, NULL, NULL, NULL, NULL, NULL, NULL, NULL, '2024-12-12 23:17:06', '2024-12-12 23:17:06'),
(943, 'Prof. Carmel Erdman II', 'assunta66@example.com', NULL, '$2y$12$V/w4/XNEY.S/vJxWcBzbjusFKhTAfbVCSoLeYpjwCdq5rP6iYFsOe', NULL, NULL, NULL, NULL, NULL, NULL, NULL, NULL, NULL, NULL, NULL, NULL, NULL, '2024-12-12 23:17:07', '2024-12-12 23:17:07'),
(944, 'Mr. Quinton Stark', 'lawson.treutel@example.net', NULL, '$2y$12$6ibAyMOHVwEWKwaOIfg0ZujRclpGgthXgrXjirg1CCOjFuSJiKWDC', NULL, NULL, NULL, NULL, NULL, NULL, NULL, NULL, NULL, NULL, NULL, NULL, NULL, '2024-12-12 23:17:07', '2024-12-12 23:17:07'),
(945, 'Abbigail Cassin', 'efisher@example.org', NULL, '$2y$12$S7FRDbMtxaoBaU7K6SyLA.1nkpr3HdazUFQQlCZmqBili0KPQpE8S', NULL, NULL, NULL, NULL, NULL, NULL, NULL, NULL, NULL, NULL, NULL, NULL, NULL, '2024-12-12 23:17:07', '2024-12-12 23:17:07'),
(946, 'Sherman Schmeler', 'macey.weber@example.net', NULL, '$2y$12$kiRyDrgFrsDG9BW4nrNKR.OVo44RA4NXamgm.1jZcnEvpLM28v/B6', NULL, NULL, NULL, NULL, NULL, NULL, NULL, NULL, NULL, NULL, NULL, NULL, NULL, '2024-12-12 23:17:07', '2024-12-12 23:17:07'),
(947, 'Rodolfo Hayes', 'maltenwerth@example.net', NULL, '$2y$12$VCb8dS2QEztUZLRd2.1up.QRrpnsdU8wHwrOIJHL4MnPgR5JfSbnG', NULL, NULL, NULL, NULL, NULL, NULL, NULL, NULL, NULL, NULL, NULL, NULL, NULL, '2024-12-12 23:17:07', '2024-12-12 23:17:07'),
(948, 'Newell Douglas', 'powlowski.anya@example.net', NULL, '$2y$12$lZZYJasChh0MrnfLiocHIuJnpyN0nkFwn6UrcXUYr63SwarQ85w3q', NULL, NULL, NULL, NULL, NULL, NULL, NULL, NULL, NULL, NULL, NULL, NULL, NULL, '2024-12-12 23:17:08', '2024-12-12 23:17:08'),
(949, 'Allison Bernier', 'everette.crooks@example.org', NULL, '$2y$12$kyP/qo7HhBYf5SYCKle4LOO.lx98VutivIYoUGSXMgTFx.J1rFHKa', NULL, NULL, NULL, NULL, NULL, NULL, NULL, NULL, NULL, NULL, NULL, NULL, NULL, '2024-12-12 23:17:08', '2024-12-12 23:17:08'),
(950, 'Shaylee Jones', 'cora.kub@example.com', NULL, '$2y$12$0YIxrXldadMgxnKXXfbGG.aQvk6dDOqKbm1K9bHxd1OenqXyA8RCu', NULL, NULL, NULL, NULL, NULL, NULL, NULL, NULL, NULL, NULL, NULL, NULL, NULL, '2024-12-12 23:17:08', '2024-12-12 23:17:08'),
(951, 'Ella Crona', 'mariela.buckridge@example.com', NULL, '$2y$12$PYtlqPCcIv0e05Aw8x5QCOtehGPYcewrJdCBwD0L5nrq/bSVT9s7K', NULL, NULL, NULL, NULL, NULL, NULL, NULL, NULL, NULL, NULL, NULL, NULL, NULL, '2024-12-12 23:17:08', '2024-12-12 23:17:08'),
(952, 'Payton Pfannerstill', 'schaden.garrick@example.org', NULL, '$2y$12$hAjNqyaTFil/YThyXA.yku5MAmUHxcbpigZUmoRWaN0Kz4v0M51GO', NULL, NULL, NULL, NULL, NULL, NULL, NULL, NULL, NULL, NULL, NULL, NULL, NULL, '2024-12-12 23:17:09', '2024-12-12 23:17:09'),
(953, 'Nikolas Howell', 'mcglynn.gustave@example.com', NULL, '$2y$12$FHToUxPA6xBmSCGHIWtsHOwasfqlHxGjTdumnuD64pB5fAZ.CebhC', NULL, NULL, NULL, NULL, NULL, NULL, NULL, NULL, NULL, NULL, NULL, NULL, NULL, '2024-12-12 23:17:09', '2024-12-12 23:17:09'),
(954, 'Marlon Morar III', 'lmorissette@example.net', NULL, '$2y$12$c5IqGxPNWWQeRqaRgXF/g.gXJLRq50.EFU0B8Vezp8nLq1cZOY4Pm', NULL, NULL, NULL, NULL, NULL, NULL, NULL, NULL, NULL, NULL, NULL, NULL, NULL, '2024-12-12 23:17:09', '2024-12-12 23:17:09'),
(955, 'Ms. Heaven Casper', 'dante78@example.com', NULL, '$2y$12$V5QtC6568pPXbogl15v.J.Tn6uDklyS6UGvkU11d0/n3NhY3ZcAAi', NULL, NULL, NULL, NULL, NULL, NULL, NULL, NULL, NULL, NULL, NULL, NULL, NULL, '2024-12-12 23:17:09', '2024-12-12 23:17:09'),
(956, 'Zackary Renner', 'schimmel.nick@example.com', NULL, '$2y$12$mC1qUcrR8UNwiaxipsRUWeHdvHr8C3Kz0aZ/0jwuRDDHBjsW6ma6C', NULL, NULL, NULL, NULL, NULL, NULL, NULL, NULL, NULL, NULL, NULL, NULL, NULL, '2024-12-12 23:17:09', '2024-12-12 23:17:09'),
(957, 'Adrian Hane', 'lori.stamm@example.com', NULL, '$2y$12$XZ69PnD5OnB1KHitQw1yqOy0AcxvqvqxtWxWWNe7v1FtNd2S0qN8G', NULL, NULL, NULL, NULL, NULL, NULL, NULL, NULL, NULL, NULL, NULL, NULL, NULL, '2024-12-12 23:17:10', '2024-12-12 23:17:10'),
(958, 'Dr. Joanny Champlin II', 'stoltenberg.ned@example.org', NULL, '$2y$12$1ZyRN5PRjtOAzudy4Y.JceTQJPVfR/ma1iq1YpuC./jGOK6UQSpwm', NULL, NULL, NULL, NULL, NULL, NULL, NULL, NULL, NULL, NULL, NULL, NULL, NULL, '2024-12-12 23:17:10', '2024-12-12 23:17:10'),
(959, 'Adalberto Hodkiewicz III', 'hsporer@example.com', NULL, '$2y$12$JRwPKlNGYUS2ifYWv4OBlu0UYsWOKPy6vGlVJjke51/hc08L9F/BK', NULL, NULL, NULL, NULL, NULL, NULL, NULL, NULL, NULL, NULL, NULL, NULL, NULL, '2024-12-12 23:17:10', '2024-12-12 23:17:10'),
(960, 'Mr. Laurel Marquardt IV', 'zemlak.kristy@example.com', NULL, '$2y$12$hA.Gc1ofM18/zPG6ZxJdR.Ewu1BTHGas.Hi53xLKQmX5zMPo2ZOfW', NULL, NULL, NULL, NULL, NULL, NULL, NULL, NULL, NULL, NULL, NULL, NULL, NULL, '2024-12-12 23:17:10', '2024-12-12 23:17:10'),
(961, 'Trycia Graham', 'christiansen.merl@example.com', NULL, '$2y$12$AE0z7lH6PjTEhQgf2tFnDeb6iOwOWVE88uG.Eegfd1FhBBva/RTkW', NULL, NULL, NULL, NULL, NULL, NULL, NULL, NULL, NULL, NULL, NULL, NULL, NULL, '2024-12-12 23:17:11', '2024-12-12 23:17:11'),
(962, 'Hazel Paucek', 'smuller@example.org', NULL, '$2y$12$uFD7r0A0..S6e8IjohnpRO4t.KaqeURvmHkKw8hYl8eKYdmgueyK2', NULL, NULL, NULL, NULL, NULL, NULL, NULL, NULL, NULL, NULL, NULL, NULL, NULL, '2024-12-12 23:17:11', '2024-12-12 23:17:11'),
(963, 'Dr. Lizzie Grant', 'abelardo57@example.com', NULL, '$2y$12$yLQ8jiXjuHco5Zjvg.q0h.BdRuiCAYXdzFBahzh0Z8AvnAK.9Rcr2', NULL, NULL, NULL, NULL, NULL, NULL, NULL, NULL, NULL, NULL, NULL, NULL, NULL, '2024-12-12 23:17:11', '2024-12-12 23:17:11'),
(964, 'Greyson Zemlak', 'ledner.mateo@example.org', NULL, '$2y$12$4q5gV2zUB/wOHDWpKApPuuKoEYCY40qimhxE4fJe0GoxhgzjmB4W6', NULL, NULL, NULL, NULL, NULL, NULL, NULL, NULL, NULL, NULL, NULL, NULL, NULL, '2024-12-12 23:17:11', '2024-12-12 23:17:11'),
(965, 'Ms. Reba Bayer DVM', 'carlee.kerluke@example.net', NULL, '$2y$12$5/TI0ESkEIsKpkbFIyycB.9xIemDz555JOUBM5Ype4sItSUz1Xtsm', NULL, NULL, NULL, NULL, NULL, NULL, NULL, NULL, NULL, NULL, NULL, NULL, NULL, '2024-12-12 23:17:11', '2024-12-12 23:17:11'),
(966, 'Prof. Martina Pfannerstill DVM', 'vlakin@example.com', NULL, '$2y$12$4CJRG6sTyWLSaSOf7kj4DePRw9vA8yzRaMsgNHllKqcjS8vsYAJK6', NULL, NULL, NULL, NULL, NULL, NULL, NULL, NULL, NULL, NULL, NULL, NULL, NULL, '2024-12-12 23:17:12', '2024-12-12 23:17:12'),
(967, 'Mathilde Pouros', 'sauer.berry@example.com', NULL, '$2y$12$4otmJIDJGa6nmLh8C4lAAu0mWDbsMMekE.eOXQoPvE1ogVeBvOqEO', NULL, NULL, NULL, NULL, NULL, NULL, NULL, NULL, NULL, NULL, NULL, NULL, NULL, '2024-12-12 23:17:12', '2024-12-12 23:17:12'),
(968, 'Green Tillman', 'brown.leila@example.org', NULL, '$2y$12$XL8UJn.q81St4nte5dki0u6hugUz5SDWCVBq.IMTqDLpWyHa9N6n.', NULL, NULL, NULL, NULL, NULL, NULL, NULL, NULL, NULL, NULL, NULL, NULL, NULL, '2024-12-12 23:17:12', '2024-12-12 23:17:12'),
(969, 'Ruth Beier', 'noel.bailey@example.com', NULL, '$2y$12$g02cdA3XJc5rpGsDJWjna.VWGV2tFxFgQ81jy2cWUshnR9wYW.GBi', NULL, NULL, NULL, NULL, NULL, NULL, NULL, NULL, NULL, NULL, NULL, NULL, NULL, '2024-12-12 23:17:12', '2024-12-12 23:17:12'),
(970, 'Dr. Michale Goldner DVM', 'hellen11@example.org', NULL, '$2y$12$710liVgavGow7c/NySKyD.XDkakOBEa9PT1690yBwmZ8/.1.G9BbC', NULL, NULL, NULL, NULL, NULL, NULL, NULL, NULL, NULL, NULL, NULL, NULL, NULL, '2024-12-12 23:17:13', '2024-12-12 23:17:13'),
(971, 'Mr. Victor Labadie', 'wuckert.berry@example.com', NULL, '$2y$12$1PAa.GewD/eckNFy0o3beuiFfGBrMmZR9To/ThgP/slYJSqo3nh72', NULL, NULL, NULL, NULL, NULL, NULL, NULL, NULL, NULL, NULL, NULL, NULL, NULL, '2024-12-12 23:17:13', '2024-12-12 23:17:13'),
(972, 'Alyce Jerde V', 'trycia97@example.net', NULL, '$2y$12$YKD0XzAgJsLza67sdEQy7O8uXah7MK8MA/tBdHmnm3ub/iRD.Y1sW', NULL, NULL, NULL, NULL, NULL, NULL, NULL, NULL, NULL, NULL, NULL, NULL, NULL, '2024-12-12 23:17:13', '2024-12-12 23:17:13'),
(973, 'Hope Williamson', 'ssporer@example.org', NULL, '$2y$12$7dBVtaQXBQusxunKnc8yH.QfALWnQTEouyN.u2m6hORn/3e/qao3a', NULL, NULL, NULL, NULL, NULL, NULL, NULL, NULL, NULL, NULL, NULL, NULL, NULL, '2024-12-12 23:17:13', '2024-12-12 23:17:13'),
(974, 'Josie Lemke', 'crona.ernestine@example.net', NULL, '$2y$12$6dC2O/ukTW2jjPwMuDHuDuYMlRTHwEJu0vdQ2TvVSXZXjSqyizq2O', NULL, NULL, NULL, NULL, NULL, NULL, NULL, NULL, NULL, NULL, NULL, NULL, NULL, '2024-12-12 23:17:13', '2024-12-12 23:17:13'),
(975, 'Paige Zemlak', 'talia.lindgren@example.org', NULL, '$2y$12$/x3FkjhyFsLVhANcEA3yveLH3DvGzG0Gc0Z8oLH2kQMAmqtUQXJa.', NULL, NULL, NULL, NULL, NULL, NULL, NULL, NULL, NULL, NULL, NULL, NULL, NULL, '2024-12-12 23:17:14', '2024-12-12 23:17:14'),
(976, 'Monserrate Miller Jr.', 'rthiel@example.com', NULL, '$2y$12$DMnZEPdOwNEg/PBks5Y0cOePr1AH6ztPsjvQ.P7ufnj5QHO6w9L06', NULL, NULL, NULL, NULL, NULL, NULL, NULL, NULL, NULL, NULL, NULL, NULL, NULL, '2024-12-12 23:17:14', '2024-12-12 23:17:14'),
(977, 'Miss Mariane Mills', 'walker.marcelino@example.net', NULL, '$2y$12$MOFvwMx1E5AuHYmO7aGnBeNM/I9JedS45tswt7NiDLY5iH7yYCzWy', NULL, NULL, NULL, NULL, NULL, NULL, NULL, NULL, NULL, NULL, NULL, NULL, NULL, '2024-12-12 23:17:14', '2024-12-12 23:17:14'),
(978, 'Jarod Dach MD', 'dulce.weissnat@example.com', NULL, '$2y$12$6c/spcZLCqUJswppxIVKf.lmPOdS.2mqSET0SLRlXotAnl5I9XxFa', NULL, NULL, NULL, NULL, NULL, NULL, NULL, NULL, NULL, NULL, NULL, NULL, NULL, '2024-12-12 23:17:14', '2024-12-12 23:17:14'),
(979, 'Mrs. Annie Mann', 'shany.mante@example.org', NULL, '$2y$12$gP8hJ8g3cywGvrFODEqX9e5YmEPi4.Pe0oeTSLvOrUZH0aIn9KMdm', NULL, NULL, NULL, NULL, NULL, NULL, NULL, NULL, NULL, NULL, NULL, NULL, NULL, '2024-12-12 23:17:15', '2024-12-12 23:17:15'),
(980, 'Martine Keebler IV', 'qoconner@example.org', NULL, '$2y$12$k2sQ8b0hZlFNT1SQnsYBauBkhiUO34JOIqB1rHWAOpf83G3xm4E0W', NULL, NULL, NULL, NULL, NULL, NULL, NULL, NULL, NULL, NULL, NULL, NULL, NULL, '2024-12-12 23:17:15', '2024-12-12 23:17:15'),
(981, 'Mrs. Lynn Tillman', 'akuvalis@example.net', NULL, '$2y$12$VQ1VsnknKLKqEN/fcpk.RuhEdFsny.pFRUqdQmvvrmDIF9iAYbT0a', NULL, NULL, NULL, NULL, NULL, NULL, NULL, NULL, NULL, NULL, NULL, NULL, NULL, '2024-12-12 23:17:15', '2024-12-12 23:17:15'),
(982, 'Toy Bosco', 'smurray@example.com', NULL, '$2y$12$jPk5Fv5f9BVsGvDmOVjUl.oFRBAT1mXFQGFTAQXHDCwFCIixOp7IS', NULL, NULL, NULL, NULL, NULL, NULL, NULL, NULL, NULL, NULL, NULL, NULL, NULL, '2024-12-12 23:17:15', '2024-12-12 23:17:15'),
(983, 'Dr. Mark Hammes', 'marcia.kub@example.net', NULL, '$2y$12$YEvBOJlqfK178JM3RYVqWunBCcJENeL.j7Ue8UNgF/npVg23GmCqe', NULL, NULL, NULL, NULL, NULL, NULL, NULL, NULL, NULL, NULL, NULL, NULL, NULL, '2024-12-12 23:17:15', '2024-12-12 23:17:15'),
(984, 'Ignacio Hills', 'jannie.lesch@example.org', NULL, '$2y$12$0O6LOyypDnmp69ZKATgykOOGvAY8WG5/kF3eiVKASUniDJzjNRG9a', NULL, NULL, NULL, NULL, NULL, NULL, NULL, NULL, NULL, NULL, NULL, NULL, NULL, '2024-12-12 23:17:16', '2024-12-12 23:17:16'),
(985, 'Scottie Ryan', 'wuckert.trent@example.org', NULL, '$2y$12$g.c62glaEHi.Ohpx/DTrue57ZHazN6QuzP3t4bAFGyh7uqfJZ8rT2', NULL, NULL, NULL, NULL, NULL, NULL, NULL, NULL, NULL, NULL, NULL, NULL, NULL, '2024-12-12 23:17:16', '2024-12-12 23:17:16'),
(986, 'Wilber Satterfield II', 'koepp.nathan@example.org', NULL, '$2y$12$Kxl8E24If/0EGt1n6IQ9wem8KSsa4R2Z7ukLw8Zy2kMon1Aby2DR.', NULL, NULL, NULL, NULL, NULL, NULL, NULL, NULL, NULL, NULL, NULL, NULL, NULL, '2024-12-12 23:17:16', '2024-12-12 23:17:16'),
(987, 'Elvis Hoppe', 'bradly.nolan@example.com', NULL, '$2y$12$h5O2M28imbKIDr8dZD/A/ObZOmYPqFIN9nKEIWxaaPN0vCr0uM/xu', NULL, NULL, NULL, NULL, NULL, NULL, NULL, NULL, NULL, NULL, NULL, NULL, NULL, '2024-12-12 23:17:16', '2024-12-12 23:17:16'),
(988, 'Katheryn Schoen III', 'dedrick87@example.org', NULL, '$2y$12$HL.wCG1UA1C30uEwYZjMq.HhncWIS/ymsnwksyZpXuXNJOvVujv6u', NULL, NULL, NULL, NULL, NULL, NULL, NULL, NULL, NULL, NULL, NULL, NULL, NULL, '2024-12-12 23:17:16', '2024-12-12 23:17:16'),
(989, 'Rodrick Herzog', 'meaghan.simonis@example.org', NULL, '$2y$12$9XVpgRZ5crP5mzTfviT6POzD.zmReD2ywCp9R6HLtGeJ7sZ3.UO6C', NULL, NULL, NULL, NULL, NULL, NULL, NULL, NULL, NULL, NULL, NULL, NULL, NULL, '2024-12-12 23:17:17', '2024-12-12 23:17:17'),
(990, 'Johnathon Lubowitz', 'jeffrey18@example.net', NULL, '$2y$12$hs3XFeRFIheVyg0CTNFKYewFIqFUtXT.kqu8R1Qsl48bMtn7AZANS', NULL, NULL, NULL, NULL, NULL, NULL, NULL, NULL, NULL, NULL, NULL, NULL, NULL, '2024-12-12 23:17:17', '2024-12-12 23:17:17'),
(991, 'Gaetano Kemmer', 'donnelly.mattie@example.net', NULL, '$2y$12$wl9EuV4a.PcG3JV1Ul81TeiniZxFR/5reGtZ0LYP8WbqHrdOssoEC', NULL, NULL, NULL, NULL, NULL, NULL, NULL, NULL, NULL, NULL, NULL, NULL, NULL, '2024-12-12 23:17:17', '2024-12-12 23:17:17'),
(992, 'Urban Dickinson', 'shana.sawayn@example.com', NULL, '$2y$12$550M0ei2EmmfVU0/s59OFu6SdnRmg55ubDNw5AZPMIH7NufYXf2Ja', NULL, NULL, NULL, NULL, NULL, NULL, NULL, NULL, NULL, NULL, NULL, NULL, NULL, '2024-12-12 23:17:17', '2024-12-12 23:17:17'),
(993, 'Americo Wolf', 'nitzsche.ludie@example.org', NULL, '$2y$12$lxM.neX84ZAiusVslcQ9seWQaWGUYdJIoD1gaFwLYfN8tAYaPUaUm', NULL, NULL, NULL, NULL, NULL, NULL, NULL, NULL, NULL, NULL, NULL, NULL, NULL, '2024-12-12 23:17:18', '2024-12-12 23:17:18'),
(994, 'Ms. Bonnie Leuschke IV', 'marisa.waelchi@example.org', NULL, '$2y$12$ii/uuxuFcgmUaBeelyF49OhiBTBLQqPmCW//EC8cpmwFULXRXHZ/6', NULL, NULL, NULL, NULL, NULL, NULL, NULL, NULL, NULL, NULL, NULL, NULL, NULL, '2024-12-12 23:17:18', '2024-12-12 23:17:18'),
(995, 'Dr. Francis Nitzsche', 'percival.schuppe@example.net', NULL, '$2y$12$W1OCOWbbGMCdx43xPi.NoemYHGSpS6rArqjIKaAGAjRK9P5JmyTqa', NULL, NULL, NULL, NULL, NULL, NULL, NULL, NULL, NULL, NULL, NULL, NULL, NULL, '2024-12-12 23:17:18', '2024-12-12 23:17:18'),
(996, 'Prof. Buddy Schaden PhD', 'lmcglynn@example.org', NULL, '$2y$12$Yk5CWOC4uQjEeWjTMgeq4eG/FlPryTZ6dFtbrjGs055Ui68tfUp3q', NULL, NULL, NULL, NULL, NULL, NULL, NULL, NULL, NULL, NULL, NULL, NULL, NULL, '2024-12-12 23:17:18', '2024-12-12 23:17:18'),
(997, 'Cordia Kirlin III', 'brandon.bechtelar@example.com', NULL, '$2y$12$EubDhWExzmAgRLf51rjN9OSTmbcwiz4sO1WCXXYjVjL0OdG/5nAfW', NULL, NULL, NULL, NULL, NULL, NULL, NULL, NULL, NULL, NULL, NULL, NULL, NULL, '2024-12-12 23:17:18', '2024-12-12 23:17:18'),
(998, 'Dr. Alessandro Spencer', 'dnolan@example.com', NULL, '$2y$12$SBLPynnFXR.VZ/Td.XqNCOCaUSNayDfoQTaA4ea70kf2md3.Ng9KK', NULL, NULL, NULL, NULL, NULL, NULL, NULL, NULL, NULL, NULL, NULL, NULL, NULL, '2024-12-12 23:17:19', '2024-12-12 23:17:19'),
(999, 'Davin Ledner', 'terrence93@example.com', NULL, '$2y$12$ry2P9gshhZsbP6GgfOhQrO7jm1DxYPV.poXdIwpigbVe5mgGqbAKW', NULL, NULL, NULL, NULL, NULL, NULL, NULL, NULL, NULL, NULL, NULL, NULL, NULL, '2024-12-12 23:17:19', '2024-12-12 23:17:19'),
(1000, 'Mr. Michel Jaskolski', 'awintheiser@example.com', NULL, '$2y$12$00FO10VIzK3lJFPRQEPnBusmBOiF/hr.aYR5ybYvW9JmpLa400nca', NULL, NULL, NULL, NULL, NULL, NULL, NULL, NULL, NULL, NULL, NULL, NULL, NULL, '2024-12-12 23:17:19', '2024-12-12 23:17:19'),
(1001, 'Cierra Kihn V', 'otilia13@example.net', NULL, '$2y$12$2widRpZOnAGuiHcHGy96tet7UpT8ncnM6iOkIr8W6Z3NrTDlBoyfO', NULL, NULL, NULL, NULL, NULL, NULL, NULL, NULL, NULL, NULL, NULL, NULL, NULL, '2024-12-12 23:17:19', '2024-12-12 23:17:19'),
(1002, 'Mr. Casimir Beer', 'gracie.langworth@example.com', NULL, '$2y$12$LY9kgpliNHcj5O6jRDllme.gCCWoVU9kUP9Z7k.y4OiEplQeisVeG', NULL, NULL, NULL, NULL, NULL, NULL, NULL, NULL, NULL, NULL, NULL, NULL, NULL, '2024-12-12 23:17:20', '2024-12-12 23:17:20'),
(1003, 'Dessie Kunde DVM', 'wunsch.hertha@example.com', NULL, '$2y$12$4LtfH8vhzJLuT.pdbhJ9xO5o9VC4D/09Dbgx7T7BDCDXAIkMHIxmm', NULL, NULL, NULL, NULL, NULL, NULL, NULL, NULL, NULL, NULL, NULL, NULL, NULL, '2024-12-12 23:17:20', '2024-12-12 23:17:20'),
(1004, 'Kenneth McClure', 'scarlett62@example.org', NULL, '$2y$12$PGRS9SeuzsFmAkjrYwmLIeLa6HjY60IHIT70tAyexFtuemmeE7jmy', NULL, NULL, NULL, NULL, NULL, NULL, NULL, NULL, NULL, NULL, NULL, NULL, NULL, '2024-12-12 23:17:20', '2024-12-12 23:17:20'),
(1005, 'Miss Eldora Mitchell', 'nrosenbaum@example.net', NULL, '$2y$12$1I1fsUlny7dOZk6PFRErxufoKXK7JVg3DuQUtYNk/qrHGEm/JSizW', NULL, NULL, NULL, NULL, NULL, NULL, NULL, NULL, NULL, NULL, NULL, NULL, NULL, '2024-12-12 23:17:20', '2024-12-12 23:17:20'),
(1006, 'Mr. Mohammed Tromp DVM', 'kailee69@example.net', NULL, '$2y$12$VTF1su8LtcpUrUk/ZidFiOQ/bMN0sAg56BnkT1SPpKvZ9cGEk0nbm', NULL, NULL, NULL, NULL, NULL, NULL, NULL, NULL, NULL, NULL, NULL, NULL, NULL, '2024-12-12 23:17:20', '2024-12-12 23:17:20'),
(1007, 'Bradly Schultz', 'rath.howell@example.com', NULL, '$2y$12$bHh3IZIO5kTvcTezhzEd6uBAOYEiYqQwH6I1AxGbzW5KcHFMAKG.K', NULL, NULL, NULL, NULL, NULL, NULL, NULL, NULL, NULL, NULL, NULL, NULL, NULL, '2024-12-12 23:17:21', '2024-12-12 23:17:21'),
(1008, 'Afton McClure', 'satterfield.cordia@example.com', NULL, '$2y$12$g2.fCLC8Gu78seO8azuuoeX3.0qIRUuse47SXfX.JgSGFppqJuAEK', NULL, NULL, NULL, NULL, NULL, NULL, NULL, NULL, NULL, NULL, NULL, NULL, NULL, '2024-12-12 23:17:21', '2024-12-12 23:17:21'),
(1009, 'Silas Lowe', 'burdette.terry@example.org', NULL, '$2y$12$UZQaUnznX/A0YOKv0t4FAe7FdIc.EeCJyIE9r.CwMfN2FEuDz0LeW', NULL, NULL, NULL, NULL, NULL, NULL, NULL, NULL, NULL, NULL, NULL, NULL, NULL, '2024-12-12 23:17:21', '2024-12-12 23:17:21'),
(1010, 'Jude Lindgren', 'nkerluke@example.org', NULL, '$2y$12$pjgPV7DaYOy81OjROuOmJeBwmnkQDU.N3d513UzH2G48pXPlpW5nq', NULL, NULL, NULL, NULL, NULL, NULL, NULL, NULL, NULL, NULL, NULL, NULL, NULL, '2024-12-12 23:17:21', '2024-12-12 23:17:21');
INSERT INTO `users` (`id`, `name`, `email`, `email_verified_at`, `password`, `two_factor_secret`, `two_factor_recovery_codes`, `two_factor_confirmed_at`, `date_of_birth`, `phone_number`, `address`, `city`, `state`, `zip_code`, `remember_token`, `current_team_id`, `profile_photo_path`, `deleted_at`, `created_at`, `updated_at`) VALUES
(1011, 'Gino Padberg', 'rorn@example.org', NULL, '$2y$12$CgRurVxy6SKG6Pr.HPBv7O5Ecw9b19cJhaCqAAqfFWWU1sFTvk2Zq', NULL, NULL, NULL, NULL, NULL, NULL, NULL, NULL, NULL, NULL, NULL, NULL, NULL, '2024-12-12 23:17:22', '2024-12-12 23:17:22'),
(1012, 'Prof. Johnathan Jaskolski', 'judy.quigley@example.com', NULL, '$2y$12$ataPcPau3xdFfYfJu841DOKnswdCZm9EC8Dal..PCWWUQtjAzytjy', NULL, NULL, NULL, NULL, NULL, NULL, NULL, NULL, NULL, NULL, NULL, NULL, NULL, '2024-12-12 23:17:22', '2024-12-12 23:17:22'),
(1013, 'Marian Johnston', 'timothy.strosin@example.net', NULL, '$2y$12$lbl6ZNWQkTscMJwWcOymVumzU7uATSGgbKh8u.20vkoiTHw/Y1Rve', NULL, NULL, NULL, NULL, NULL, NULL, NULL, NULL, NULL, NULL, NULL, NULL, NULL, '2024-12-12 23:17:22', '2024-12-12 23:17:22'),
(1014, 'Kody Walsh Jr.', 'senger.rubie@example.org', NULL, '$2y$12$kyEMzq0OYltxvKIb7lp5ae0zKooJOq3SIP6TOnGSrr/sdeS7rvENS', NULL, NULL, NULL, NULL, NULL, NULL, NULL, NULL, NULL, NULL, NULL, NULL, NULL, '2024-12-12 23:17:22', '2024-12-12 23:17:22'),
(1015, 'Porter Stanton', 'junior.strosin@example.org', NULL, '$2y$12$ZFl3VI5tkdfVCCFDSJYDv.PfVsNvC600GkCNg6lXYQCF7hnPdM/JK', NULL, NULL, NULL, NULL, NULL, NULL, NULL, NULL, NULL, NULL, NULL, NULL, NULL, '2024-12-12 23:17:22', '2024-12-12 23:17:22'),
(1016, 'Jalon Barrows', 'kreichert@example.com', NULL, '$2y$12$o7C5TjxM/qgSfNKRlaxLD.AayonLnIH2n33gydHwzq09X2gKiu//i', NULL, NULL, NULL, NULL, NULL, NULL, NULL, NULL, NULL, NULL, NULL, NULL, NULL, '2024-12-12 23:17:23', '2024-12-12 23:17:23'),
(1017, 'Emmanuelle Spencer', 'kshlerin.roderick@example.org', NULL, '$2y$12$Gnkdi4FCs5f9B7A1oPTpLesSYKGy1KyqLC4800ZQTHh7j.im1MhPm', NULL, NULL, NULL, NULL, NULL, NULL, NULL, NULL, NULL, NULL, NULL, NULL, NULL, '2024-12-12 23:17:23', '2024-12-12 23:17:23'),
(1018, 'Miss Pinkie Ondricka V', 'bruce.huels@example.org', NULL, '$2y$12$CQQViv4C/ACmCkIekNcu6elOjcx3hzQv1pqh/1UMPw81VA/dPCl3W', NULL, NULL, NULL, NULL, NULL, NULL, NULL, NULL, NULL, NULL, NULL, NULL, NULL, '2024-12-12 23:17:23', '2024-12-12 23:17:23'),
(1019, 'Delaney Weissnat', 'durgan.vickie@example.org', NULL, '$2y$12$.1bPsttEK5YgaIr7J8D/4u.eCio7JCjaOFNzPU86JF0ZDNHY4lYFy', NULL, NULL, NULL, NULL, NULL, NULL, NULL, NULL, NULL, NULL, NULL, NULL, NULL, '2024-12-12 23:17:23', '2024-12-12 23:17:23'),
(1020, 'Brady Stoltenberg', 'gstrosin@example.com', NULL, '$2y$12$Cm4zwRJyENLs9kLIfrFuyeoEzN7ielGelkkHzwCxUP/BLLOzDeIMO', NULL, NULL, NULL, NULL, NULL, NULL, NULL, NULL, NULL, NULL, NULL, NULL, NULL, '2024-12-12 23:17:23', '2024-12-12 23:17:23'),
(1021, 'Miss Cathrine Lind', 'kuhlman.roslyn@example.org', NULL, '$2y$12$YtIvwPgYg8fOnoKFe7NKM.40xvvaG6qTHVa3A95qFtZd8D.85bls.', NULL, NULL, NULL, NULL, NULL, NULL, NULL, NULL, NULL, NULL, NULL, NULL, NULL, '2024-12-12 23:17:24', '2024-12-12 23:17:24'),
(1022, 'Dr. Maya Jast DDS', 'juwan96@example.net', '2024-12-12 23:17:24', '$2y$12$7Gn.4Esn.9T7RFeqBBvQCuy7Fg84CcsMkKUukN8HR3ZdiO7JK3sWO', NULL, NULL, NULL, NULL, NULL, NULL, NULL, NULL, NULL, 'Mnt5l70N88', NULL, NULL, NULL, '2024-12-12 23:17:24', '2024-12-12 23:17:24'),
(1023, 'Kane Armstrong', 'charity.schulist@example.com', '2024-12-12 23:17:24', '$2y$12$7Gn.4Esn.9T7RFeqBBvQCuy7Fg84CcsMkKUukN8HR3ZdiO7JK3sWO', NULL, NULL, NULL, NULL, NULL, NULL, NULL, NULL, NULL, '1elIv3kJYi', NULL, NULL, NULL, '2024-12-12 23:17:24', '2024-12-12 23:17:24'),
(1024, 'Mrs. Diana Schowalter', 'ruecker.oma@example.com', '2024-12-12 23:17:24', '$2y$12$7Gn.4Esn.9T7RFeqBBvQCuy7Fg84CcsMkKUukN8HR3ZdiO7JK3sWO', NULL, NULL, NULL, NULL, NULL, NULL, NULL, NULL, NULL, 'm3AU1hwaQf', NULL, NULL, NULL, '2024-12-12 23:17:24', '2024-12-12 23:17:24'),
(1025, 'Erling Connelly', 'albertha45@example.org', '2024-12-12 23:17:24', '$2y$12$7Gn.4Esn.9T7RFeqBBvQCuy7Fg84CcsMkKUukN8HR3ZdiO7JK3sWO', NULL, NULL, NULL, NULL, NULL, NULL, NULL, NULL, NULL, '3fMlTYEk1y', NULL, NULL, NULL, '2024-12-12 23:17:24', '2024-12-12 23:17:24'),
(1026, 'Linnea Yost II', 'nola.emard@example.net', '2024-12-12 23:17:24', '$2y$12$7Gn.4Esn.9T7RFeqBBvQCuy7Fg84CcsMkKUukN8HR3ZdiO7JK3sWO', NULL, NULL, NULL, NULL, NULL, NULL, NULL, NULL, NULL, 'VRhyMr0elM', NULL, NULL, NULL, '2024-12-12 23:17:24', '2024-12-12 23:17:24'),
(1027, 'Verla Rau', 'mabel.cormier@example.net', '2024-12-12 23:17:24', '$2y$12$7Gn.4Esn.9T7RFeqBBvQCuy7Fg84CcsMkKUukN8HR3ZdiO7JK3sWO', NULL, NULL, NULL, NULL, NULL, NULL, NULL, NULL, NULL, 'RkHG6XDnjW', NULL, NULL, NULL, '2024-12-12 23:17:24', '2024-12-12 23:17:24'),
(1028, 'Sydnee Kshlerin', 'elvie38@example.com', '2024-12-12 23:17:24', '$2y$12$7Gn.4Esn.9T7RFeqBBvQCuy7Fg84CcsMkKUukN8HR3ZdiO7JK3sWO', NULL, NULL, NULL, NULL, NULL, NULL, NULL, NULL, NULL, 'Py4GhVrEWI', NULL, NULL, NULL, '2024-12-12 23:17:24', '2024-12-12 23:17:24'),
(1029, 'Janie Hoeger', 'koch.roberto@example.com', '2024-12-12 23:17:24', '$2y$12$7Gn.4Esn.9T7RFeqBBvQCuy7Fg84CcsMkKUukN8HR3ZdiO7JK3sWO', NULL, NULL, NULL, NULL, NULL, NULL, NULL, NULL, NULL, 'ra2P3e3ZZu', NULL, NULL, NULL, '2024-12-12 23:17:24', '2024-12-12 23:17:24'),
(1030, 'Dario Corwin III', 'mcartwright@example.com', '2024-12-12 23:17:24', '$2y$12$7Gn.4Esn.9T7RFeqBBvQCuy7Fg84CcsMkKUukN8HR3ZdiO7JK3sWO', NULL, NULL, NULL, NULL, NULL, NULL, NULL, NULL, NULL, 'A64STrmobl', NULL, NULL, NULL, '2024-12-12 23:17:24', '2024-12-12 23:17:24'),
(1031, 'Prof. Francisca Hickle II', 'kale.gerhold@example.com', '2024-12-12 23:17:24', '$2y$12$7Gn.4Esn.9T7RFeqBBvQCuy7Fg84CcsMkKUukN8HR3ZdiO7JK3sWO', NULL, NULL, NULL, NULL, NULL, NULL, NULL, NULL, NULL, '6msN2ELk1t', NULL, NULL, NULL, '2024-12-12 23:17:24', '2024-12-12 23:17:24'),
(1032, 'Karlie Hodkiewicz', 'rutherford.jovanny@example.com', '2024-12-12 23:17:24', '$2y$12$7Gn.4Esn.9T7RFeqBBvQCuy7Fg84CcsMkKUukN8HR3ZdiO7JK3sWO', NULL, NULL, NULL, NULL, NULL, NULL, NULL, NULL, NULL, 'ovwZo5MS6u', NULL, NULL, NULL, '2024-12-12 23:17:24', '2024-12-12 23:17:24'),
(1033, 'Jayde Stamm', 'prohaska.anita@example.org', '2024-12-12 23:17:24', '$2y$12$7Gn.4Esn.9T7RFeqBBvQCuy7Fg84CcsMkKUukN8HR3ZdiO7JK3sWO', NULL, NULL, NULL, NULL, NULL, NULL, NULL, NULL, NULL, 'Slf8VEzXuZ', NULL, NULL, NULL, '2024-12-12 23:17:24', '2024-12-12 23:17:24'),
(1034, 'Talon Tillman III', 'micaela12@example.com', '2024-12-12 23:17:24', '$2y$12$7Gn.4Esn.9T7RFeqBBvQCuy7Fg84CcsMkKUukN8HR3ZdiO7JK3sWO', NULL, NULL, NULL, NULL, NULL, NULL, NULL, NULL, NULL, 'Yq6X0poCYD', NULL, NULL, NULL, '2024-12-12 23:17:24', '2024-12-12 23:17:24'),
(1035, 'Cale Gleason', 'destany94@example.org', '2024-12-12 23:17:24', '$2y$12$7Gn.4Esn.9T7RFeqBBvQCuy7Fg84CcsMkKUukN8HR3ZdiO7JK3sWO', NULL, NULL, NULL, NULL, NULL, NULL, NULL, NULL, NULL, 'kvKaQhrX48', NULL, NULL, NULL, '2024-12-12 23:17:24', '2024-12-12 23:17:24'),
(1036, 'Gabrielle Upton', 'kavon.gusikowski@example.com', '2024-12-12 23:17:24', '$2y$12$7Gn.4Esn.9T7RFeqBBvQCuy7Fg84CcsMkKUukN8HR3ZdiO7JK3sWO', NULL, NULL, NULL, NULL, NULL, NULL, NULL, NULL, NULL, 'jjDeYwdG2c', NULL, NULL, NULL, '2024-12-12 23:17:24', '2024-12-12 23:17:24'),
(1037, 'Willard Treutel PhD', 'dennis.legros@example.org', '2024-12-12 23:17:24', '$2y$12$7Gn.4Esn.9T7RFeqBBvQCuy7Fg84CcsMkKUukN8HR3ZdiO7JK3sWO', NULL, NULL, NULL, NULL, NULL, NULL, NULL, NULL, NULL, 'D7kweq4LA8', NULL, NULL, NULL, '2024-12-12 23:17:24', '2024-12-12 23:17:24'),
(1038, 'Jarvis Hill', 'lucienne51@example.org', '2024-12-12 23:17:24', '$2y$12$7Gn.4Esn.9T7RFeqBBvQCuy7Fg84CcsMkKUukN8HR3ZdiO7JK3sWO', NULL, NULL, NULL, NULL, NULL, NULL, NULL, NULL, NULL, 'ZQh3asO8lS', NULL, NULL, NULL, '2024-12-12 23:17:24', '2024-12-12 23:17:24'),
(1039, 'Brooklyn Bauch II', 'camille67@example.com', '2024-12-12 23:17:24', '$2y$12$7Gn.4Esn.9T7RFeqBBvQCuy7Fg84CcsMkKUukN8HR3ZdiO7JK3sWO', NULL, NULL, NULL, NULL, NULL, NULL, NULL, NULL, NULL, 'T5ugg8wKXK', NULL, NULL, NULL, '2024-12-12 23:17:24', '2024-12-12 23:17:24'),
(1040, 'Prof. Ova Purdy', 'oschmitt@example.net', '2024-12-12 23:17:24', '$2y$12$7Gn.4Esn.9T7RFeqBBvQCuy7Fg84CcsMkKUukN8HR3ZdiO7JK3sWO', NULL, NULL, NULL, NULL, NULL, NULL, NULL, NULL, NULL, 'oAXvfnxzTJ', NULL, NULL, NULL, '2024-12-12 23:17:24', '2024-12-12 23:17:24'),
(1041, 'Ms. Nova Reichel', 'jreichel@example.org', '2024-12-12 23:17:24', '$2y$12$7Gn.4Esn.9T7RFeqBBvQCuy7Fg84CcsMkKUukN8HR3ZdiO7JK3sWO', NULL, NULL, NULL, NULL, NULL, NULL, NULL, NULL, NULL, 'MUdkXDiycY', NULL, NULL, NULL, '2024-12-12 23:17:24', '2024-12-12 23:17:24');

--
-- Indexes for dumped tables
--

--
-- Indexes for table `buildings`
--
ALTER TABLE `buildings`
  ADD PRIMARY KEY (`id`);

--
-- Indexes for table `building_rooms`
--
ALTER TABLE `building_rooms`
  ADD PRIMARY KEY (`id`),
  ADD KEY `building_rooms_building_id_foreign` (`building_id`),
  ADD KEY `building_rooms_room_id_foreign` (`room_id`);

--
-- Indexes for table `cache`
--
ALTER TABLE `cache`
  ADD PRIMARY KEY (`key`);

--
-- Indexes for table `cache_locks`
--
ALTER TABLE `cache_locks`
  ADD PRIMARY KEY (`key`);

--
-- Indexes for table `departments`
--
ALTER TABLE `departments`
  ADD PRIMARY KEY (`id`);

--
-- Indexes for table `department_students`
--
ALTER TABLE `department_students`
  ADD PRIMARY KEY (`id`),
  ADD KEY `department_students_department_id_foreign` (`department_id`),
  ADD KEY `department_students_student_id_foreign` (`student_id`);

--
-- Indexes for table `department_teachers`
--
ALTER TABLE `department_teachers`
  ADD PRIMARY KEY (`id`),
  ADD KEY `department_teachers_department_id_foreign` (`department_id`),
  ADD KEY `department_teachers_teacher_id_foreign` (`teacher_id`);

--
-- Indexes for table `evaluations`
--
ALTER TABLE `evaluations`
  ADD PRIMARY KEY (`id`);

--
-- Indexes for table `evaluation_responses`
--
ALTER TABLE `evaluation_responses`
  ADD PRIMARY KEY (`id`),
  ADD KEY `evaluation_responses_evaluation_id_foreign` (`evaluation_id`),
  ADD KEY `evaluation_responses_room_section_id_foreign` (`room_section_id`),
  ADD KEY `evaluation_responses_student_id_foreign` (`student_id`);

--
-- Indexes for table `failed_jobs`
--
ALTER TABLE `failed_jobs`
  ADD PRIMARY KEY (`id`),
  ADD UNIQUE KEY `failed_jobs_uuid_unique` (`uuid`);

--
-- Indexes for table `jobs`
--
ALTER TABLE `jobs`
  ADD PRIMARY KEY (`id`),
  ADD KEY `jobs_queue_index` (`queue`);

--
-- Indexes for table `job_batches`
--
ALTER TABLE `job_batches`
  ADD PRIMARY KEY (`id`);

--
-- Indexes for table `migrations`
--
ALTER TABLE `migrations`
  ADD PRIMARY KEY (`id`);

--
-- Indexes for table `model_has_permissions`
--
ALTER TABLE `model_has_permissions`
  ADD PRIMARY KEY (`permission_id`,`model_id`,`model_type`),
  ADD KEY `model_has_permissions_model_id_model_type_index` (`model_id`,`model_type`);

--
-- Indexes for table `model_has_roles`
--
ALTER TABLE `model_has_roles`
  ADD PRIMARY KEY (`role_id`,`model_id`,`model_type`),
  ADD KEY `model_has_roles_model_id_model_type_index` (`model_id`,`model_type`);

--
-- Indexes for table `notifications`
--
ALTER TABLE `notifications`
  ADD PRIMARY KEY (`id`),
  ADD KEY `notifications_notifiable_type_notifiable_id_index` (`notifiable_type`,`notifiable_id`);

--
-- Indexes for table `password_reset_tokens`
--
ALTER TABLE `password_reset_tokens`
  ADD PRIMARY KEY (`email`);

--
-- Indexes for table `permissions`
--
ALTER TABLE `permissions`
  ADD PRIMARY KEY (`id`),
  ADD UNIQUE KEY `permissions_name_guard_name_unique` (`name`,`guard_name`);

--
-- Indexes for table `personal_access_tokens`
--
ALTER TABLE `personal_access_tokens`
  ADD PRIMARY KEY (`id`),
  ADD UNIQUE KEY `personal_access_tokens_token_unique` (`token`),
  ADD KEY `personal_access_tokens_tokenable_type_tokenable_id_index` (`tokenable_type`,`tokenable_id`);

--
-- Indexes for table `phases`
--
ALTER TABLE `phases`
  ADD PRIMARY KEY (`id`),
  ADD KEY `phases_evaluation_id_foreign` (`evaluation_id`);

--
-- Indexes for table `questions`
--
ALTER TABLE `questions`
  ADD PRIMARY KEY (`id`),
  ADD KEY `questions_phase_id_foreign` (`phase_id`);

--
-- Indexes for table `question_responses`
--
ALTER TABLE `question_responses`
  ADD PRIMARY KEY (`id`),
  ADD KEY `question_responses_evaluation_response_id_foreign` (`evaluation_response_id`),
  ADD KEY `question_responses_question_id_foreign` (`question_id`),
  ADD KEY `question_responses_student_id_foreign` (`student_id`);

--
-- Indexes for table `roles`
--
ALTER TABLE `roles`
  ADD PRIMARY KEY (`id`),
  ADD UNIQUE KEY `roles_name_guard_name_unique` (`name`,`guard_name`);

--
-- Indexes for table `role_has_permissions`
--
ALTER TABLE `role_has_permissions`
  ADD PRIMARY KEY (`permission_id`,`role_id`),
  ADD KEY `role_has_permissions_role_id_foreign` (`role_id`);

--
-- Indexes for table `rooms`
--
ALTER TABLE `rooms`
  ADD PRIMARY KEY (`id`),
  ADD KEY `rooms_building_id_foreign` (`building_id`);

--
-- Indexes for table `room_sections`
--
ALTER TABLE `room_sections`
  ADD PRIMARY KEY (`id`),
  ADD KEY `room_sections_teacher_id_foreign` (`teacher_id`),
  ADD KEY `room_sections_room_id_foreign` (`room_id`),
  ADD KEY `room_sections_section_id_foreign` (`section_id`),
  ADD KEY `room_sections_subject_id_foreign` (`subject_id`),
  ADD KEY `room_sections_department_id_foreign` (`department_id`),
  ADD KEY `room_sections_evaluation_id_foreign` (`evaluation_id`);

--
-- Indexes for table `room_section_students`
--
ALTER TABLE `room_section_students`
  ADD PRIMARY KEY (`id`),
  ADD KEY `room_section_students_room_section_id_foreign` (`room_section_id`),
  ADD KEY `room_section_students_student_id_foreign` (`student_id`);

--
-- Indexes for table `sections`
--
ALTER TABLE `sections`
  ADD PRIMARY KEY (`id`);

--
-- Indexes for table `sessions`
--
ALTER TABLE `sessions`
  ADD PRIMARY KEY (`id`),
  ADD KEY `sessions_user_id_index` (`user_id`),
  ADD KEY `sessions_last_activity_index` (`last_activity`);

--
-- Indexes for table `student_grades`
--
ALTER TABLE `student_grades`
  ADD PRIMARY KEY (`id`),
  ADD KEY `student_grades_room_section_id_foreign` (`room_section_id`),
  ADD KEY `student_grades_student_id_foreign` (`student_id`);

--
-- Indexes for table `subjects`
--
ALTER TABLE `subjects`
  ADD PRIMARY KEY (`id`),
  ADD KEY `subjects_department_id_foreign` (`department_id`);

--
-- Indexes for table `users`
--
ALTER TABLE `users`
  ADD PRIMARY KEY (`id`),
  ADD UNIQUE KEY `users_email_unique` (`email`);

--
-- AUTO_INCREMENT for dumped tables
--

--
-- AUTO_INCREMENT for table `buildings`
--
ALTER TABLE `buildings`
  MODIFY `id` bigint(20) UNSIGNED NOT NULL AUTO_INCREMENT, AUTO_INCREMENT=102;

--
-- AUTO_INCREMENT for table `building_rooms`
--
ALTER TABLE `building_rooms`
  MODIFY `id` bigint(20) UNSIGNED NOT NULL AUTO_INCREMENT;

--
-- AUTO_INCREMENT for table `departments`
--
ALTER TABLE `departments`
  MODIFY `id` bigint(20) UNSIGNED NOT NULL AUTO_INCREMENT, AUTO_INCREMENT=14;

--
-- AUTO_INCREMENT for table `department_students`
--
ALTER TABLE `department_students`
  MODIFY `id` bigint(20) UNSIGNED NOT NULL AUTO_INCREMENT, AUTO_INCREMENT=25;

--
-- AUTO_INCREMENT for table `department_teachers`
--
ALTER TABLE `department_teachers`
  MODIFY `id` bigint(20) UNSIGNED NOT NULL AUTO_INCREMENT, AUTO_INCREMENT=25;

--
-- AUTO_INCREMENT for table `evaluations`
--
ALTER TABLE `evaluations`
  MODIFY `id` bigint(20) UNSIGNED NOT NULL AUTO_INCREMENT, AUTO_INCREMENT=21;

--
-- AUTO_INCREMENT for table `evaluation_responses`
--
ALTER TABLE `evaluation_responses`
  MODIFY `id` bigint(20) UNSIGNED NOT NULL AUTO_INCREMENT, AUTO_INCREMENT=16;

--
-- AUTO_INCREMENT for table `failed_jobs`
--
ALTER TABLE `failed_jobs`
  MODIFY `id` bigint(20) UNSIGNED NOT NULL AUTO_INCREMENT;

--
-- AUTO_INCREMENT for table `jobs`
--
ALTER TABLE `jobs`
  MODIFY `id` bigint(20) UNSIGNED NOT NULL AUTO_INCREMENT;

--
-- AUTO_INCREMENT for table `migrations`
--
ALTER TABLE `migrations`
  MODIFY `id` int(10) UNSIGNED NOT NULL AUTO_INCREMENT, AUTO_INCREMENT=25;

--
-- AUTO_INCREMENT for table `permissions`
--
ALTER TABLE `permissions`
  MODIFY `id` bigint(20) UNSIGNED NOT NULL AUTO_INCREMENT, AUTO_INCREMENT=52;

--
-- AUTO_INCREMENT for table `personal_access_tokens`
--
ALTER TABLE `personal_access_tokens`
  MODIFY `id` bigint(20) UNSIGNED NOT NULL AUTO_INCREMENT;

--
-- AUTO_INCREMENT for table `phases`
--
ALTER TABLE `phases`
  MODIFY `id` bigint(20) UNSIGNED NOT NULL AUTO_INCREMENT, AUTO_INCREMENT=13;

--
-- AUTO_INCREMENT for table `questions`
--
ALTER TABLE `questions`
  MODIFY `id` bigint(20) UNSIGNED NOT NULL AUTO_INCREMENT, AUTO_INCREMENT=34;

--
-- AUTO_INCREMENT for table `question_responses`
--
ALTER TABLE `question_responses`
  MODIFY `id` bigint(20) UNSIGNED NOT NULL AUTO_INCREMENT, AUTO_INCREMENT=20;

--
-- AUTO_INCREMENT for table `roles`
--
ALTER TABLE `roles`
  MODIFY `id` bigint(20) UNSIGNED NOT NULL AUTO_INCREMENT, AUTO_INCREMENT=5;

--
-- AUTO_INCREMENT for table `rooms`
--
ALTER TABLE `rooms`
  MODIFY `id` bigint(20) UNSIGNED NOT NULL AUTO_INCREMENT, AUTO_INCREMENT=103;

--
-- AUTO_INCREMENT for table `room_sections`
--
ALTER TABLE `room_sections`
  MODIFY `id` bigint(20) UNSIGNED NOT NULL AUTO_INCREMENT, AUTO_INCREMENT=102;

--
-- AUTO_INCREMENT for table `room_section_students`
--
ALTER TABLE `room_section_students`
  MODIFY `id` bigint(20) UNSIGNED NOT NULL AUTO_INCREMENT, AUTO_INCREMENT=502;

--
-- AUTO_INCREMENT for table `sections`
--
ALTER TABLE `sections`
  MODIFY `id` bigint(20) UNSIGNED NOT NULL AUTO_INCREMENT, AUTO_INCREMENT=52;

--
-- AUTO_INCREMENT for table `student_grades`
--
ALTER TABLE `student_grades`
  MODIFY `id` bigint(20) UNSIGNED NOT NULL AUTO_INCREMENT;

--
-- AUTO_INCREMENT for table `subjects`
--
ALTER TABLE `subjects`
  MODIFY `id` bigint(20) UNSIGNED NOT NULL AUTO_INCREMENT, AUTO_INCREMENT=72;

--
-- AUTO_INCREMENT for table `users`
--
ALTER TABLE `users`
  MODIFY `id` bigint(20) UNSIGNED NOT NULL AUTO_INCREMENT, AUTO_INCREMENT=1042;

--
-- Constraints for dumped tables
--

--
-- Constraints for table `building_rooms`
--
ALTER TABLE `building_rooms`
  ADD CONSTRAINT `building_rooms_building_id_foreign` FOREIGN KEY (`building_id`) REFERENCES `buildings` (`id`) ON DELETE CASCADE,
  ADD CONSTRAINT `building_rooms_room_id_foreign` FOREIGN KEY (`room_id`) REFERENCES `rooms` (`id`) ON DELETE CASCADE;

--
-- Constraints for table `department_students`
--
ALTER TABLE `department_students`
  ADD CONSTRAINT `department_students_department_id_foreign` FOREIGN KEY (`department_id`) REFERENCES `departments` (`id`),
  ADD CONSTRAINT `department_students_student_id_foreign` FOREIGN KEY (`student_id`) REFERENCES `users` (`id`);

--
-- Constraints for table `department_teachers`
--
ALTER TABLE `department_teachers`
  ADD CONSTRAINT `department_teachers_department_id_foreign` FOREIGN KEY (`department_id`) REFERENCES `departments` (`id`) ON DELETE CASCADE,
  ADD CONSTRAINT `department_teachers_teacher_id_foreign` FOREIGN KEY (`teacher_id`) REFERENCES `users` (`id`) ON DELETE CASCADE;

--
-- Constraints for table `evaluation_responses`
--
ALTER TABLE `evaluation_responses`
  ADD CONSTRAINT `evaluation_responses_evaluation_id_foreign` FOREIGN KEY (`evaluation_id`) REFERENCES `evaluations` (`id`) ON DELETE CASCADE,
  ADD CONSTRAINT `evaluation_responses_room_section_id_foreign` FOREIGN KEY (`room_section_id`) REFERENCES `room_sections` (`id`) ON DELETE CASCADE,
  ADD CONSTRAINT `evaluation_responses_student_id_foreign` FOREIGN KEY (`student_id`) REFERENCES `users` (`id`) ON DELETE CASCADE;

--
-- Constraints for table `model_has_permissions`
--
ALTER TABLE `model_has_permissions`
  ADD CONSTRAINT `model_has_permissions_permission_id_foreign` FOREIGN KEY (`permission_id`) REFERENCES `permissions` (`id`) ON DELETE CASCADE;

--
-- Constraints for table `model_has_roles`
--
ALTER TABLE `model_has_roles`
  ADD CONSTRAINT `model_has_roles_role_id_foreign` FOREIGN KEY (`role_id`) REFERENCES `roles` (`id`) ON DELETE CASCADE;

--
-- Constraints for table `phases`
--
ALTER TABLE `phases`
  ADD CONSTRAINT `phases_evaluation_id_foreign` FOREIGN KEY (`evaluation_id`) REFERENCES `evaluations` (`id`) ON DELETE CASCADE;

--
-- Constraints for table `questions`
--
ALTER TABLE `questions`
  ADD CONSTRAINT `questions_phase_id_foreign` FOREIGN KEY (`phase_id`) REFERENCES `phases` (`id`) ON DELETE CASCADE;

--
-- Constraints for table `question_responses`
--
ALTER TABLE `question_responses`
  ADD CONSTRAINT `question_responses_evaluation_response_id_foreign` FOREIGN KEY (`evaluation_response_id`) REFERENCES `evaluation_responses` (`id`) ON DELETE CASCADE,
  ADD CONSTRAINT `question_responses_question_id_foreign` FOREIGN KEY (`question_id`) REFERENCES `questions` (`id`) ON DELETE CASCADE,
  ADD CONSTRAINT `question_responses_student_id_foreign` FOREIGN KEY (`student_id`) REFERENCES `users` (`id`) ON DELETE CASCADE;

--
-- Constraints for table `role_has_permissions`
--
ALTER TABLE `role_has_permissions`
  ADD CONSTRAINT `role_has_permissions_permission_id_foreign` FOREIGN KEY (`permission_id`) REFERENCES `permissions` (`id`) ON DELETE CASCADE,
  ADD CONSTRAINT `role_has_permissions_role_id_foreign` FOREIGN KEY (`role_id`) REFERENCES `roles` (`id`) ON DELETE CASCADE;

--
-- Constraints for table `rooms`
--
ALTER TABLE `rooms`
  ADD CONSTRAINT `rooms_building_id_foreign` FOREIGN KEY (`building_id`) REFERENCES `buildings` (`id`) ON DELETE CASCADE;

--
-- Constraints for table `room_sections`
--
ALTER TABLE `room_sections`
  ADD CONSTRAINT `room_sections_department_id_foreign` FOREIGN KEY (`department_id`) REFERENCES `departments` (`id`) ON DELETE CASCADE,
  ADD CONSTRAINT `room_sections_evaluation_id_foreign` FOREIGN KEY (`evaluation_id`) REFERENCES `evaluations` (`id`) ON DELETE CASCADE,
  ADD CONSTRAINT `room_sections_room_id_foreign` FOREIGN KEY (`room_id`) REFERENCES `rooms` (`id`) ON DELETE CASCADE,
  ADD CONSTRAINT `room_sections_section_id_foreign` FOREIGN KEY (`section_id`) REFERENCES `sections` (`id`) ON DELETE CASCADE,
  ADD CONSTRAINT `room_sections_subject_id_foreign` FOREIGN KEY (`subject_id`) REFERENCES `subjects` (`id`) ON DELETE CASCADE,
  ADD CONSTRAINT `room_sections_teacher_id_foreign` FOREIGN KEY (`teacher_id`) REFERENCES `users` (`id`) ON DELETE CASCADE;

--
-- Constraints for table `room_section_students`
--
ALTER TABLE `room_section_students`
  ADD CONSTRAINT `room_section_students_room_section_id_foreign` FOREIGN KEY (`room_section_id`) REFERENCES `room_sections` (`id`) ON DELETE CASCADE,
  ADD CONSTRAINT `room_section_students_student_id_foreign` FOREIGN KEY (`student_id`) REFERENCES `users` (`id`) ON DELETE CASCADE;

--
-- Constraints for table `student_grades`
--
ALTER TABLE `student_grades`
  ADD CONSTRAINT `student_grades_room_section_id_foreign` FOREIGN KEY (`room_section_id`) REFERENCES `room_sections` (`id`) ON DELETE CASCADE,
  ADD CONSTRAINT `student_grades_student_id_foreign` FOREIGN KEY (`student_id`) REFERENCES `users` (`id`) ON DELETE CASCADE;

--
-- Constraints for table `subjects`
--
ALTER TABLE `subjects`
  ADD CONSTRAINT `subjects_department_id_foreign` FOREIGN KEY (`department_id`) REFERENCES `departments` (`id`) ON DELETE CASCADE;
COMMIT;

/*!40101 SET CHARACTER_SET_CLIENT=@OLD_CHARACTER_SET_CLIENT */;
/*!40101 SET CHARACTER_SET_RESULTS=@OLD_CHARACTER_SET_RESULTS */;
/*!40101 SET COLLATION_CONNECTION=@OLD_COLLATION_CONNECTION */;
